[2024-07-30 08:36:31] local.ERROR: Call to undefined method App\Providers\AppServiceProvider::environment() {"exception":"[object] (Error(code: 0): Call to undefined method App\\Providers\\AppServiceProvider::environment() at C:\\laragon\\www\\lprosarc2\\app\\Providers\\AppServiceProvider.php:30)
[stacktrace]
#0 C:\\laragon\\www\\lprosarc2\\vendor\\laravel\\framework\\src\\Illuminate\\Foundation\\Application.php(682): App\\Providers\\AppServiceProvider->register()
#1 C:\\laragon\\www\\lprosarc2\\vendor\\laravel\\framework\\src\\Illuminate\\Foundation\\ProviderRepository.php(75): Illuminate\\Foundation\\Application->register(Object(App\\Providers\\AppServiceProvider))
#2 C:\\laragon\\www\\lprosarc2\\vendor\\laravel\\framework\\src\\Illuminate\\Foundation\\Application.php(659): Illuminate\\Foundation\\ProviderRepository->load(Array)
#3 C:\\laragon\\www\\lprosarc2\\vendor\\laravel\\framework\\src\\Illuminate\\Foundation\\Bootstrap\\RegisterProviders.php(17): Illuminate\\Foundation\\Application->registerConfiguredProviders()
#4 C:\\laragon\\www\\lprosarc2\\vendor\\laravel\\framework\\src\\Illuminate\\Foundation\\Application.php(237): Illuminate\\Foundation\\Bootstrap\\RegisterProviders->bootstrap(Object(Illuminate\\Foundation\\Application))
#5 C:\\laragon\\www\\lprosarc2\\vendor\\laravel\\framework\\src\\Illuminate\\Foundation\\Http\\Kernel.php(153): Illuminate\\Foundation\\Application->bootstrapWith(Array)
#6 C:\\laragon\\www\\lprosarc2\\vendor\\laravel\\framework\\src\\Illuminate\\Foundation\\Http\\Kernel.php(137): Illuminate\\Foundation\\Http\\Kernel->bootstrap()
#7 C:\\laragon\\www\\lprosarc2\\vendor\\laravel\\framework\\src\\Illuminate\\Foundation\\Http\\Kernel.php(111): Illuminate\\Foundation\\Http\\Kernel->sendRequestThroughRouter(Object(Illuminate\\Http\\Request))
#8 C:\\laragon\\www\\lprosarc2\\public\\index.php(55): Illuminate\\Foundation\\Http\\Kernel->handle(Object(Illuminate\\Http\\Request))
#9 {main}
"} 
[2024-07-30 09:00:02] local.ERROR: Cannot declare class CreateFailedJobsTable, because the name is already in use {"exception":"[object] (Symfony\\Component\\ErrorHandler\\Error\\FatalError(code: 0): Cannot declare class CreateFailedJobsTable, because the name is already in use at C:\\laragon\\www\\lprosarc2\\database\\migrations\\2020_02_14_073916_create_failed_jobs_table.php:7)
[stacktrace]
#0 {main}
"} 
[2024-07-30 09:02:26] local.ERROR: Cannot declare class CreateFailedJobsTable, because the name is already in use {"exception":"[object] (Symfony\\Component\\ErrorHandler\\Error\\FatalError(code: 0): Cannot declare class CreateFailedJobsTable, because the name is already in use at C:\\laragon\\www\\lprosarc2\\database\\migrations\\2020_02_14_073916_create_failed_jobs_table.php:7)
[stacktrace]
#0 {main}
"} 
[2024-07-30 09:07:34] local.ERROR: SQLSTATE[42S01]: Base table or view already exists: 1050 Table 'failed_jobs' already exists (SQL: create table `failed_jobs` (`id` bigint unsigned not null auto_increment primary key, `uuid` varchar(255) not null, `connection` text not null, `queue` text not null, `payload` longtext not null, `exception` longtext not null, `failed_at` timestamp default CURRENT_TIMESTAMP not null) default character set utf8mb4 collate 'utf8mb4_unicode_ci') {"exception":"[object] (Illuminate\\Database\\QueryException(code: 42S01): SQLSTATE[42S01]: Base table or view already exists: 1050 Table 'failed_jobs' already exists (SQL: create table `failed_jobs` (`id` bigint unsigned not null auto_increment primary key, `uuid` varchar(255) not null, `connection` text not null, `queue` text not null, `payload` longtext not null, `exception` longtext not null, `failed_at` timestamp default CURRENT_TIMESTAMP not null) default character set utf8mb4 collate 'utf8mb4_unicode_ci') at C:\\laragon\\www\\lprosarc2\\vendor\\laravel\\framework\\src\\Illuminate\\Database\\Connection.php:712)
[stacktrace]
#0 C:\\laragon\\www\\lprosarc2\\vendor\\laravel\\framework\\src\\Illuminate\\Database\\Connection.php(672): Illuminate\\Database\\Connection->runQueryCallback('create table `f...', Array, Object(Closure))
#1 C:\\laragon\\www\\lprosarc2\\vendor\\laravel\\framework\\src\\Illuminate\\Database\\Connection.php(502): Illuminate\\Database\\Connection->run('create table `f...', Array, Object(Closure))
#2 C:\\laragon\\www\\lprosarc2\\vendor\\laravel\\framework\\src\\Illuminate\\Database\\Schema\\Blueprint.php(109): Illuminate\\Database\\Connection->statement('create table `f...')
#3 C:\\laragon\\www\\lprosarc2\\vendor\\laravel\\framework\\src\\Illuminate\\Database\\Schema\\Builder.php(364): Illuminate\\Database\\Schema\\Blueprint->build(Object(Illuminate\\Database\\MySqlConnection), Object(Illuminate\\Database\\Schema\\Grammars\\MySqlGrammar))
#4 C:\\laragon\\www\\lprosarc2\\vendor\\laravel\\framework\\src\\Illuminate\\Database\\Schema\\Builder.php(227): Illuminate\\Database\\Schema\\Builder->build(Object(Illuminate\\Database\\Schema\\Blueprint))
#5 C:\\laragon\\www\\lprosarc2\\vendor\\laravel\\framework\\src\\Illuminate\\Support\\Facades\\Facade.php(261): Illuminate\\Database\\Schema\\Builder->create('failed_jobs', Object(Closure))
#6 C:\\laragon\\www\\lprosarc2\\database\\migrations\\2019_08_19_000000_create_failed_jobs_table.php(24): Illuminate\\Support\\Facades\\Facade::__callStatic('create', Array)
#7 C:\\laragon\\www\\lprosarc2\\vendor\\laravel\\framework\\src\\Illuminate\\Database\\Migrations\\Migrator.php(472): CreateFailedJobsTable->up()
#8 C:\\laragon\\www\\lprosarc2\\vendor\\laravel\\framework\\src\\Illuminate\\Database\\Migrations\\Migrator.php(394): Illuminate\\Database\\Migrations\\Migrator->runMethod(Object(Illuminate\\Database\\MySqlConnection), Object(CreateFailedJobsTable), 'up')
#9 C:\\laragon\\www\\lprosarc2\\vendor\\laravel\\framework\\src\\Illuminate\\Database\\Migrations\\Migrator.php(403): Illuminate\\Database\\Migrations\\Migrator->Illuminate\\Database\\Migrations\\{closure}()
#10 C:\\laragon\\www\\lprosarc2\\vendor\\laravel\\framework\\src\\Illuminate\\Database\\Migrations\\Migrator.php(202): Illuminate\\Database\\Migrations\\Migrator->runMigration(Object(CreateFailedJobsTable), 'up')
#11 C:\\laragon\\www\\lprosarc2\\vendor\\laravel\\framework\\src\\Illuminate\\Database\\Migrations\\Migrator.php(167): Illuminate\\Database\\Migrations\\Migrator->runUp('C:\\\\laragon\\\\www\\\\...', 19, false)
#12 C:\\laragon\\www\\lprosarc2\\vendor\\laravel\\framework\\src\\Illuminate\\Database\\Migrations\\Migrator.php(112): Illuminate\\Database\\Migrations\\Migrator->runPending(Array, Array)
#13 C:\\laragon\\www\\lprosarc2\\vendor\\laravel\\framework\\src\\Illuminate\\Database\\Console\\Migrations\\MigrateCommand.php(86): Illuminate\\Database\\Migrations\\Migrator->run(Array, Array)
#14 C:\\laragon\\www\\lprosarc2\\vendor\\laravel\\framework\\src\\Illuminate\\Database\\Migrations\\Migrator.php(606): Illuminate\\Database\\Console\\Migrations\\MigrateCommand->Illuminate\\Database\\Console\\Migrations\\{closure}()
#15 C:\\laragon\\www\\lprosarc2\\vendor\\laravel\\framework\\src\\Illuminate\\Database\\Console\\Migrations\\MigrateCommand.php(98): Illuminate\\Database\\Migrations\\Migrator->usingConnection(NULL, Object(Closure))
#16 C:\\laragon\\www\\lprosarc2\\vendor\\laravel\\framework\\src\\Illuminate\\Container\\BoundMethod.php(36): Illuminate\\Database\\Console\\Migrations\\MigrateCommand->handle()
#17 C:\\laragon\\www\\lprosarc2\\vendor\\laravel\\framework\\src\\Illuminate\\Container\\Util.php(40): Illuminate\\Container\\BoundMethod::Illuminate\\Container\\{closure}()
#18 C:\\laragon\\www\\lprosarc2\\vendor\\laravel\\framework\\src\\Illuminate\\Container\\BoundMethod.php(93): Illuminate\\Container\\Util::unwrapIfClosure(Object(Closure))
#19 C:\\laragon\\www\\lprosarc2\\vendor\\laravel\\framework\\src\\Illuminate\\Container\\BoundMethod.php(37): Illuminate\\Container\\BoundMethod::callBoundMethod(Object(Illuminate\\Foundation\\Application), Array, Object(Closure))
#20 C:\\laragon\\www\\lprosarc2\\vendor\\laravel\\framework\\src\\Illuminate\\Container\\Container.php(653): Illuminate\\Container\\BoundMethod::call(Object(Illuminate\\Foundation\\Application), Array, Array, NULL)
#21 C:\\laragon\\www\\lprosarc2\\vendor\\laravel\\framework\\src\\Illuminate\\Console\\Command.php(136): Illuminate\\Container\\Container->call(Array)
#22 C:\\laragon\\www\\lprosarc2\\vendor\\symfony\\console\\Command\\Command.php(298): Illuminate\\Console\\Command->execute(Object(Symfony\\Component\\Console\\Input\\ArgvInput), Object(Illuminate\\Console\\OutputStyle))
#23 C:\\laragon\\www\\lprosarc2\\vendor\\laravel\\framework\\src\\Illuminate\\Console\\Command.php(121): Symfony\\Component\\Console\\Command\\Command->run(Object(Symfony\\Component\\Console\\Input\\ArgvInput), Object(Illuminate\\Console\\OutputStyle))
#24 C:\\laragon\\www\\lprosarc2\\vendor\\symfony\\console\\Application.php(1040): Illuminate\\Console\\Command->run(Object(Symfony\\Component\\Console\\Input\\ArgvInput), Object(Symfony\\Component\\Console\\Output\\ConsoleOutput))
#25 C:\\laragon\\www\\lprosarc2\\vendor\\symfony\\console\\Application.php(301): Symfony\\Component\\Console\\Application->doRunCommand(Object(Illuminate\\Database\\Console\\Migrations\\MigrateCommand), Object(Symfony\\Component\\Console\\Input\\ArgvInput), Object(Symfony\\Component\\Console\\Output\\ConsoleOutput))
#26 C:\\laragon\\www\\lprosarc2\\vendor\\symfony\\console\\Application.php(171): Symfony\\Component\\Console\\Application->doRun(Object(Symfony\\Component\\Console\\Input\\ArgvInput), Object(Symfony\\Component\\Console\\Output\\ConsoleOutput))
#27 C:\\laragon\\www\\lprosarc2\\vendor\\laravel\\framework\\src\\Illuminate\\Console\\Application.php(94): Symfony\\Component\\Console\\Application->run(Object(Symfony\\Component\\Console\\Input\\ArgvInput), Object(Symfony\\Component\\Console\\Output\\ConsoleOutput))
#28 C:\\laragon\\www\\lprosarc2\\vendor\\laravel\\framework\\src\\Illuminate\\Foundation\\Console\\Kernel.php(129): Illuminate\\Console\\Application->run(Object(Symfony\\Component\\Console\\Input\\ArgvInput), Object(Symfony\\Component\\Console\\Output\\ConsoleOutput))
#29 C:\\laragon\\www\\lprosarc2\\artisan(37): Illuminate\\Foundation\\Console\\Kernel->handle(Object(Symfony\\Component\\Console\\Input\\ArgvInput), Object(Symfony\\Component\\Console\\Output\\ConsoleOutput))
#30 {main}

[previous exception] [object] (Doctrine\\DBAL\\Driver\\PDO\\Exception(code: 42S01): SQLSTATE[42S01]: Base table or view already exists: 1050 Table 'failed_jobs' already exists at C:\\laragon\\www\\lprosarc2\\vendor\\doctrine\\dbal\\lib\\Doctrine\\DBAL\\Driver\\PDO\\Exception.php:18)
[stacktrace]
#0 C:\\laragon\\www\\lprosarc2\\vendor\\doctrine\\dbal\\lib\\Doctrine\\DBAL\\Driver\\PDOStatement.php(119): Doctrine\\DBAL\\Driver\\PDO\\Exception::new(Object(PDOException))
#1 C:\\laragon\\www\\lprosarc2\\vendor\\laravel\\framework\\src\\Illuminate\\Database\\Connection.php(501): Doctrine\\DBAL\\Driver\\PDOStatement->execute()
#2 C:\\laragon\\www\\lprosarc2\\vendor\\laravel\\framework\\src\\Illuminate\\Database\\Connection.php(705): Illuminate\\Database\\Connection->Illuminate\\Database\\{closure}('create table `f...', Array)
#3 C:\\laragon\\www\\lprosarc2\\vendor\\laravel\\framework\\src\\Illuminate\\Database\\Connection.php(672): Illuminate\\Database\\Connection->runQueryCallback('create table `f...', Array, Object(Closure))
#4 C:\\laragon\\www\\lprosarc2\\vendor\\laravel\\framework\\src\\Illuminate\\Database\\Connection.php(502): Illuminate\\Database\\Connection->run('create table `f...', Array, Object(Closure))
#5 C:\\laragon\\www\\lprosarc2\\vendor\\laravel\\framework\\src\\Illuminate\\Database\\Schema\\Blueprint.php(109): Illuminate\\Database\\Connection->statement('create table `f...')
#6 C:\\laragon\\www\\lprosarc2\\vendor\\laravel\\framework\\src\\Illuminate\\Database\\Schema\\Builder.php(364): Illuminate\\Database\\Schema\\Blueprint->build(Object(Illuminate\\Database\\MySqlConnection), Object(Illuminate\\Database\\Schema\\Grammars\\MySqlGrammar))
#7 C:\\laragon\\www\\lprosarc2\\vendor\\laravel\\framework\\src\\Illuminate\\Database\\Schema\\Builder.php(227): Illuminate\\Database\\Schema\\Builder->build(Object(Illuminate\\Database\\Schema\\Blueprint))
#8 C:\\laragon\\www\\lprosarc2\\vendor\\laravel\\framework\\src\\Illuminate\\Support\\Facades\\Facade.php(261): Illuminate\\Database\\Schema\\Builder->create('failed_jobs', Object(Closure))
#9 C:\\laragon\\www\\lprosarc2\\database\\migrations\\2019_08_19_000000_create_failed_jobs_table.php(24): Illuminate\\Support\\Facades\\Facade::__callStatic('create', Array)
#10 C:\\laragon\\www\\lprosarc2\\vendor\\laravel\\framework\\src\\Illuminate\\Database\\Migrations\\Migrator.php(472): CreateFailedJobsTable->up()
#11 C:\\laragon\\www\\lprosarc2\\vendor\\laravel\\framework\\src\\Illuminate\\Database\\Migrations\\Migrator.php(394): Illuminate\\Database\\Migrations\\Migrator->runMethod(Object(Illuminate\\Database\\MySqlConnection), Object(CreateFailedJobsTable), 'up')
#12 C:\\laragon\\www\\lprosarc2\\vendor\\laravel\\framework\\src\\Illuminate\\Database\\Migrations\\Migrator.php(403): Illuminate\\Database\\Migrations\\Migrator->Illuminate\\Database\\Migrations\\{closure}()
#13 C:\\laragon\\www\\lprosarc2\\vendor\\laravel\\framework\\src\\Illuminate\\Database\\Migrations\\Migrator.php(202): Illuminate\\Database\\Migrations\\Migrator->runMigration(Object(CreateFailedJobsTable), 'up')
#14 C:\\laragon\\www\\lprosarc2\\vendor\\laravel\\framework\\src\\Illuminate\\Database\\Migrations\\Migrator.php(167): Illuminate\\Database\\Migrations\\Migrator->runUp('C:\\\\laragon\\\\www\\\\...', 19, false)
#15 C:\\laragon\\www\\lprosarc2\\vendor\\laravel\\framework\\src\\Illuminate\\Database\\Migrations\\Migrator.php(112): Illuminate\\Database\\Migrations\\Migrator->runPending(Array, Array)
#16 C:\\laragon\\www\\lprosarc2\\vendor\\laravel\\framework\\src\\Illuminate\\Database\\Console\\Migrations\\MigrateCommand.php(86): Illuminate\\Database\\Migrations\\Migrator->run(Array, Array)
#17 C:\\laragon\\www\\lprosarc2\\vendor\\laravel\\framework\\src\\Illuminate\\Database\\Migrations\\Migrator.php(606): Illuminate\\Database\\Console\\Migrations\\MigrateCommand->Illuminate\\Database\\Console\\Migrations\\{closure}()
#18 C:\\laragon\\www\\lprosarc2\\vendor\\laravel\\framework\\src\\Illuminate\\Database\\Console\\Migrations\\MigrateCommand.php(98): Illuminate\\Database\\Migrations\\Migrator->usingConnection(NULL, Object(Closure))
#19 C:\\laragon\\www\\lprosarc2\\vendor\\laravel\\framework\\src\\Illuminate\\Container\\BoundMethod.php(36): Illuminate\\Database\\Console\\Migrations\\MigrateCommand->handle()
#20 C:\\laragon\\www\\lprosarc2\\vendor\\laravel\\framework\\src\\Illuminate\\Container\\Util.php(40): Illuminate\\Container\\BoundMethod::Illuminate\\Container\\{closure}()
#21 C:\\laragon\\www\\lprosarc2\\vendor\\laravel\\framework\\src\\Illuminate\\Container\\BoundMethod.php(93): Illuminate\\Container\\Util::unwrapIfClosure(Object(Closure))
#22 C:\\laragon\\www\\lprosarc2\\vendor\\laravel\\framework\\src\\Illuminate\\Container\\BoundMethod.php(37): Illuminate\\Container\\BoundMethod::callBoundMethod(Object(Illuminate\\Foundation\\Application), Array, Object(Closure))
#23 C:\\laragon\\www\\lprosarc2\\vendor\\laravel\\framework\\src\\Illuminate\\Container\\Container.php(653): Illuminate\\Container\\BoundMethod::call(Object(Illuminate\\Foundation\\Application), Array, Array, NULL)
#24 C:\\laragon\\www\\lprosarc2\\vendor\\laravel\\framework\\src\\Illuminate\\Console\\Command.php(136): Illuminate\\Container\\Container->call(Array)
#25 C:\\laragon\\www\\lprosarc2\\vendor\\symfony\\console\\Command\\Command.php(298): Illuminate\\Console\\Command->execute(Object(Symfony\\Component\\Console\\Input\\ArgvInput), Object(Illuminate\\Console\\OutputStyle))
#26 C:\\laragon\\www\\lprosarc2\\vendor\\laravel\\framework\\src\\Illuminate\\Console\\Command.php(121): Symfony\\Component\\Console\\Command\\Command->run(Object(Symfony\\Component\\Console\\Input\\ArgvInput), Object(Illuminate\\Console\\OutputStyle))
#27 C:\\laragon\\www\\lprosarc2\\vendor\\symfony\\console\\Application.php(1040): Illuminate\\Console\\Command->run(Object(Symfony\\Component\\Console\\Input\\ArgvInput), Object(Symfony\\Component\\Console\\Output\\ConsoleOutput))
#28 C:\\laragon\\www\\lprosarc2\\vendor\\symfony\\console\\Application.php(301): Symfony\\Component\\Console\\Application->doRunCommand(Object(Illuminate\\Database\\Console\\Migrations\\MigrateCommand), Object(Symfony\\Component\\Console\\Input\\ArgvInput), Object(Symfony\\Component\\Console\\Output\\ConsoleOutput))
#29 C:\\laragon\\www\\lprosarc2\\vendor\\symfony\\console\\Application.php(171): Symfony\\Component\\Console\\Application->doRun(Object(Symfony\\Component\\Console\\Input\\ArgvInput), Object(Symfony\\Component\\Console\\Output\\ConsoleOutput))
#30 C:\\laragon\\www\\lprosarc2\\vendor\\laravel\\framework\\src\\Illuminate\\Console\\Application.php(94): Symfony\\Component\\Console\\Application->run(Object(Symfony\\Component\\Console\\Input\\ArgvInput), Object(Symfony\\Component\\Console\\Output\\ConsoleOutput))
#31 C:\\laragon\\www\\lprosarc2\\vendor\\laravel\\framework\\src\\Illuminate\\Foundation\\Console\\Kernel.php(129): Illuminate\\Console\\Application->run(Object(Symfony\\Component\\Console\\Input\\ArgvInput), Object(Symfony\\Component\\Console\\Output\\ConsoleOutput))
#32 C:\\laragon\\www\\lprosarc2\\artisan(37): Illuminate\\Foundation\\Console\\Kernel->handle(Object(Symfony\\Component\\Console\\Input\\ArgvInput), Object(Symfony\\Component\\Console\\Output\\ConsoleOutput))
#33 {main}

[previous exception] [object] (PDOException(code: 42S01): SQLSTATE[42S01]: Base table or view already exists: 1050 Table 'failed_jobs' already exists at C:\\laragon\\www\\lprosarc2\\vendor\\doctrine\\dbal\\lib\\Doctrine\\DBAL\\Driver\\PDOStatement.php:117)
[stacktrace]
#0 C:\\laragon\\www\\lprosarc2\\vendor\\doctrine\\dbal\\lib\\Doctrine\\DBAL\\Driver\\PDOStatement.php(117): PDOStatement->execute(NULL)
#1 C:\\laragon\\www\\lprosarc2\\vendor\\laravel\\framework\\src\\Illuminate\\Database\\Connection.php(501): Doctrine\\DBAL\\Driver\\PDOStatement->execute()
#2 C:\\laragon\\www\\lprosarc2\\vendor\\laravel\\framework\\src\\Illuminate\\Database\\Connection.php(705): Illuminate\\Database\\Connection->Illuminate\\Database\\{closure}('create table `f...', Array)
#3 C:\\laragon\\www\\lprosarc2\\vendor\\laravel\\framework\\src\\Illuminate\\Database\\Connection.php(672): Illuminate\\Database\\Connection->runQueryCallback('create table `f...', Array, Object(Closure))
#4 C:\\laragon\\www\\lprosarc2\\vendor\\laravel\\framework\\src\\Illuminate\\Database\\Connection.php(502): Illuminate\\Database\\Connection->run('create table `f...', Array, Object(Closure))
#5 C:\\laragon\\www\\lprosarc2\\vendor\\laravel\\framework\\src\\Illuminate\\Database\\Schema\\Blueprint.php(109): Illuminate\\Database\\Connection->statement('create table `f...')
#6 C:\\laragon\\www\\lprosarc2\\vendor\\laravel\\framework\\src\\Illuminate\\Database\\Schema\\Builder.php(364): Illuminate\\Database\\Schema\\Blueprint->build(Object(Illuminate\\Database\\MySqlConnection), Object(Illuminate\\Database\\Schema\\Grammars\\MySqlGrammar))
#7 C:\\laragon\\www\\lprosarc2\\vendor\\laravel\\framework\\src\\Illuminate\\Database\\Schema\\Builder.php(227): Illuminate\\Database\\Schema\\Builder->build(Object(Illuminate\\Database\\Schema\\Blueprint))
#8 C:\\laragon\\www\\lprosarc2\\vendor\\laravel\\framework\\src\\Illuminate\\Support\\Facades\\Facade.php(261): Illuminate\\Database\\Schema\\Builder->create('failed_jobs', Object(Closure))
#9 C:\\laragon\\www\\lprosarc2\\database\\migrations\\2019_08_19_000000_create_failed_jobs_table.php(24): Illuminate\\Support\\Facades\\Facade::__callStatic('create', Array)
#10 C:\\laragon\\www\\lprosarc2\\vendor\\laravel\\framework\\src\\Illuminate\\Database\\Migrations\\Migrator.php(472): CreateFailedJobsTable->up()
#11 C:\\laragon\\www\\lprosarc2\\vendor\\laravel\\framework\\src\\Illuminate\\Database\\Migrations\\Migrator.php(394): Illuminate\\Database\\Migrations\\Migrator->runMethod(Object(Illuminate\\Database\\MySqlConnection), Object(CreateFailedJobsTable), 'up')
#12 C:\\laragon\\www\\lprosarc2\\vendor\\laravel\\framework\\src\\Illuminate\\Database\\Migrations\\Migrator.php(403): Illuminate\\Database\\Migrations\\Migrator->Illuminate\\Database\\Migrations\\{closure}()
#13 C:\\laragon\\www\\lprosarc2\\vendor\\laravel\\framework\\src\\Illuminate\\Database\\Migrations\\Migrator.php(202): Illuminate\\Database\\Migrations\\Migrator->runMigration(Object(CreateFailedJobsTable), 'up')
#14 C:\\laragon\\www\\lprosarc2\\vendor\\laravel\\framework\\src\\Illuminate\\Database\\Migrations\\Migrator.php(167): Illuminate\\Database\\Migrations\\Migrator->runUp('C:\\\\laragon\\\\www\\\\...', 19, false)
#15 C:\\laragon\\www\\lprosarc2\\vendor\\laravel\\framework\\src\\Illuminate\\Database\\Migrations\\Migrator.php(112): Illuminate\\Database\\Migrations\\Migrator->runPending(Array, Array)
#16 C:\\laragon\\www\\lprosarc2\\vendor\\laravel\\framework\\src\\Illuminate\\Database\\Console\\Migrations\\MigrateCommand.php(86): Illuminate\\Database\\Migrations\\Migrator->run(Array, Array)
#17 C:\\laragon\\www\\lprosarc2\\vendor\\laravel\\framework\\src\\Illuminate\\Database\\Migrations\\Migrator.php(606): Illuminate\\Database\\Console\\Migrations\\MigrateCommand->Illuminate\\Database\\Console\\Migrations\\{closure}()
#18 C:\\laragon\\www\\lprosarc2\\vendor\\laravel\\framework\\src\\Illuminate\\Database\\Console\\Migrations\\MigrateCommand.php(98): Illuminate\\Database\\Migrations\\Migrator->usingConnection(NULL, Object(Closure))
#19 C:\\laragon\\www\\lprosarc2\\vendor\\laravel\\framework\\src\\Illuminate\\Container\\BoundMethod.php(36): Illuminate\\Database\\Console\\Migrations\\MigrateCommand->handle()
#20 C:\\laragon\\www\\lprosarc2\\vendor\\laravel\\framework\\src\\Illuminate\\Container\\Util.php(40): Illuminate\\Container\\BoundMethod::Illuminate\\Container\\{closure}()
#21 C:\\laragon\\www\\lprosarc2\\vendor\\laravel\\framework\\src\\Illuminate\\Container\\BoundMethod.php(93): Illuminate\\Container\\Util::unwrapIfClosure(Object(Closure))
#22 C:\\laragon\\www\\lprosarc2\\vendor\\laravel\\framework\\src\\Illuminate\\Container\\BoundMethod.php(37): Illuminate\\Container\\BoundMethod::callBoundMethod(Object(Illuminate\\Foundation\\Application), Array, Object(Closure))
#23 C:\\laragon\\www\\lprosarc2\\vendor\\laravel\\framework\\src\\Illuminate\\Container\\Container.php(653): Illuminate\\Container\\BoundMethod::call(Object(Illuminate\\Foundation\\Application), Array, Array, NULL)
#24 C:\\laragon\\www\\lprosarc2\\vendor\\laravel\\framework\\src\\Illuminate\\Console\\Command.php(136): Illuminate\\Container\\Container->call(Array)
#25 C:\\laragon\\www\\lprosarc2\\vendor\\symfony\\console\\Command\\Command.php(298): Illuminate\\Console\\Command->execute(Object(Symfony\\Component\\Console\\Input\\ArgvInput), Object(Illuminate\\Console\\OutputStyle))
#26 C:\\laragon\\www\\lprosarc2\\vendor\\laravel\\framework\\src\\Illuminate\\Console\\Command.php(121): Symfony\\Component\\Console\\Command\\Command->run(Object(Symfony\\Component\\Console\\Input\\ArgvInput), Object(Illuminate\\Console\\OutputStyle))
#27 C:\\laragon\\www\\lprosarc2\\vendor\\symfony\\console\\Application.php(1040): Illuminate\\Console\\Command->run(Object(Symfony\\Component\\Console\\Input\\ArgvInput), Object(Symfony\\Component\\Console\\Output\\ConsoleOutput))
#28 C:\\laragon\\www\\lprosarc2\\vendor\\symfony\\console\\Application.php(301): Symfony\\Component\\Console\\Application->doRunCommand(Object(Illuminate\\Database\\Console\\Migrations\\MigrateCommand), Object(Symfony\\Component\\Console\\Input\\ArgvInput), Object(Symfony\\Component\\Console\\Output\\ConsoleOutput))
#29 C:\\laragon\\www\\lprosarc2\\vendor\\symfony\\console\\Application.php(171): Symfony\\Component\\Console\\Application->doRun(Object(Symfony\\Component\\Console\\Input\\ArgvInput), Object(Symfony\\Component\\Console\\Output\\ConsoleOutput))
#30 C:\\laragon\\www\\lprosarc2\\vendor\\laravel\\framework\\src\\Illuminate\\Console\\Application.php(94): Symfony\\Component\\Console\\Application->run(Object(Symfony\\Component\\Console\\Input\\ArgvInput), Object(Symfony\\Component\\Console\\Output\\ConsoleOutput))
#31 C:\\laragon\\www\\lprosarc2\\vendor\\laravel\\framework\\src\\Illuminate\\Foundation\\Console\\Kernel.php(129): Illuminate\\Console\\Application->run(Object(Symfony\\Component\\Console\\Input\\ArgvInput), Object(Symfony\\Component\\Console\\Output\\ConsoleOutput))
#32 C:\\laragon\\www\\lprosarc2\\artisan(37): Illuminate\\Foundation\\Console\\Kernel->handle(Object(Symfony\\Component\\Console\\Input\\ArgvInput), Object(Symfony\\Component\\Console\\Output\\ConsoleOutput))
#33 {main}
"} 
[2024-07-30 09:21:07] local.ERROR: SQLSTATE[42S01]: Base table or view already exists: 1050 Table 'failed_jobs' already exists (SQL: create table `failed_jobs` (`id` bigint unsigned not null auto_increment primary key, `uuid` varchar(255) not null, `connection` text not null, `queue` text not null, `payload` longtext not null, `exception` longtext not null, `failed_at` timestamp default CURRENT_TIMESTAMP not null) default character set utf8mb4 collate 'utf8mb4_unicode_ci') {"exception":"[object] (Illuminate\\Database\\QueryException(code: 42S01): SQLSTATE[42S01]: Base table or view already exists: 1050 Table 'failed_jobs' already exists (SQL: create table `failed_jobs` (`id` bigint unsigned not null auto_increment primary key, `uuid` varchar(255) not null, `connection` text not null, `queue` text not null, `payload` longtext not null, `exception` longtext not null, `failed_at` timestamp default CURRENT_TIMESTAMP not null) default character set utf8mb4 collate 'utf8mb4_unicode_ci') at C:\\laragon\\www\\lprosarc2\\vendor\\laravel\\framework\\src\\Illuminate\\Database\\Connection.php:712)
[stacktrace]
#0 C:\\laragon\\www\\lprosarc2\\vendor\\laravel\\framework\\src\\Illuminate\\Database\\Connection.php(672): Illuminate\\Database\\Connection->runQueryCallback('create table `f...', Array, Object(Closure))
#1 C:\\laragon\\www\\lprosarc2\\vendor\\laravel\\framework\\src\\Illuminate\\Database\\Connection.php(502): Illuminate\\Database\\Connection->run('create table `f...', Array, Object(Closure))
#2 C:\\laragon\\www\\lprosarc2\\vendor\\laravel\\framework\\src\\Illuminate\\Database\\Schema\\Blueprint.php(109): Illuminate\\Database\\Connection->statement('create table `f...')
#3 C:\\laragon\\www\\lprosarc2\\vendor\\laravel\\framework\\src\\Illuminate\\Database\\Schema\\Builder.php(364): Illuminate\\Database\\Schema\\Blueprint->build(Object(Illuminate\\Database\\MySqlConnection), Object(Illuminate\\Database\\Schema\\Grammars\\MySqlGrammar))
#4 C:\\laragon\\www\\lprosarc2\\vendor\\laravel\\framework\\src\\Illuminate\\Database\\Schema\\Builder.php(227): Illuminate\\Database\\Schema\\Builder->build(Object(Illuminate\\Database\\Schema\\Blueprint))
#5 C:\\laragon\\www\\lprosarc2\\vendor\\laravel\\framework\\src\\Illuminate\\Support\\Facades\\Facade.php(261): Illuminate\\Database\\Schema\\Builder->create('failed_jobs', Object(Closure))
#6 C:\\laragon\\www\\lprosarc2\\database\\migrations\\2019_08_19_000000_create_failed_jobs_table.php(24): Illuminate\\Support\\Facades\\Facade::__callStatic('create', Array)
#7 C:\\laragon\\www\\lprosarc2\\vendor\\laravel\\framework\\src\\Illuminate\\Database\\Migrations\\Migrator.php(472): CreateFailedJobsTable->up()
#8 C:\\laragon\\www\\lprosarc2\\vendor\\laravel\\framework\\src\\Illuminate\\Database\\Migrations\\Migrator.php(394): Illuminate\\Database\\Migrations\\Migrator->runMethod(Object(Illuminate\\Database\\MySqlConnection), Object(CreateFailedJobsTable), 'up')
#9 C:\\laragon\\www\\lprosarc2\\vendor\\laravel\\framework\\src\\Illuminate\\Database\\Migrations\\Migrator.php(403): Illuminate\\Database\\Migrations\\Migrator->Illuminate\\Database\\Migrations\\{closure}()
#10 C:\\laragon\\www\\lprosarc2\\vendor\\laravel\\framework\\src\\Illuminate\\Database\\Migrations\\Migrator.php(202): Illuminate\\Database\\Migrations\\Migrator->runMigration(Object(CreateFailedJobsTable), 'up')
#11 C:\\laragon\\www\\lprosarc2\\vendor\\laravel\\framework\\src\\Illuminate\\Database\\Migrations\\Migrator.php(167): Illuminate\\Database\\Migrations\\Migrator->runUp('C:\\\\laragon\\\\www\\\\...', 20, false)
#12 C:\\laragon\\www\\lprosarc2\\vendor\\laravel\\framework\\src\\Illuminate\\Database\\Migrations\\Migrator.php(112): Illuminate\\Database\\Migrations\\Migrator->runPending(Array, Array)
#13 C:\\laragon\\www\\lprosarc2\\vendor\\laravel\\framework\\src\\Illuminate\\Database\\Console\\Migrations\\MigrateCommand.php(86): Illuminate\\Database\\Migrations\\Migrator->run(Array, Array)
#14 C:\\laragon\\www\\lprosarc2\\vendor\\laravel\\framework\\src\\Illuminate\\Database\\Migrations\\Migrator.php(606): Illuminate\\Database\\Console\\Migrations\\MigrateCommand->Illuminate\\Database\\Console\\Migrations\\{closure}()
#15 C:\\laragon\\www\\lprosarc2\\vendor\\laravel\\framework\\src\\Illuminate\\Database\\Console\\Migrations\\MigrateCommand.php(98): Illuminate\\Database\\Migrations\\Migrator->usingConnection(NULL, Object(Closure))
#16 C:\\laragon\\www\\lprosarc2\\vendor\\laravel\\framework\\src\\Illuminate\\Container\\BoundMethod.php(36): Illuminate\\Database\\Console\\Migrations\\MigrateCommand->handle()
#17 C:\\laragon\\www\\lprosarc2\\vendor\\laravel\\framework\\src\\Illuminate\\Container\\Util.php(40): Illuminate\\Container\\BoundMethod::Illuminate\\Container\\{closure}()
#18 C:\\laragon\\www\\lprosarc2\\vendor\\laravel\\framework\\src\\Illuminate\\Container\\BoundMethod.php(93): Illuminate\\Container\\Util::unwrapIfClosure(Object(Closure))
#19 C:\\laragon\\www\\lprosarc2\\vendor\\laravel\\framework\\src\\Illuminate\\Container\\BoundMethod.php(37): Illuminate\\Container\\BoundMethod::callBoundMethod(Object(Illuminate\\Foundation\\Application), Array, Object(Closure))
#20 C:\\laragon\\www\\lprosarc2\\vendor\\laravel\\framework\\src\\Illuminate\\Container\\Container.php(653): Illuminate\\Container\\BoundMethod::call(Object(Illuminate\\Foundation\\Application), Array, Array, NULL)
#21 C:\\laragon\\www\\lprosarc2\\vendor\\laravel\\framework\\src\\Illuminate\\Console\\Command.php(136): Illuminate\\Container\\Container->call(Array)
#22 C:\\laragon\\www\\lprosarc2\\vendor\\symfony\\console\\Command\\Command.php(298): Illuminate\\Console\\Command->execute(Object(Symfony\\Component\\Console\\Input\\ArgvInput), Object(Illuminate\\Console\\OutputStyle))
#23 C:\\laragon\\www\\lprosarc2\\vendor\\laravel\\framework\\src\\Illuminate\\Console\\Command.php(121): Symfony\\Component\\Console\\Command\\Command->run(Object(Symfony\\Component\\Console\\Input\\ArgvInput), Object(Illuminate\\Console\\OutputStyle))
#24 C:\\laragon\\www\\lprosarc2\\vendor\\symfony\\console\\Application.php(1040): Illuminate\\Console\\Command->run(Object(Symfony\\Component\\Console\\Input\\ArgvInput), Object(Symfony\\Component\\Console\\Output\\ConsoleOutput))
#25 C:\\laragon\\www\\lprosarc2\\vendor\\symfony\\console\\Application.php(301): Symfony\\Component\\Console\\Application->doRunCommand(Object(Illuminate\\Database\\Console\\Migrations\\MigrateCommand), Object(Symfony\\Component\\Console\\Input\\ArgvInput), Object(Symfony\\Component\\Console\\Output\\ConsoleOutput))
#26 C:\\laragon\\www\\lprosarc2\\vendor\\symfony\\console\\Application.php(171): Symfony\\Component\\Console\\Application->doRun(Object(Symfony\\Component\\Console\\Input\\ArgvInput), Object(Symfony\\Component\\Console\\Output\\ConsoleOutput))
#27 C:\\laragon\\www\\lprosarc2\\vendor\\laravel\\framework\\src\\Illuminate\\Console\\Application.php(94): Symfony\\Component\\Console\\Application->run(Object(Symfony\\Component\\Console\\Input\\ArgvInput), Object(Symfony\\Component\\Console\\Output\\ConsoleOutput))
#28 C:\\laragon\\www\\lprosarc2\\vendor\\laravel\\framework\\src\\Illuminate\\Foundation\\Console\\Kernel.php(129): Illuminate\\Console\\Application->run(Object(Symfony\\Component\\Console\\Input\\ArgvInput), Object(Symfony\\Component\\Console\\Output\\ConsoleOutput))
#29 C:\\laragon\\www\\lprosarc2\\artisan(37): Illuminate\\Foundation\\Console\\Kernel->handle(Object(Symfony\\Component\\Console\\Input\\ArgvInput), Object(Symfony\\Component\\Console\\Output\\ConsoleOutput))
#30 {main}

[previous exception] [object] (Doctrine\\DBAL\\Driver\\PDO\\Exception(code: 42S01): SQLSTATE[42S01]: Base table or view already exists: 1050 Table 'failed_jobs' already exists at C:\\laragon\\www\\lprosarc2\\vendor\\doctrine\\dbal\\lib\\Doctrine\\DBAL\\Driver\\PDO\\Exception.php:18)
[stacktrace]
#0 C:\\laragon\\www\\lprosarc2\\vendor\\doctrine\\dbal\\lib\\Doctrine\\DBAL\\Driver\\PDOStatement.php(119): Doctrine\\DBAL\\Driver\\PDO\\Exception::new(Object(PDOException))
#1 C:\\laragon\\www\\lprosarc2\\vendor\\laravel\\framework\\src\\Illuminate\\Database\\Connection.php(501): Doctrine\\DBAL\\Driver\\PDOStatement->execute()
#2 C:\\laragon\\www\\lprosarc2\\vendor\\laravel\\framework\\src\\Illuminate\\Database\\Connection.php(705): Illuminate\\Database\\Connection->Illuminate\\Database\\{closure}('create table `f...', Array)
#3 C:\\laragon\\www\\lprosarc2\\vendor\\laravel\\framework\\src\\Illuminate\\Database\\Connection.php(672): Illuminate\\Database\\Connection->runQueryCallback('create table `f...', Array, Object(Closure))
#4 C:\\laragon\\www\\lprosarc2\\vendor\\laravel\\framework\\src\\Illuminate\\Database\\Connection.php(502): Illuminate\\Database\\Connection->run('create table `f...', Array, Object(Closure))
#5 C:\\laragon\\www\\lprosarc2\\vendor\\laravel\\framework\\src\\Illuminate\\Database\\Schema\\Blueprint.php(109): Illuminate\\Database\\Connection->statement('create table `f...')
#6 C:\\laragon\\www\\lprosarc2\\vendor\\laravel\\framework\\src\\Illuminate\\Database\\Schema\\Builder.php(364): Illuminate\\Database\\Schema\\Blueprint->build(Object(Illuminate\\Database\\MySqlConnection), Object(Illuminate\\Database\\Schema\\Grammars\\MySqlGrammar))
#7 C:\\laragon\\www\\lprosarc2\\vendor\\laravel\\framework\\src\\Illuminate\\Database\\Schema\\Builder.php(227): Illuminate\\Database\\Schema\\Builder->build(Object(Illuminate\\Database\\Schema\\Blueprint))
#8 C:\\laragon\\www\\lprosarc2\\vendor\\laravel\\framework\\src\\Illuminate\\Support\\Facades\\Facade.php(261): Illuminate\\Database\\Schema\\Builder->create('failed_jobs', Object(Closure))
#9 C:\\laragon\\www\\lprosarc2\\database\\migrations\\2019_08_19_000000_create_failed_jobs_table.php(24): Illuminate\\Support\\Facades\\Facade::__callStatic('create', Array)
#10 C:\\laragon\\www\\lprosarc2\\vendor\\laravel\\framework\\src\\Illuminate\\Database\\Migrations\\Migrator.php(472): CreateFailedJobsTable->up()
#11 C:\\laragon\\www\\lprosarc2\\vendor\\laravel\\framework\\src\\Illuminate\\Database\\Migrations\\Migrator.php(394): Illuminate\\Database\\Migrations\\Migrator->runMethod(Object(Illuminate\\Database\\MySqlConnection), Object(CreateFailedJobsTable), 'up')
#12 C:\\laragon\\www\\lprosarc2\\vendor\\laravel\\framework\\src\\Illuminate\\Database\\Migrations\\Migrator.php(403): Illuminate\\Database\\Migrations\\Migrator->Illuminate\\Database\\Migrations\\{closure}()
#13 C:\\laragon\\www\\lprosarc2\\vendor\\laravel\\framework\\src\\Illuminate\\Database\\Migrations\\Migrator.php(202): Illuminate\\Database\\Migrations\\Migrator->runMigration(Object(CreateFailedJobsTable), 'up')
#14 C:\\laragon\\www\\lprosarc2\\vendor\\laravel\\framework\\src\\Illuminate\\Database\\Migrations\\Migrator.php(167): Illuminate\\Database\\Migrations\\Migrator->runUp('C:\\\\laragon\\\\www\\\\...', 20, false)
#15 C:\\laragon\\www\\lprosarc2\\vendor\\laravel\\framework\\src\\Illuminate\\Database\\Migrations\\Migrator.php(112): Illuminate\\Database\\Migrations\\Migrator->runPending(Array, Array)
#16 C:\\laragon\\www\\lprosarc2\\vendor\\laravel\\framework\\src\\Illuminate\\Database\\Console\\Migrations\\MigrateCommand.php(86): Illuminate\\Database\\Migrations\\Migrator->run(Array, Array)
#17 C:\\laragon\\www\\lprosarc2\\vendor\\laravel\\framework\\src\\Illuminate\\Database\\Migrations\\Migrator.php(606): Illuminate\\Database\\Console\\Migrations\\MigrateCommand->Illuminate\\Database\\Console\\Migrations\\{closure}()
#18 C:\\laragon\\www\\lprosarc2\\vendor\\laravel\\framework\\src\\Illuminate\\Database\\Console\\Migrations\\MigrateCommand.php(98): Illuminate\\Database\\Migrations\\Migrator->usingConnection(NULL, Object(Closure))
#19 C:\\laragon\\www\\lprosarc2\\vendor\\laravel\\framework\\src\\Illuminate\\Container\\BoundMethod.php(36): Illuminate\\Database\\Console\\Migrations\\MigrateCommand->handle()
#20 C:\\laragon\\www\\lprosarc2\\vendor\\laravel\\framework\\src\\Illuminate\\Container\\Util.php(40): Illuminate\\Container\\BoundMethod::Illuminate\\Container\\{closure}()
#21 C:\\laragon\\www\\lprosarc2\\vendor\\laravel\\framework\\src\\Illuminate\\Container\\BoundMethod.php(93): Illuminate\\Container\\Util::unwrapIfClosure(Object(Closure))
#22 C:\\laragon\\www\\lprosarc2\\vendor\\laravel\\framework\\src\\Illuminate\\Container\\BoundMethod.php(37): Illuminate\\Container\\BoundMethod::callBoundMethod(Object(Illuminate\\Foundation\\Application), Array, Object(Closure))
#23 C:\\laragon\\www\\lprosarc2\\vendor\\laravel\\framework\\src\\Illuminate\\Container\\Container.php(653): Illuminate\\Container\\BoundMethod::call(Object(Illuminate\\Foundation\\Application), Array, Array, NULL)
#24 C:\\laragon\\www\\lprosarc2\\vendor\\laravel\\framework\\src\\Illuminate\\Console\\Command.php(136): Illuminate\\Container\\Container->call(Array)
#25 C:\\laragon\\www\\lprosarc2\\vendor\\symfony\\console\\Command\\Command.php(298): Illuminate\\Console\\Command->execute(Object(Symfony\\Component\\Console\\Input\\ArgvInput), Object(Illuminate\\Console\\OutputStyle))
#26 C:\\laragon\\www\\lprosarc2\\vendor\\laravel\\framework\\src\\Illuminate\\Console\\Command.php(121): Symfony\\Component\\Console\\Command\\Command->run(Object(Symfony\\Component\\Console\\Input\\ArgvInput), Object(Illuminate\\Console\\OutputStyle))
#27 C:\\laragon\\www\\lprosarc2\\vendor\\symfony\\console\\Application.php(1040): Illuminate\\Console\\Command->run(Object(Symfony\\Component\\Console\\Input\\ArgvInput), Object(Symfony\\Component\\Console\\Output\\ConsoleOutput))
#28 C:\\laragon\\www\\lprosarc2\\vendor\\symfony\\console\\Application.php(301): Symfony\\Component\\Console\\Application->doRunCommand(Object(Illuminate\\Database\\Console\\Migrations\\MigrateCommand), Object(Symfony\\Component\\Console\\Input\\ArgvInput), Object(Symfony\\Component\\Console\\Output\\ConsoleOutput))
#29 C:\\laragon\\www\\lprosarc2\\vendor\\symfony\\console\\Application.php(171): Symfony\\Component\\Console\\Application->doRun(Object(Symfony\\Component\\Console\\Input\\ArgvInput), Object(Symfony\\Component\\Console\\Output\\ConsoleOutput))
#30 C:\\laragon\\www\\lprosarc2\\vendor\\laravel\\framework\\src\\Illuminate\\Console\\Application.php(94): Symfony\\Component\\Console\\Application->run(Object(Symfony\\Component\\Console\\Input\\ArgvInput), Object(Symfony\\Component\\Console\\Output\\ConsoleOutput))
#31 C:\\laragon\\www\\lprosarc2\\vendor\\laravel\\framework\\src\\Illuminate\\Foundation\\Console\\Kernel.php(129): Illuminate\\Console\\Application->run(Object(Symfony\\Component\\Console\\Input\\ArgvInput), Object(Symfony\\Component\\Console\\Output\\ConsoleOutput))
#32 C:\\laragon\\www\\lprosarc2\\artisan(37): Illuminate\\Foundation\\Console\\Kernel->handle(Object(Symfony\\Component\\Console\\Input\\ArgvInput), Object(Symfony\\Component\\Console\\Output\\ConsoleOutput))
#33 {main}

[previous exception] [object] (PDOException(code: 42S01): SQLSTATE[42S01]: Base table or view already exists: 1050 Table 'failed_jobs' already exists at C:\\laragon\\www\\lprosarc2\\vendor\\doctrine\\dbal\\lib\\Doctrine\\DBAL\\Driver\\PDOStatement.php:117)
[stacktrace]
#0 C:\\laragon\\www\\lprosarc2\\vendor\\doctrine\\dbal\\lib\\Doctrine\\DBAL\\Driver\\PDOStatement.php(117): PDOStatement->execute(NULL)
#1 C:\\laragon\\www\\lprosarc2\\vendor\\laravel\\framework\\src\\Illuminate\\Database\\Connection.php(501): Doctrine\\DBAL\\Driver\\PDOStatement->execute()
#2 C:\\laragon\\www\\lprosarc2\\vendor\\laravel\\framework\\src\\Illuminate\\Database\\Connection.php(705): Illuminate\\Database\\Connection->Illuminate\\Database\\{closure}('create table `f...', Array)
#3 C:\\laragon\\www\\lprosarc2\\vendor\\laravel\\framework\\src\\Illuminate\\Database\\Connection.php(672): Illuminate\\Database\\Connection->runQueryCallback('create table `f...', Array, Object(Closure))
#4 C:\\laragon\\www\\lprosarc2\\vendor\\laravel\\framework\\src\\Illuminate\\Database\\Connection.php(502): Illuminate\\Database\\Connection->run('create table `f...', Array, Object(Closure))
#5 C:\\laragon\\www\\lprosarc2\\vendor\\laravel\\framework\\src\\Illuminate\\Database\\Schema\\Blueprint.php(109): Illuminate\\Database\\Connection->statement('create table `f...')
#6 C:\\laragon\\www\\lprosarc2\\vendor\\laravel\\framework\\src\\Illuminate\\Database\\Schema\\Builder.php(364): Illuminate\\Database\\Schema\\Blueprint->build(Object(Illuminate\\Database\\MySqlConnection), Object(Illuminate\\Database\\Schema\\Grammars\\MySqlGrammar))
#7 C:\\laragon\\www\\lprosarc2\\vendor\\laravel\\framework\\src\\Illuminate\\Database\\Schema\\Builder.php(227): Illuminate\\Database\\Schema\\Builder->build(Object(Illuminate\\Database\\Schema\\Blueprint))
#8 C:\\laragon\\www\\lprosarc2\\vendor\\laravel\\framework\\src\\Illuminate\\Support\\Facades\\Facade.php(261): Illuminate\\Database\\Schema\\Builder->create('failed_jobs', Object(Closure))
#9 C:\\laragon\\www\\lprosarc2\\database\\migrations\\2019_08_19_000000_create_failed_jobs_table.php(24): Illuminate\\Support\\Facades\\Facade::__callStatic('create', Array)
#10 C:\\laragon\\www\\lprosarc2\\vendor\\laravel\\framework\\src\\Illuminate\\Database\\Migrations\\Migrator.php(472): CreateFailedJobsTable->up()
#11 C:\\laragon\\www\\lprosarc2\\vendor\\laravel\\framework\\src\\Illuminate\\Database\\Migrations\\Migrator.php(394): Illuminate\\Database\\Migrations\\Migrator->runMethod(Object(Illuminate\\Database\\MySqlConnection), Object(CreateFailedJobsTable), 'up')
#12 C:\\laragon\\www\\lprosarc2\\vendor\\laravel\\framework\\src\\Illuminate\\Database\\Migrations\\Migrator.php(403): Illuminate\\Database\\Migrations\\Migrator->Illuminate\\Database\\Migrations\\{closure}()
#13 C:\\laragon\\www\\lprosarc2\\vendor\\laravel\\framework\\src\\Illuminate\\Database\\Migrations\\Migrator.php(202): Illuminate\\Database\\Migrations\\Migrator->runMigration(Object(CreateFailedJobsTable), 'up')
#14 C:\\laragon\\www\\lprosarc2\\vendor\\laravel\\framework\\src\\Illuminate\\Database\\Migrations\\Migrator.php(167): Illuminate\\Database\\Migrations\\Migrator->runUp('C:\\\\laragon\\\\www\\\\...', 20, false)
#15 C:\\laragon\\www\\lprosarc2\\vendor\\laravel\\framework\\src\\Illuminate\\Database\\Migrations\\Migrator.php(112): Illuminate\\Database\\Migrations\\Migrator->runPending(Array, Array)
#16 C:\\laragon\\www\\lprosarc2\\vendor\\laravel\\framework\\src\\Illuminate\\Database\\Console\\Migrations\\MigrateCommand.php(86): Illuminate\\Database\\Migrations\\Migrator->run(Array, Array)
#17 C:\\laragon\\www\\lprosarc2\\vendor\\laravel\\framework\\src\\Illuminate\\Database\\Migrations\\Migrator.php(606): Illuminate\\Database\\Console\\Migrations\\MigrateCommand->Illuminate\\Database\\Console\\Migrations\\{closure}()
#18 C:\\laragon\\www\\lprosarc2\\vendor\\laravel\\framework\\src\\Illuminate\\Database\\Console\\Migrations\\MigrateCommand.php(98): Illuminate\\Database\\Migrations\\Migrator->usingConnection(NULL, Object(Closure))
#19 C:\\laragon\\www\\lprosarc2\\vendor\\laravel\\framework\\src\\Illuminate\\Container\\BoundMethod.php(36): Illuminate\\Database\\Console\\Migrations\\MigrateCommand->handle()
#20 C:\\laragon\\www\\lprosarc2\\vendor\\laravel\\framework\\src\\Illuminate\\Container\\Util.php(40): Illuminate\\Container\\BoundMethod::Illuminate\\Container\\{closure}()
#21 C:\\laragon\\www\\lprosarc2\\vendor\\laravel\\framework\\src\\Illuminate\\Container\\BoundMethod.php(93): Illuminate\\Container\\Util::unwrapIfClosure(Object(Closure))
#22 C:\\laragon\\www\\lprosarc2\\vendor\\laravel\\framework\\src\\Illuminate\\Container\\BoundMethod.php(37): Illuminate\\Container\\BoundMethod::callBoundMethod(Object(Illuminate\\Foundation\\Application), Array, Object(Closure))
#23 C:\\laragon\\www\\lprosarc2\\vendor\\laravel\\framework\\src\\Illuminate\\Container\\Container.php(653): Illuminate\\Container\\BoundMethod::call(Object(Illuminate\\Foundation\\Application), Array, Array, NULL)
#24 C:\\laragon\\www\\lprosarc2\\vendor\\laravel\\framework\\src\\Illuminate\\Console\\Command.php(136): Illuminate\\Container\\Container->call(Array)
#25 C:\\laragon\\www\\lprosarc2\\vendor\\symfony\\console\\Command\\Command.php(298): Illuminate\\Console\\Command->execute(Object(Symfony\\Component\\Console\\Input\\ArgvInput), Object(Illuminate\\Console\\OutputStyle))
#26 C:\\laragon\\www\\lprosarc2\\vendor\\laravel\\framework\\src\\Illuminate\\Console\\Command.php(121): Symfony\\Component\\Console\\Command\\Command->run(Object(Symfony\\Component\\Console\\Input\\ArgvInput), Object(Illuminate\\Console\\OutputStyle))
#27 C:\\laragon\\www\\lprosarc2\\vendor\\symfony\\console\\Application.php(1040): Illuminate\\Console\\Command->run(Object(Symfony\\Component\\Console\\Input\\ArgvInput), Object(Symfony\\Component\\Console\\Output\\ConsoleOutput))
#28 C:\\laragon\\www\\lprosarc2\\vendor\\symfony\\console\\Application.php(301): Symfony\\Component\\Console\\Application->doRunCommand(Object(Illuminate\\Database\\Console\\Migrations\\MigrateCommand), Object(Symfony\\Component\\Console\\Input\\ArgvInput), Object(Symfony\\Component\\Console\\Output\\ConsoleOutput))
#29 C:\\laragon\\www\\lprosarc2\\vendor\\symfony\\console\\Application.php(171): Symfony\\Component\\Console\\Application->doRun(Object(Symfony\\Component\\Console\\Input\\ArgvInput), Object(Symfony\\Component\\Console\\Output\\ConsoleOutput))
#30 C:\\laragon\\www\\lprosarc2\\vendor\\laravel\\framework\\src\\Illuminate\\Console\\Application.php(94): Symfony\\Component\\Console\\Application->run(Object(Symfony\\Component\\Console\\Input\\ArgvInput), Object(Symfony\\Component\\Console\\Output\\ConsoleOutput))
#31 C:\\laragon\\www\\lprosarc2\\vendor\\laravel\\framework\\src\\Illuminate\\Foundation\\Console\\Kernel.php(129): Illuminate\\Console\\Application->run(Object(Symfony\\Component\\Console\\Input\\ArgvInput), Object(Symfony\\Component\\Console\\Output\\ConsoleOutput))
#32 C:\\laragon\\www\\lprosarc2\\artisan(37): Illuminate\\Foundation\\Console\\Kernel->handle(Object(Symfony\\Component\\Console\\Input\\ArgvInput), Object(Symfony\\Component\\Console\\Output\\ConsoleOutput))
#33 {main}
"} 
[2024-07-30 09:23:59] local.ERROR: SQLSTATE[42S01]: Base table or view already exists: 1050 Table 'failed_jobs' already exists (SQL: create table `failed_jobs` (`id` bigint unsigned not null auto_increment primary key, `uuid` varchar(255) not null, `connection` text not null, `queue` text not null, `payload` longtext not null, `exception` longtext not null, `failed_at` timestamp default CURRENT_TIMESTAMP not null) default character set utf8mb4 collate 'utf8mb4_unicode_ci') {"exception":"[object] (Illuminate\\Database\\QueryException(code: 42S01): SQLSTATE[42S01]: Base table or view already exists: 1050 Table 'failed_jobs' already exists (SQL: create table `failed_jobs` (`id` bigint unsigned not null auto_increment primary key, `uuid` varchar(255) not null, `connection` text not null, `queue` text not null, `payload` longtext not null, `exception` longtext not null, `failed_at` timestamp default CURRENT_TIMESTAMP not null) default character set utf8mb4 collate 'utf8mb4_unicode_ci') at C:\\laragon\\www\\lprosarc2\\vendor\\laravel\\framework\\src\\Illuminate\\Database\\Connection.php:712)
[stacktrace]
#0 C:\\laragon\\www\\lprosarc2\\vendor\\laravel\\framework\\src\\Illuminate\\Database\\Connection.php(672): Illuminate\\Database\\Connection->runQueryCallback('create table `f...', Array, Object(Closure))
#1 C:\\laragon\\www\\lprosarc2\\vendor\\laravel\\framework\\src\\Illuminate\\Database\\Connection.php(502): Illuminate\\Database\\Connection->run('create table `f...', Array, Object(Closure))
#2 C:\\laragon\\www\\lprosarc2\\vendor\\laravel\\framework\\src\\Illuminate\\Database\\Schema\\Blueprint.php(109): Illuminate\\Database\\Connection->statement('create table `f...')
#3 C:\\laragon\\www\\lprosarc2\\vendor\\laravel\\framework\\src\\Illuminate\\Database\\Schema\\Builder.php(364): Illuminate\\Database\\Schema\\Blueprint->build(Object(Illuminate\\Database\\MySqlConnection), Object(Illuminate\\Database\\Schema\\Grammars\\MySqlGrammar))
#4 C:\\laragon\\www\\lprosarc2\\vendor\\laravel\\framework\\src\\Illuminate\\Database\\Schema\\Builder.php(227): Illuminate\\Database\\Schema\\Builder->build(Object(Illuminate\\Database\\Schema\\Blueprint))
#5 C:\\laragon\\www\\lprosarc2\\vendor\\laravel\\framework\\src\\Illuminate\\Support\\Facades\\Facade.php(261): Illuminate\\Database\\Schema\\Builder->create('failed_jobs', Object(Closure))
#6 C:\\laragon\\www\\lprosarc2\\database\\migrations\\2019_08_19_000000_create_failed_jobs_table.php(24): Illuminate\\Support\\Facades\\Facade::__callStatic('create', Array)
#7 C:\\laragon\\www\\lprosarc2\\vendor\\laravel\\framework\\src\\Illuminate\\Database\\Migrations\\Migrator.php(472): CreateFailedJobsTable->up()
#8 C:\\laragon\\www\\lprosarc2\\vendor\\laravel\\framework\\src\\Illuminate\\Database\\Migrations\\Migrator.php(394): Illuminate\\Database\\Migrations\\Migrator->runMethod(Object(Illuminate\\Database\\MySqlConnection), Object(CreateFailedJobsTable), 'up')
#9 C:\\laragon\\www\\lprosarc2\\vendor\\laravel\\framework\\src\\Illuminate\\Database\\Migrations\\Migrator.php(403): Illuminate\\Database\\Migrations\\Migrator->Illuminate\\Database\\Migrations\\{closure}()
#10 C:\\laragon\\www\\lprosarc2\\vendor\\laravel\\framework\\src\\Illuminate\\Database\\Migrations\\Migrator.php(202): Illuminate\\Database\\Migrations\\Migrator->runMigration(Object(CreateFailedJobsTable), 'up')
#11 C:\\laragon\\www\\lprosarc2\\vendor\\laravel\\framework\\src\\Illuminate\\Database\\Migrations\\Migrator.php(167): Illuminate\\Database\\Migrations\\Migrator->runUp('C:\\\\laragon\\\\www\\\\...', 20, false)
#12 C:\\laragon\\www\\lprosarc2\\vendor\\laravel\\framework\\src\\Illuminate\\Database\\Migrations\\Migrator.php(112): Illuminate\\Database\\Migrations\\Migrator->runPending(Array, Array)
#13 C:\\laragon\\www\\lprosarc2\\vendor\\laravel\\framework\\src\\Illuminate\\Database\\Console\\Migrations\\MigrateCommand.php(86): Illuminate\\Database\\Migrations\\Migrator->run(Array, Array)
#14 C:\\laragon\\www\\lprosarc2\\vendor\\laravel\\framework\\src\\Illuminate\\Database\\Migrations\\Migrator.php(606): Illuminate\\Database\\Console\\Migrations\\MigrateCommand->Illuminate\\Database\\Console\\Migrations\\{closure}()
#15 C:\\laragon\\www\\lprosarc2\\vendor\\laravel\\framework\\src\\Illuminate\\Database\\Console\\Migrations\\MigrateCommand.php(98): Illuminate\\Database\\Migrations\\Migrator->usingConnection(NULL, Object(Closure))
#16 C:\\laragon\\www\\lprosarc2\\vendor\\laravel\\framework\\src\\Illuminate\\Container\\BoundMethod.php(36): Illuminate\\Database\\Console\\Migrations\\MigrateCommand->handle()
#17 C:\\laragon\\www\\lprosarc2\\vendor\\laravel\\framework\\src\\Illuminate\\Container\\Util.php(40): Illuminate\\Container\\BoundMethod::Illuminate\\Container\\{closure}()
#18 C:\\laragon\\www\\lprosarc2\\vendor\\laravel\\framework\\src\\Illuminate\\Container\\BoundMethod.php(93): Illuminate\\Container\\Util::unwrapIfClosure(Object(Closure))
#19 C:\\laragon\\www\\lprosarc2\\vendor\\laravel\\framework\\src\\Illuminate\\Container\\BoundMethod.php(37): Illuminate\\Container\\BoundMethod::callBoundMethod(Object(Illuminate\\Foundation\\Application), Array, Object(Closure))
#20 C:\\laragon\\www\\lprosarc2\\vendor\\laravel\\framework\\src\\Illuminate\\Container\\Container.php(653): Illuminate\\Container\\BoundMethod::call(Object(Illuminate\\Foundation\\Application), Array, Array, NULL)
#21 C:\\laragon\\www\\lprosarc2\\vendor\\laravel\\framework\\src\\Illuminate\\Console\\Command.php(136): Illuminate\\Container\\Container->call(Array)
#22 C:\\laragon\\www\\lprosarc2\\vendor\\symfony\\console\\Command\\Command.php(298): Illuminate\\Console\\Command->execute(Object(Symfony\\Component\\Console\\Input\\ArgvInput), Object(Illuminate\\Console\\OutputStyle))
#23 C:\\laragon\\www\\lprosarc2\\vendor\\laravel\\framework\\src\\Illuminate\\Console\\Command.php(121): Symfony\\Component\\Console\\Command\\Command->run(Object(Symfony\\Component\\Console\\Input\\ArgvInput), Object(Illuminate\\Console\\OutputStyle))
#24 C:\\laragon\\www\\lprosarc2\\vendor\\symfony\\console\\Application.php(1040): Illuminate\\Console\\Command->run(Object(Symfony\\Component\\Console\\Input\\ArgvInput), Object(Symfony\\Component\\Console\\Output\\ConsoleOutput))
#25 C:\\laragon\\www\\lprosarc2\\vendor\\symfony\\console\\Application.php(301): Symfony\\Component\\Console\\Application->doRunCommand(Object(Illuminate\\Database\\Console\\Migrations\\MigrateCommand), Object(Symfony\\Component\\Console\\Input\\ArgvInput), Object(Symfony\\Component\\Console\\Output\\ConsoleOutput))
#26 C:\\laragon\\www\\lprosarc2\\vendor\\symfony\\console\\Application.php(171): Symfony\\Component\\Console\\Application->doRun(Object(Symfony\\Component\\Console\\Input\\ArgvInput), Object(Symfony\\Component\\Console\\Output\\ConsoleOutput))
#27 C:\\laragon\\www\\lprosarc2\\vendor\\laravel\\framework\\src\\Illuminate\\Console\\Application.php(94): Symfony\\Component\\Console\\Application->run(Object(Symfony\\Component\\Console\\Input\\ArgvInput), Object(Symfony\\Component\\Console\\Output\\ConsoleOutput))
#28 C:\\laragon\\www\\lprosarc2\\vendor\\laravel\\framework\\src\\Illuminate\\Foundation\\Console\\Kernel.php(129): Illuminate\\Console\\Application->run(Object(Symfony\\Component\\Console\\Input\\ArgvInput), Object(Symfony\\Component\\Console\\Output\\ConsoleOutput))
#29 C:\\laragon\\www\\lprosarc2\\artisan(37): Illuminate\\Foundation\\Console\\Kernel->handle(Object(Symfony\\Component\\Console\\Input\\ArgvInput), Object(Symfony\\Component\\Console\\Output\\ConsoleOutput))
#30 {main}

[previous exception] [object] (Doctrine\\DBAL\\Driver\\PDO\\Exception(code: 42S01): SQLSTATE[42S01]: Base table or view already exists: 1050 Table 'failed_jobs' already exists at C:\\laragon\\www\\lprosarc2\\vendor\\doctrine\\dbal\\lib\\Doctrine\\DBAL\\Driver\\PDO\\Exception.php:18)
[stacktrace]
#0 C:\\laragon\\www\\lprosarc2\\vendor\\doctrine\\dbal\\lib\\Doctrine\\DBAL\\Driver\\PDOStatement.php(119): Doctrine\\DBAL\\Driver\\PDO\\Exception::new(Object(PDOException))
#1 C:\\laragon\\www\\lprosarc2\\vendor\\laravel\\framework\\src\\Illuminate\\Database\\Connection.php(501): Doctrine\\DBAL\\Driver\\PDOStatement->execute()
#2 C:\\laragon\\www\\lprosarc2\\vendor\\laravel\\framework\\src\\Illuminate\\Database\\Connection.php(705): Illuminate\\Database\\Connection->Illuminate\\Database\\{closure}('create table `f...', Array)
#3 C:\\laragon\\www\\lprosarc2\\vendor\\laravel\\framework\\src\\Illuminate\\Database\\Connection.php(672): Illuminate\\Database\\Connection->runQueryCallback('create table `f...', Array, Object(Closure))
#4 C:\\laragon\\www\\lprosarc2\\vendor\\laravel\\framework\\src\\Illuminate\\Database\\Connection.php(502): Illuminate\\Database\\Connection->run('create table `f...', Array, Object(Closure))
#5 C:\\laragon\\www\\lprosarc2\\vendor\\laravel\\framework\\src\\Illuminate\\Database\\Schema\\Blueprint.php(109): Illuminate\\Database\\Connection->statement('create table `f...')
#6 C:\\laragon\\www\\lprosarc2\\vendor\\laravel\\framework\\src\\Illuminate\\Database\\Schema\\Builder.php(364): Illuminate\\Database\\Schema\\Blueprint->build(Object(Illuminate\\Database\\MySqlConnection), Object(Illuminate\\Database\\Schema\\Grammars\\MySqlGrammar))
#7 C:\\laragon\\www\\lprosarc2\\vendor\\laravel\\framework\\src\\Illuminate\\Database\\Schema\\Builder.php(227): Illuminate\\Database\\Schema\\Builder->build(Object(Illuminate\\Database\\Schema\\Blueprint))
#8 C:\\laragon\\www\\lprosarc2\\vendor\\laravel\\framework\\src\\Illuminate\\Support\\Facades\\Facade.php(261): Illuminate\\Database\\Schema\\Builder->create('failed_jobs', Object(Closure))
#9 C:\\laragon\\www\\lprosarc2\\database\\migrations\\2019_08_19_000000_create_failed_jobs_table.php(24): Illuminate\\Support\\Facades\\Facade::__callStatic('create', Array)
#10 C:\\laragon\\www\\lprosarc2\\vendor\\laravel\\framework\\src\\Illuminate\\Database\\Migrations\\Migrator.php(472): CreateFailedJobsTable->up()
#11 C:\\laragon\\www\\lprosarc2\\vendor\\laravel\\framework\\src\\Illuminate\\Database\\Migrations\\Migrator.php(394): Illuminate\\Database\\Migrations\\Migrator->runMethod(Object(Illuminate\\Database\\MySqlConnection), Object(CreateFailedJobsTable), 'up')
#12 C:\\laragon\\www\\lprosarc2\\vendor\\laravel\\framework\\src\\Illuminate\\Database\\Migrations\\Migrator.php(403): Illuminate\\Database\\Migrations\\Migrator->Illuminate\\Database\\Migrations\\{closure}()
#13 C:\\laragon\\www\\lprosarc2\\vendor\\laravel\\framework\\src\\Illuminate\\Database\\Migrations\\Migrator.php(202): Illuminate\\Database\\Migrations\\Migrator->runMigration(Object(CreateFailedJobsTable), 'up')
#14 C:\\laragon\\www\\lprosarc2\\vendor\\laravel\\framework\\src\\Illuminate\\Database\\Migrations\\Migrator.php(167): Illuminate\\Database\\Migrations\\Migrator->runUp('C:\\\\laragon\\\\www\\\\...', 20, false)
#15 C:\\laragon\\www\\lprosarc2\\vendor\\laravel\\framework\\src\\Illuminate\\Database\\Migrations\\Migrator.php(112): Illuminate\\Database\\Migrations\\Migrator->runPending(Array, Array)
#16 C:\\laragon\\www\\lprosarc2\\vendor\\laravel\\framework\\src\\Illuminate\\Database\\Console\\Migrations\\MigrateCommand.php(86): Illuminate\\Database\\Migrations\\Migrator->run(Array, Array)
#17 C:\\laragon\\www\\lprosarc2\\vendor\\laravel\\framework\\src\\Illuminate\\Database\\Migrations\\Migrator.php(606): Illuminate\\Database\\Console\\Migrations\\MigrateCommand->Illuminate\\Database\\Console\\Migrations\\{closure}()
#18 C:\\laragon\\www\\lprosarc2\\vendor\\laravel\\framework\\src\\Illuminate\\Database\\Console\\Migrations\\MigrateCommand.php(98): Illuminate\\Database\\Migrations\\Migrator->usingConnection(NULL, Object(Closure))
#19 C:\\laragon\\www\\lprosarc2\\vendor\\laravel\\framework\\src\\Illuminate\\Container\\BoundMethod.php(36): Illuminate\\Database\\Console\\Migrations\\MigrateCommand->handle()
#20 C:\\laragon\\www\\lprosarc2\\vendor\\laravel\\framework\\src\\Illuminate\\Container\\Util.php(40): Illuminate\\Container\\BoundMethod::Illuminate\\Container\\{closure}()
#21 C:\\laragon\\www\\lprosarc2\\vendor\\laravel\\framework\\src\\Illuminate\\Container\\BoundMethod.php(93): Illuminate\\Container\\Util::unwrapIfClosure(Object(Closure))
#22 C:\\laragon\\www\\lprosarc2\\vendor\\laravel\\framework\\src\\Illuminate\\Container\\BoundMethod.php(37): Illuminate\\Container\\BoundMethod::callBoundMethod(Object(Illuminate\\Foundation\\Application), Array, Object(Closure))
#23 C:\\laragon\\www\\lprosarc2\\vendor\\laravel\\framework\\src\\Illuminate\\Container\\Container.php(653): Illuminate\\Container\\BoundMethod::call(Object(Illuminate\\Foundation\\Application), Array, Array, NULL)
#24 C:\\laragon\\www\\lprosarc2\\vendor\\laravel\\framework\\src\\Illuminate\\Console\\Command.php(136): Illuminate\\Container\\Container->call(Array)
#25 C:\\laragon\\www\\lprosarc2\\vendor\\symfony\\console\\Command\\Command.php(298): Illuminate\\Console\\Command->execute(Object(Symfony\\Component\\Console\\Input\\ArgvInput), Object(Illuminate\\Console\\OutputStyle))
#26 C:\\laragon\\www\\lprosarc2\\vendor\\laravel\\framework\\src\\Illuminate\\Console\\Command.php(121): Symfony\\Component\\Console\\Command\\Command->run(Object(Symfony\\Component\\Console\\Input\\ArgvInput), Object(Illuminate\\Console\\OutputStyle))
#27 C:\\laragon\\www\\lprosarc2\\vendor\\symfony\\console\\Application.php(1040): Illuminate\\Console\\Command->run(Object(Symfony\\Component\\Console\\Input\\ArgvInput), Object(Symfony\\Component\\Console\\Output\\ConsoleOutput))
#28 C:\\laragon\\www\\lprosarc2\\vendor\\symfony\\console\\Application.php(301): Symfony\\Component\\Console\\Application->doRunCommand(Object(Illuminate\\Database\\Console\\Migrations\\MigrateCommand), Object(Symfony\\Component\\Console\\Input\\ArgvInput), Object(Symfony\\Component\\Console\\Output\\ConsoleOutput))
#29 C:\\laragon\\www\\lprosarc2\\vendor\\symfony\\console\\Application.php(171): Symfony\\Component\\Console\\Application->doRun(Object(Symfony\\Component\\Console\\Input\\ArgvInput), Object(Symfony\\Component\\Console\\Output\\ConsoleOutput))
#30 C:\\laragon\\www\\lprosarc2\\vendor\\laravel\\framework\\src\\Illuminate\\Console\\Application.php(94): Symfony\\Component\\Console\\Application->run(Object(Symfony\\Component\\Console\\Input\\ArgvInput), Object(Symfony\\Component\\Console\\Output\\ConsoleOutput))
#31 C:\\laragon\\www\\lprosarc2\\vendor\\laravel\\framework\\src\\Illuminate\\Foundation\\Console\\Kernel.php(129): Illuminate\\Console\\Application->run(Object(Symfony\\Component\\Console\\Input\\ArgvInput), Object(Symfony\\Component\\Console\\Output\\ConsoleOutput))
#32 C:\\laragon\\www\\lprosarc2\\artisan(37): Illuminate\\Foundation\\Console\\Kernel->handle(Object(Symfony\\Component\\Console\\Input\\ArgvInput), Object(Symfony\\Component\\Console\\Output\\ConsoleOutput))
#33 {main}

[previous exception] [object] (PDOException(code: 42S01): SQLSTATE[42S01]: Base table or view already exists: 1050 Table 'failed_jobs' already exists at C:\\laragon\\www\\lprosarc2\\vendor\\doctrine\\dbal\\lib\\Doctrine\\DBAL\\Driver\\PDOStatement.php:117)
[stacktrace]
#0 C:\\laragon\\www\\lprosarc2\\vendor\\doctrine\\dbal\\lib\\Doctrine\\DBAL\\Driver\\PDOStatement.php(117): PDOStatement->execute(NULL)
#1 C:\\laragon\\www\\lprosarc2\\vendor\\laravel\\framework\\src\\Illuminate\\Database\\Connection.php(501): Doctrine\\DBAL\\Driver\\PDOStatement->execute()
#2 C:\\laragon\\www\\lprosarc2\\vendor\\laravel\\framework\\src\\Illuminate\\Database\\Connection.php(705): Illuminate\\Database\\Connection->Illuminate\\Database\\{closure}('create table `f...', Array)
#3 C:\\laragon\\www\\lprosarc2\\vendor\\laravel\\framework\\src\\Illuminate\\Database\\Connection.php(672): Illuminate\\Database\\Connection->runQueryCallback('create table `f...', Array, Object(Closure))
#4 C:\\laragon\\www\\lprosarc2\\vendor\\laravel\\framework\\src\\Illuminate\\Database\\Connection.php(502): Illuminate\\Database\\Connection->run('create table `f...', Array, Object(Closure))
#5 C:\\laragon\\www\\lprosarc2\\vendor\\laravel\\framework\\src\\Illuminate\\Database\\Schema\\Blueprint.php(109): Illuminate\\Database\\Connection->statement('create table `f...')
#6 C:\\laragon\\www\\lprosarc2\\vendor\\laravel\\framework\\src\\Illuminate\\Database\\Schema\\Builder.php(364): Illuminate\\Database\\Schema\\Blueprint->build(Object(Illuminate\\Database\\MySqlConnection), Object(Illuminate\\Database\\Schema\\Grammars\\MySqlGrammar))
#7 C:\\laragon\\www\\lprosarc2\\vendor\\laravel\\framework\\src\\Illuminate\\Database\\Schema\\Builder.php(227): Illuminate\\Database\\Schema\\Builder->build(Object(Illuminate\\Database\\Schema\\Blueprint))
#8 C:\\laragon\\www\\lprosarc2\\vendor\\laravel\\framework\\src\\Illuminate\\Support\\Facades\\Facade.php(261): Illuminate\\Database\\Schema\\Builder->create('failed_jobs', Object(Closure))
#9 C:\\laragon\\www\\lprosarc2\\database\\migrations\\2019_08_19_000000_create_failed_jobs_table.php(24): Illuminate\\Support\\Facades\\Facade::__callStatic('create', Array)
#10 C:\\laragon\\www\\lprosarc2\\vendor\\laravel\\framework\\src\\Illuminate\\Database\\Migrations\\Migrator.php(472): CreateFailedJobsTable->up()
#11 C:\\laragon\\www\\lprosarc2\\vendor\\laravel\\framework\\src\\Illuminate\\Database\\Migrations\\Migrator.php(394): Illuminate\\Database\\Migrations\\Migrator->runMethod(Object(Illuminate\\Database\\MySqlConnection), Object(CreateFailedJobsTable), 'up')
#12 C:\\laragon\\www\\lprosarc2\\vendor\\laravel\\framework\\src\\Illuminate\\Database\\Migrations\\Migrator.php(403): Illuminate\\Database\\Migrations\\Migrator->Illuminate\\Database\\Migrations\\{closure}()
#13 C:\\laragon\\www\\lprosarc2\\vendor\\laravel\\framework\\src\\Illuminate\\Database\\Migrations\\Migrator.php(202): Illuminate\\Database\\Migrations\\Migrator->runMigration(Object(CreateFailedJobsTable), 'up')
#14 C:\\laragon\\www\\lprosarc2\\vendor\\laravel\\framework\\src\\Illuminate\\Database\\Migrations\\Migrator.php(167): Illuminate\\Database\\Migrations\\Migrator->runUp('C:\\\\laragon\\\\www\\\\...', 20, false)
#15 C:\\laragon\\www\\lprosarc2\\vendor\\laravel\\framework\\src\\Illuminate\\Database\\Migrations\\Migrator.php(112): Illuminate\\Database\\Migrations\\Migrator->runPending(Array, Array)
#16 C:\\laragon\\www\\lprosarc2\\vendor\\laravel\\framework\\src\\Illuminate\\Database\\Console\\Migrations\\MigrateCommand.php(86): Illuminate\\Database\\Migrations\\Migrator->run(Array, Array)
#17 C:\\laragon\\www\\lprosarc2\\vendor\\laravel\\framework\\src\\Illuminate\\Database\\Migrations\\Migrator.php(606): Illuminate\\Database\\Console\\Migrations\\MigrateCommand->Illuminate\\Database\\Console\\Migrations\\{closure}()
#18 C:\\laragon\\www\\lprosarc2\\vendor\\laravel\\framework\\src\\Illuminate\\Database\\Console\\Migrations\\MigrateCommand.php(98): Illuminate\\Database\\Migrations\\Migrator->usingConnection(NULL, Object(Closure))
#19 C:\\laragon\\www\\lprosarc2\\vendor\\laravel\\framework\\src\\Illuminate\\Container\\BoundMethod.php(36): Illuminate\\Database\\Console\\Migrations\\MigrateCommand->handle()
#20 C:\\laragon\\www\\lprosarc2\\vendor\\laravel\\framework\\src\\Illuminate\\Container\\Util.php(40): Illuminate\\Container\\BoundMethod::Illuminate\\Container\\{closure}()
#21 C:\\laragon\\www\\lprosarc2\\vendor\\laravel\\framework\\src\\Illuminate\\Container\\BoundMethod.php(93): Illuminate\\Container\\Util::unwrapIfClosure(Object(Closure))
#22 C:\\laragon\\www\\lprosarc2\\vendor\\laravel\\framework\\src\\Illuminate\\Container\\BoundMethod.php(37): Illuminate\\Container\\BoundMethod::callBoundMethod(Object(Illuminate\\Foundation\\Application), Array, Object(Closure))
#23 C:\\laragon\\www\\lprosarc2\\vendor\\laravel\\framework\\src\\Illuminate\\Container\\Container.php(653): Illuminate\\Container\\BoundMethod::call(Object(Illuminate\\Foundation\\Application), Array, Array, NULL)
#24 C:\\laragon\\www\\lprosarc2\\vendor\\laravel\\framework\\src\\Illuminate\\Console\\Command.php(136): Illuminate\\Container\\Container->call(Array)
#25 C:\\laragon\\www\\lprosarc2\\vendor\\symfony\\console\\Command\\Command.php(298): Illuminate\\Console\\Command->execute(Object(Symfony\\Component\\Console\\Input\\ArgvInput), Object(Illuminate\\Console\\OutputStyle))
#26 C:\\laragon\\www\\lprosarc2\\vendor\\laravel\\framework\\src\\Illuminate\\Console\\Command.php(121): Symfony\\Component\\Console\\Command\\Command->run(Object(Symfony\\Component\\Console\\Input\\ArgvInput), Object(Illuminate\\Console\\OutputStyle))
#27 C:\\laragon\\www\\lprosarc2\\vendor\\symfony\\console\\Application.php(1040): Illuminate\\Console\\Command->run(Object(Symfony\\Component\\Console\\Input\\ArgvInput), Object(Symfony\\Component\\Console\\Output\\ConsoleOutput))
#28 C:\\laragon\\www\\lprosarc2\\vendor\\symfony\\console\\Application.php(301): Symfony\\Component\\Console\\Application->doRunCommand(Object(Illuminate\\Database\\Console\\Migrations\\MigrateCommand), Object(Symfony\\Component\\Console\\Input\\ArgvInput), Object(Symfony\\Component\\Console\\Output\\ConsoleOutput))
#29 C:\\laragon\\www\\lprosarc2\\vendor\\symfony\\console\\Application.php(171): Symfony\\Component\\Console\\Application->doRun(Object(Symfony\\Component\\Console\\Input\\ArgvInput), Object(Symfony\\Component\\Console\\Output\\ConsoleOutput))
#30 C:\\laragon\\www\\lprosarc2\\vendor\\laravel\\framework\\src\\Illuminate\\Console\\Application.php(94): Symfony\\Component\\Console\\Application->run(Object(Symfony\\Component\\Console\\Input\\ArgvInput), Object(Symfony\\Component\\Console\\Output\\ConsoleOutput))
#31 C:\\laragon\\www\\lprosarc2\\vendor\\laravel\\framework\\src\\Illuminate\\Foundation\\Console\\Kernel.php(129): Illuminate\\Console\\Application->run(Object(Symfony\\Component\\Console\\Input\\ArgvInput), Object(Symfony\\Component\\Console\\Output\\ConsoleOutput))
#32 C:\\laragon\\www\\lprosarc2\\artisan(37): Illuminate\\Foundation\\Console\\Kernel->handle(Object(Symfony\\Component\\Console\\Input\\ArgvInput), Object(Symfony\\Component\\Console\\Output\\ConsoleOutput))
#33 {main}
"} 
[2024-07-30 09:34:53] local.ERROR: SQLSTATE[42S01]: Base table or view already exists: 1050 Table 'failed_jobs' already exists (SQL: create table `failed_jobs` (`id` bigint unsigned not null auto_increment primary key, `uuid` varchar(255) not null, `connection` text not null, `queue` text not null, `payload` longtext not null, `exception` longtext not null, `failed_at` timestamp default CURRENT_TIMESTAMP not null) default character set utf8mb4 collate 'utf8mb4_unicode_ci') {"exception":"[object] (Illuminate\\Database\\QueryException(code: 42S01): SQLSTATE[42S01]: Base table or view already exists: 1050 Table 'failed_jobs' already exists (SQL: create table `failed_jobs` (`id` bigint unsigned not null auto_increment primary key, `uuid` varchar(255) not null, `connection` text not null, `queue` text not null, `payload` longtext not null, `exception` longtext not null, `failed_at` timestamp default CURRENT_TIMESTAMP not null) default character set utf8mb4 collate 'utf8mb4_unicode_ci') at C:\\laragon\\www\\lprosarc2\\vendor\\laravel\\framework\\src\\Illuminate\\Database\\Connection.php:712)
[stacktrace]
#0 C:\\laragon\\www\\lprosarc2\\vendor\\laravel\\framework\\src\\Illuminate\\Database\\Connection.php(672): Illuminate\\Database\\Connection->runQueryCallback('create table `f...', Array, Object(Closure))
#1 C:\\laragon\\www\\lprosarc2\\vendor\\laravel\\framework\\src\\Illuminate\\Database\\Connection.php(502): Illuminate\\Database\\Connection->run('create table `f...', Array, Object(Closure))
#2 C:\\laragon\\www\\lprosarc2\\vendor\\laravel\\framework\\src\\Illuminate\\Database\\Schema\\Blueprint.php(109): Illuminate\\Database\\Connection->statement('create table `f...')
#3 C:\\laragon\\www\\lprosarc2\\vendor\\laravel\\framework\\src\\Illuminate\\Database\\Schema\\Builder.php(364): Illuminate\\Database\\Schema\\Blueprint->build(Object(Illuminate\\Database\\MySqlConnection), Object(Illuminate\\Database\\Schema\\Grammars\\MySqlGrammar))
#4 C:\\laragon\\www\\lprosarc2\\vendor\\laravel\\framework\\src\\Illuminate\\Database\\Schema\\Builder.php(227): Illuminate\\Database\\Schema\\Builder->build(Object(Illuminate\\Database\\Schema\\Blueprint))
#5 C:\\laragon\\www\\lprosarc2\\vendor\\laravel\\framework\\src\\Illuminate\\Support\\Facades\\Facade.php(261): Illuminate\\Database\\Schema\\Builder->create('failed_jobs', Object(Closure))
#6 C:\\laragon\\www\\lprosarc2\\database\\migrations\\2019_08_19_000000_create_failed_jobs_table.php(24): Illuminate\\Support\\Facades\\Facade::__callStatic('create', Array)
#7 C:\\laragon\\www\\lprosarc2\\vendor\\laravel\\framework\\src\\Illuminate\\Database\\Migrations\\Migrator.php(472): CreateFailedJobsTable->up()
#8 C:\\laragon\\www\\lprosarc2\\vendor\\laravel\\framework\\src\\Illuminate\\Database\\Migrations\\Migrator.php(394): Illuminate\\Database\\Migrations\\Migrator->runMethod(Object(Illuminate\\Database\\MySqlConnection), Object(CreateFailedJobsTable), 'up')
#9 C:\\laragon\\www\\lprosarc2\\vendor\\laravel\\framework\\src\\Illuminate\\Database\\Migrations\\Migrator.php(403): Illuminate\\Database\\Migrations\\Migrator->Illuminate\\Database\\Migrations\\{closure}()
#10 C:\\laragon\\www\\lprosarc2\\vendor\\laravel\\framework\\src\\Illuminate\\Database\\Migrations\\Migrator.php(202): Illuminate\\Database\\Migrations\\Migrator->runMigration(Object(CreateFailedJobsTable), 'up')
#11 C:\\laragon\\www\\lprosarc2\\vendor\\laravel\\framework\\src\\Illuminate\\Database\\Migrations\\Migrator.php(167): Illuminate\\Database\\Migrations\\Migrator->runUp('C:\\\\laragon\\\\www\\\\...', 20, false)
#12 C:\\laragon\\www\\lprosarc2\\vendor\\laravel\\framework\\src\\Illuminate\\Database\\Migrations\\Migrator.php(112): Illuminate\\Database\\Migrations\\Migrator->runPending(Array, Array)
#13 C:\\laragon\\www\\lprosarc2\\vendor\\laravel\\framework\\src\\Illuminate\\Database\\Console\\Migrations\\MigrateCommand.php(86): Illuminate\\Database\\Migrations\\Migrator->run(Array, Array)
#14 C:\\laragon\\www\\lprosarc2\\vendor\\laravel\\framework\\src\\Illuminate\\Database\\Migrations\\Migrator.php(606): Illuminate\\Database\\Console\\Migrations\\MigrateCommand->Illuminate\\Database\\Console\\Migrations\\{closure}()
#15 C:\\laragon\\www\\lprosarc2\\vendor\\laravel\\framework\\src\\Illuminate\\Database\\Console\\Migrations\\MigrateCommand.php(98): Illuminate\\Database\\Migrations\\Migrator->usingConnection(NULL, Object(Closure))
#16 C:\\laragon\\www\\lprosarc2\\vendor\\laravel\\framework\\src\\Illuminate\\Container\\BoundMethod.php(36): Illuminate\\Database\\Console\\Migrations\\MigrateCommand->handle()
#17 C:\\laragon\\www\\lprosarc2\\vendor\\laravel\\framework\\src\\Illuminate\\Container\\Util.php(40): Illuminate\\Container\\BoundMethod::Illuminate\\Container\\{closure}()
#18 C:\\laragon\\www\\lprosarc2\\vendor\\laravel\\framework\\src\\Illuminate\\Container\\BoundMethod.php(93): Illuminate\\Container\\Util::unwrapIfClosure(Object(Closure))
#19 C:\\laragon\\www\\lprosarc2\\vendor\\laravel\\framework\\src\\Illuminate\\Container\\BoundMethod.php(37): Illuminate\\Container\\BoundMethod::callBoundMethod(Object(Illuminate\\Foundation\\Application), Array, Object(Closure))
#20 C:\\laragon\\www\\lprosarc2\\vendor\\laravel\\framework\\src\\Illuminate\\Container\\Container.php(653): Illuminate\\Container\\BoundMethod::call(Object(Illuminate\\Foundation\\Application), Array, Array, NULL)
#21 C:\\laragon\\www\\lprosarc2\\vendor\\laravel\\framework\\src\\Illuminate\\Console\\Command.php(136): Illuminate\\Container\\Container->call(Array)
#22 C:\\laragon\\www\\lprosarc2\\vendor\\symfony\\console\\Command\\Command.php(298): Illuminate\\Console\\Command->execute(Object(Symfony\\Component\\Console\\Input\\ArgvInput), Object(Illuminate\\Console\\OutputStyle))
#23 C:\\laragon\\www\\lprosarc2\\vendor\\laravel\\framework\\src\\Illuminate\\Console\\Command.php(121): Symfony\\Component\\Console\\Command\\Command->run(Object(Symfony\\Component\\Console\\Input\\ArgvInput), Object(Illuminate\\Console\\OutputStyle))
#24 C:\\laragon\\www\\lprosarc2\\vendor\\symfony\\console\\Application.php(1040): Illuminate\\Console\\Command->run(Object(Symfony\\Component\\Console\\Input\\ArgvInput), Object(Symfony\\Component\\Console\\Output\\ConsoleOutput))
#25 C:\\laragon\\www\\lprosarc2\\vendor\\symfony\\console\\Application.php(301): Symfony\\Component\\Console\\Application->doRunCommand(Object(Illuminate\\Database\\Console\\Migrations\\MigrateCommand), Object(Symfony\\Component\\Console\\Input\\ArgvInput), Object(Symfony\\Component\\Console\\Output\\ConsoleOutput))
#26 C:\\laragon\\www\\lprosarc2\\vendor\\symfony\\console\\Application.php(171): Symfony\\Component\\Console\\Application->doRun(Object(Symfony\\Component\\Console\\Input\\ArgvInput), Object(Symfony\\Component\\Console\\Output\\ConsoleOutput))
#27 C:\\laragon\\www\\lprosarc2\\vendor\\laravel\\framework\\src\\Illuminate\\Console\\Application.php(94): Symfony\\Component\\Console\\Application->run(Object(Symfony\\Component\\Console\\Input\\ArgvInput), Object(Symfony\\Component\\Console\\Output\\ConsoleOutput))
#28 C:\\laragon\\www\\lprosarc2\\vendor\\laravel\\framework\\src\\Illuminate\\Foundation\\Console\\Kernel.php(129): Illuminate\\Console\\Application->run(Object(Symfony\\Component\\Console\\Input\\ArgvInput), Object(Symfony\\Component\\Console\\Output\\ConsoleOutput))
#29 C:\\laragon\\www\\lprosarc2\\artisan(37): Illuminate\\Foundation\\Console\\Kernel->handle(Object(Symfony\\Component\\Console\\Input\\ArgvInput), Object(Symfony\\Component\\Console\\Output\\ConsoleOutput))
#30 {main}

[previous exception] [object] (Doctrine\\DBAL\\Driver\\PDO\\Exception(code: 42S01): SQLSTATE[42S01]: Base table or view already exists: 1050 Table 'failed_jobs' already exists at C:\\laragon\\www\\lprosarc2\\vendor\\doctrine\\dbal\\lib\\Doctrine\\DBAL\\Driver\\PDO\\Exception.php:18)
[stacktrace]
#0 C:\\laragon\\www\\lprosarc2\\vendor\\doctrine\\dbal\\lib\\Doctrine\\DBAL\\Driver\\PDOStatement.php(119): Doctrine\\DBAL\\Driver\\PDO\\Exception::new(Object(PDOException))
#1 C:\\laragon\\www\\lprosarc2\\vendor\\laravel\\framework\\src\\Illuminate\\Database\\Connection.php(501): Doctrine\\DBAL\\Driver\\PDOStatement->execute()
#2 C:\\laragon\\www\\lprosarc2\\vendor\\laravel\\framework\\src\\Illuminate\\Database\\Connection.php(705): Illuminate\\Database\\Connection->Illuminate\\Database\\{closure}('create table `f...', Array)
#3 C:\\laragon\\www\\lprosarc2\\vendor\\laravel\\framework\\src\\Illuminate\\Database\\Connection.php(672): Illuminate\\Database\\Connection->runQueryCallback('create table `f...', Array, Object(Closure))
#4 C:\\laragon\\www\\lprosarc2\\vendor\\laravel\\framework\\src\\Illuminate\\Database\\Connection.php(502): Illuminate\\Database\\Connection->run('create table `f...', Array, Object(Closure))
#5 C:\\laragon\\www\\lprosarc2\\vendor\\laravel\\framework\\src\\Illuminate\\Database\\Schema\\Blueprint.php(109): Illuminate\\Database\\Connection->statement('create table `f...')
#6 C:\\laragon\\www\\lprosarc2\\vendor\\laravel\\framework\\src\\Illuminate\\Database\\Schema\\Builder.php(364): Illuminate\\Database\\Schema\\Blueprint->build(Object(Illuminate\\Database\\MySqlConnection), Object(Illuminate\\Database\\Schema\\Grammars\\MySqlGrammar))
#7 C:\\laragon\\www\\lprosarc2\\vendor\\laravel\\framework\\src\\Illuminate\\Database\\Schema\\Builder.php(227): Illuminate\\Database\\Schema\\Builder->build(Object(Illuminate\\Database\\Schema\\Blueprint))
#8 C:\\laragon\\www\\lprosarc2\\vendor\\laravel\\framework\\src\\Illuminate\\Support\\Facades\\Facade.php(261): Illuminate\\Database\\Schema\\Builder->create('failed_jobs', Object(Closure))
#9 C:\\laragon\\www\\lprosarc2\\database\\migrations\\2019_08_19_000000_create_failed_jobs_table.php(24): Illuminate\\Support\\Facades\\Facade::__callStatic('create', Array)
#10 C:\\laragon\\www\\lprosarc2\\vendor\\laravel\\framework\\src\\Illuminate\\Database\\Migrations\\Migrator.php(472): CreateFailedJobsTable->up()
#11 C:\\laragon\\www\\lprosarc2\\vendor\\laravel\\framework\\src\\Illuminate\\Database\\Migrations\\Migrator.php(394): Illuminate\\Database\\Migrations\\Migrator->runMethod(Object(Illuminate\\Database\\MySqlConnection), Object(CreateFailedJobsTable), 'up')
#12 C:\\laragon\\www\\lprosarc2\\vendor\\laravel\\framework\\src\\Illuminate\\Database\\Migrations\\Migrator.php(403): Illuminate\\Database\\Migrations\\Migrator->Illuminate\\Database\\Migrations\\{closure}()
#13 C:\\laragon\\www\\lprosarc2\\vendor\\laravel\\framework\\src\\Illuminate\\Database\\Migrations\\Migrator.php(202): Illuminate\\Database\\Migrations\\Migrator->runMigration(Object(CreateFailedJobsTable), 'up')
#14 C:\\laragon\\www\\lprosarc2\\vendor\\laravel\\framework\\src\\Illuminate\\Database\\Migrations\\Migrator.php(167): Illuminate\\Database\\Migrations\\Migrator->runUp('C:\\\\laragon\\\\www\\\\...', 20, false)
#15 C:\\laragon\\www\\lprosarc2\\vendor\\laravel\\framework\\src\\Illuminate\\Database\\Migrations\\Migrator.php(112): Illuminate\\Database\\Migrations\\Migrator->runPending(Array, Array)
#16 C:\\laragon\\www\\lprosarc2\\vendor\\laravel\\framework\\src\\Illuminate\\Database\\Console\\Migrations\\MigrateCommand.php(86): Illuminate\\Database\\Migrations\\Migrator->run(Array, Array)
#17 C:\\laragon\\www\\lprosarc2\\vendor\\laravel\\framework\\src\\Illuminate\\Database\\Migrations\\Migrator.php(606): Illuminate\\Database\\Console\\Migrations\\MigrateCommand->Illuminate\\Database\\Console\\Migrations\\{closure}()
#18 C:\\laragon\\www\\lprosarc2\\vendor\\laravel\\framework\\src\\Illuminate\\Database\\Console\\Migrations\\MigrateCommand.php(98): Illuminate\\Database\\Migrations\\Migrator->usingConnection(NULL, Object(Closure))
#19 C:\\laragon\\www\\lprosarc2\\vendor\\laravel\\framework\\src\\Illuminate\\Container\\BoundMethod.php(36): Illuminate\\Database\\Console\\Migrations\\MigrateCommand->handle()
#20 C:\\laragon\\www\\lprosarc2\\vendor\\laravel\\framework\\src\\Illuminate\\Container\\Util.php(40): Illuminate\\Container\\BoundMethod::Illuminate\\Container\\{closure}()
#21 C:\\laragon\\www\\lprosarc2\\vendor\\laravel\\framework\\src\\Illuminate\\Container\\BoundMethod.php(93): Illuminate\\Container\\Util::unwrapIfClosure(Object(Closure))
#22 C:\\laragon\\www\\lprosarc2\\vendor\\laravel\\framework\\src\\Illuminate\\Container\\BoundMethod.php(37): Illuminate\\Container\\BoundMethod::callBoundMethod(Object(Illuminate\\Foundation\\Application), Array, Object(Closure))
#23 C:\\laragon\\www\\lprosarc2\\vendor\\laravel\\framework\\src\\Illuminate\\Container\\Container.php(653): Illuminate\\Container\\BoundMethod::call(Object(Illuminate\\Foundation\\Application), Array, Array, NULL)
#24 C:\\laragon\\www\\lprosarc2\\vendor\\laravel\\framework\\src\\Illuminate\\Console\\Command.php(136): Illuminate\\Container\\Container->call(Array)
#25 C:\\laragon\\www\\lprosarc2\\vendor\\symfony\\console\\Command\\Command.php(298): Illuminate\\Console\\Command->execute(Object(Symfony\\Component\\Console\\Input\\ArgvInput), Object(Illuminate\\Console\\OutputStyle))
#26 C:\\laragon\\www\\lprosarc2\\vendor\\laravel\\framework\\src\\Illuminate\\Console\\Command.php(121): Symfony\\Component\\Console\\Command\\Command->run(Object(Symfony\\Component\\Console\\Input\\ArgvInput), Object(Illuminate\\Console\\OutputStyle))
#27 C:\\laragon\\www\\lprosarc2\\vendor\\symfony\\console\\Application.php(1040): Illuminate\\Console\\Command->run(Object(Symfony\\Component\\Console\\Input\\ArgvInput), Object(Symfony\\Component\\Console\\Output\\ConsoleOutput))
#28 C:\\laragon\\www\\lprosarc2\\vendor\\symfony\\console\\Application.php(301): Symfony\\Component\\Console\\Application->doRunCommand(Object(Illuminate\\Database\\Console\\Migrations\\MigrateCommand), Object(Symfony\\Component\\Console\\Input\\ArgvInput), Object(Symfony\\Component\\Console\\Output\\ConsoleOutput))
#29 C:\\laragon\\www\\lprosarc2\\vendor\\symfony\\console\\Application.php(171): Symfony\\Component\\Console\\Application->doRun(Object(Symfony\\Component\\Console\\Input\\ArgvInput), Object(Symfony\\Component\\Console\\Output\\ConsoleOutput))
#30 C:\\laragon\\www\\lprosarc2\\vendor\\laravel\\framework\\src\\Illuminate\\Console\\Application.php(94): Symfony\\Component\\Console\\Application->run(Object(Symfony\\Component\\Console\\Input\\ArgvInput), Object(Symfony\\Component\\Console\\Output\\ConsoleOutput))
#31 C:\\laragon\\www\\lprosarc2\\vendor\\laravel\\framework\\src\\Illuminate\\Foundation\\Console\\Kernel.php(129): Illuminate\\Console\\Application->run(Object(Symfony\\Component\\Console\\Input\\ArgvInput), Object(Symfony\\Component\\Console\\Output\\ConsoleOutput))
#32 C:\\laragon\\www\\lprosarc2\\artisan(37): Illuminate\\Foundation\\Console\\Kernel->handle(Object(Symfony\\Component\\Console\\Input\\ArgvInput), Object(Symfony\\Component\\Console\\Output\\ConsoleOutput))
#33 {main}

[previous exception] [object] (PDOException(code: 42S01): SQLSTATE[42S01]: Base table or view already exists: 1050 Table 'failed_jobs' already exists at C:\\laragon\\www\\lprosarc2\\vendor\\doctrine\\dbal\\lib\\Doctrine\\DBAL\\Driver\\PDOStatement.php:117)
[stacktrace]
#0 C:\\laragon\\www\\lprosarc2\\vendor\\doctrine\\dbal\\lib\\Doctrine\\DBAL\\Driver\\PDOStatement.php(117): PDOStatement->execute(NULL)
#1 C:\\laragon\\www\\lprosarc2\\vendor\\laravel\\framework\\src\\Illuminate\\Database\\Connection.php(501): Doctrine\\DBAL\\Driver\\PDOStatement->execute()
#2 C:\\laragon\\www\\lprosarc2\\vendor\\laravel\\framework\\src\\Illuminate\\Database\\Connection.php(705): Illuminate\\Database\\Connection->Illuminate\\Database\\{closure}('create table `f...', Array)
#3 C:\\laragon\\www\\lprosarc2\\vendor\\laravel\\framework\\src\\Illuminate\\Database\\Connection.php(672): Illuminate\\Database\\Connection->runQueryCallback('create table `f...', Array, Object(Closure))
#4 C:\\laragon\\www\\lprosarc2\\vendor\\laravel\\framework\\src\\Illuminate\\Database\\Connection.php(502): Illuminate\\Database\\Connection->run('create table `f...', Array, Object(Closure))
#5 C:\\laragon\\www\\lprosarc2\\vendor\\laravel\\framework\\src\\Illuminate\\Database\\Schema\\Blueprint.php(109): Illuminate\\Database\\Connection->statement('create table `f...')
#6 C:\\laragon\\www\\lprosarc2\\vendor\\laravel\\framework\\src\\Illuminate\\Database\\Schema\\Builder.php(364): Illuminate\\Database\\Schema\\Blueprint->build(Object(Illuminate\\Database\\MySqlConnection), Object(Illuminate\\Database\\Schema\\Grammars\\MySqlGrammar))
#7 C:\\laragon\\www\\lprosarc2\\vendor\\laravel\\framework\\src\\Illuminate\\Database\\Schema\\Builder.php(227): Illuminate\\Database\\Schema\\Builder->build(Object(Illuminate\\Database\\Schema\\Blueprint))
#8 C:\\laragon\\www\\lprosarc2\\vendor\\laravel\\framework\\src\\Illuminate\\Support\\Facades\\Facade.php(261): Illuminate\\Database\\Schema\\Builder->create('failed_jobs', Object(Closure))
#9 C:\\laragon\\www\\lprosarc2\\database\\migrations\\2019_08_19_000000_create_failed_jobs_table.php(24): Illuminate\\Support\\Facades\\Facade::__callStatic('create', Array)
#10 C:\\laragon\\www\\lprosarc2\\vendor\\laravel\\framework\\src\\Illuminate\\Database\\Migrations\\Migrator.php(472): CreateFailedJobsTable->up()
#11 C:\\laragon\\www\\lprosarc2\\vendor\\laravel\\framework\\src\\Illuminate\\Database\\Migrations\\Migrator.php(394): Illuminate\\Database\\Migrations\\Migrator->runMethod(Object(Illuminate\\Database\\MySqlConnection), Object(CreateFailedJobsTable), 'up')
#12 C:\\laragon\\www\\lprosarc2\\vendor\\laravel\\framework\\src\\Illuminate\\Database\\Migrations\\Migrator.php(403): Illuminate\\Database\\Migrations\\Migrator->Illuminate\\Database\\Migrations\\{closure}()
#13 C:\\laragon\\www\\lprosarc2\\vendor\\laravel\\framework\\src\\Illuminate\\Database\\Migrations\\Migrator.php(202): Illuminate\\Database\\Migrations\\Migrator->runMigration(Object(CreateFailedJobsTable), 'up')
#14 C:\\laragon\\www\\lprosarc2\\vendor\\laravel\\framework\\src\\Illuminate\\Database\\Migrations\\Migrator.php(167): Illuminate\\Database\\Migrations\\Migrator->runUp('C:\\\\laragon\\\\www\\\\...', 20, false)
#15 C:\\laragon\\www\\lprosarc2\\vendor\\laravel\\framework\\src\\Illuminate\\Database\\Migrations\\Migrator.php(112): Illuminate\\Database\\Migrations\\Migrator->runPending(Array, Array)
#16 C:\\laragon\\www\\lprosarc2\\vendor\\laravel\\framework\\src\\Illuminate\\Database\\Console\\Migrations\\MigrateCommand.php(86): Illuminate\\Database\\Migrations\\Migrator->run(Array, Array)
#17 C:\\laragon\\www\\lprosarc2\\vendor\\laravel\\framework\\src\\Illuminate\\Database\\Migrations\\Migrator.php(606): Illuminate\\Database\\Console\\Migrations\\MigrateCommand->Illuminate\\Database\\Console\\Migrations\\{closure}()
#18 C:\\laragon\\www\\lprosarc2\\vendor\\laravel\\framework\\src\\Illuminate\\Database\\Console\\Migrations\\MigrateCommand.php(98): Illuminate\\Database\\Migrations\\Migrator->usingConnection(NULL, Object(Closure))
#19 C:\\laragon\\www\\lprosarc2\\vendor\\laravel\\framework\\src\\Illuminate\\Container\\BoundMethod.php(36): Illuminate\\Database\\Console\\Migrations\\MigrateCommand->handle()
#20 C:\\laragon\\www\\lprosarc2\\vendor\\laravel\\framework\\src\\Illuminate\\Container\\Util.php(40): Illuminate\\Container\\BoundMethod::Illuminate\\Container\\{closure}()
#21 C:\\laragon\\www\\lprosarc2\\vendor\\laravel\\framework\\src\\Illuminate\\Container\\BoundMethod.php(93): Illuminate\\Container\\Util::unwrapIfClosure(Object(Closure))
#22 C:\\laragon\\www\\lprosarc2\\vendor\\laravel\\framework\\src\\Illuminate\\Container\\BoundMethod.php(37): Illuminate\\Container\\BoundMethod::callBoundMethod(Object(Illuminate\\Foundation\\Application), Array, Object(Closure))
#23 C:\\laragon\\www\\lprosarc2\\vendor\\laravel\\framework\\src\\Illuminate\\Container\\Container.php(653): Illuminate\\Container\\BoundMethod::call(Object(Illuminate\\Foundation\\Application), Array, Array, NULL)
#24 C:\\laragon\\www\\lprosarc2\\vendor\\laravel\\framework\\src\\Illuminate\\Console\\Command.php(136): Illuminate\\Container\\Container->call(Array)
#25 C:\\laragon\\www\\lprosarc2\\vendor\\symfony\\console\\Command\\Command.php(298): Illuminate\\Console\\Command->execute(Object(Symfony\\Component\\Console\\Input\\ArgvInput), Object(Illuminate\\Console\\OutputStyle))
#26 C:\\laragon\\www\\lprosarc2\\vendor\\laravel\\framework\\src\\Illuminate\\Console\\Command.php(121): Symfony\\Component\\Console\\Command\\Command->run(Object(Symfony\\Component\\Console\\Input\\ArgvInput), Object(Illuminate\\Console\\OutputStyle))
#27 C:\\laragon\\www\\lprosarc2\\vendor\\symfony\\console\\Application.php(1040): Illuminate\\Console\\Command->run(Object(Symfony\\Component\\Console\\Input\\ArgvInput), Object(Symfony\\Component\\Console\\Output\\ConsoleOutput))
#28 C:\\laragon\\www\\lprosarc2\\vendor\\symfony\\console\\Application.php(301): Symfony\\Component\\Console\\Application->doRunCommand(Object(Illuminate\\Database\\Console\\Migrations\\MigrateCommand), Object(Symfony\\Component\\Console\\Input\\ArgvInput), Object(Symfony\\Component\\Console\\Output\\ConsoleOutput))
#29 C:\\laragon\\www\\lprosarc2\\vendor\\symfony\\console\\Application.php(171): Symfony\\Component\\Console\\Application->doRun(Object(Symfony\\Component\\Console\\Input\\ArgvInput), Object(Symfony\\Component\\Console\\Output\\ConsoleOutput))
#30 C:\\laragon\\www\\lprosarc2\\vendor\\laravel\\framework\\src\\Illuminate\\Console\\Application.php(94): Symfony\\Component\\Console\\Application->run(Object(Symfony\\Component\\Console\\Input\\ArgvInput), Object(Symfony\\Component\\Console\\Output\\ConsoleOutput))
#31 C:\\laragon\\www\\lprosarc2\\vendor\\laravel\\framework\\src\\Illuminate\\Foundation\\Console\\Kernel.php(129): Illuminate\\Console\\Application->run(Object(Symfony\\Component\\Console\\Input\\ArgvInput), Object(Symfony\\Component\\Console\\Output\\ConsoleOutput))
#32 C:\\laragon\\www\\lprosarc2\\artisan(37): Illuminate\\Foundation\\Console\\Kernel->handle(Object(Symfony\\Component\\Console\\Input\\ArgvInput), Object(Symfony\\Component\\Console\\Output\\ConsoleOutput))
#33 {main}
"} 
[2024-07-30 09:36:15] local.ERROR: SQLSTATE[42S01]: Base table or view already exists: 1050 Table 'failed_jobs' already exists (SQL: create table `failed_jobs` (`id` bigint unsigned not null auto_increment primary key, `uuid` varchar(255) not null, `connection` text not null, `queue` text not null, `payload` longtext not null, `exception` longtext not null, `failed_at` timestamp default CURRENT_TIMESTAMP not null) default character set utf8mb4 collate 'utf8mb4_unicode_ci') {"exception":"[object] (Illuminate\\Database\\QueryException(code: 42S01): SQLSTATE[42S01]: Base table or view already exists: 1050 Table 'failed_jobs' already exists (SQL: create table `failed_jobs` (`id` bigint unsigned not null auto_increment primary key, `uuid` varchar(255) not null, `connection` text not null, `queue` text not null, `payload` longtext not null, `exception` longtext not null, `failed_at` timestamp default CURRENT_TIMESTAMP not null) default character set utf8mb4 collate 'utf8mb4_unicode_ci') at C:\\laragon\\www\\lprosarc2\\vendor\\laravel\\framework\\src\\Illuminate\\Database\\Connection.php:712)
[stacktrace]
#0 C:\\laragon\\www\\lprosarc2\\vendor\\laravel\\framework\\src\\Illuminate\\Database\\Connection.php(672): Illuminate\\Database\\Connection->runQueryCallback('create table `f...', Array, Object(Closure))
#1 C:\\laragon\\www\\lprosarc2\\vendor\\laravel\\framework\\src\\Illuminate\\Database\\Connection.php(502): Illuminate\\Database\\Connection->run('create table `f...', Array, Object(Closure))
#2 C:\\laragon\\www\\lprosarc2\\vendor\\laravel\\framework\\src\\Illuminate\\Database\\Schema\\Blueprint.php(109): Illuminate\\Database\\Connection->statement('create table `f...')
#3 C:\\laragon\\www\\lprosarc2\\vendor\\laravel\\framework\\src\\Illuminate\\Database\\Schema\\Builder.php(364): Illuminate\\Database\\Schema\\Blueprint->build(Object(Illuminate\\Database\\MySqlConnection), Object(Illuminate\\Database\\Schema\\Grammars\\MySqlGrammar))
#4 C:\\laragon\\www\\lprosarc2\\vendor\\laravel\\framework\\src\\Illuminate\\Database\\Schema\\Builder.php(227): Illuminate\\Database\\Schema\\Builder->build(Object(Illuminate\\Database\\Schema\\Blueprint))
#5 C:\\laragon\\www\\lprosarc2\\vendor\\laravel\\framework\\src\\Illuminate\\Support\\Facades\\Facade.php(261): Illuminate\\Database\\Schema\\Builder->create('failed_jobs', Object(Closure))
#6 C:\\laragon\\www\\lprosarc2\\database\\migrations\\2019_08_19_000000_create_failed_jobs_table.php(24): Illuminate\\Support\\Facades\\Facade::__callStatic('create', Array)
#7 C:\\laragon\\www\\lprosarc2\\vendor\\laravel\\framework\\src\\Illuminate\\Database\\Migrations\\Migrator.php(472): CreateFailedJobsTable->up()
#8 C:\\laragon\\www\\lprosarc2\\vendor\\laravel\\framework\\src\\Illuminate\\Database\\Migrations\\Migrator.php(394): Illuminate\\Database\\Migrations\\Migrator->runMethod(Object(Illuminate\\Database\\MySqlConnection), Object(CreateFailedJobsTable), 'up')
#9 C:\\laragon\\www\\lprosarc2\\vendor\\laravel\\framework\\src\\Illuminate\\Database\\Migrations\\Migrator.php(403): Illuminate\\Database\\Migrations\\Migrator->Illuminate\\Database\\Migrations\\{closure}()
#10 C:\\laragon\\www\\lprosarc2\\vendor\\laravel\\framework\\src\\Illuminate\\Database\\Migrations\\Migrator.php(202): Illuminate\\Database\\Migrations\\Migrator->runMigration(Object(CreateFailedJobsTable), 'up')
#11 C:\\laragon\\www\\lprosarc2\\vendor\\laravel\\framework\\src\\Illuminate\\Database\\Migrations\\Migrator.php(167): Illuminate\\Database\\Migrations\\Migrator->runUp('C:\\\\laragon\\\\www\\\\...', 20, false)
#12 C:\\laragon\\www\\lprosarc2\\vendor\\laravel\\framework\\src\\Illuminate\\Database\\Migrations\\Migrator.php(112): Illuminate\\Database\\Migrations\\Migrator->runPending(Array, Array)
#13 C:\\laragon\\www\\lprosarc2\\vendor\\laravel\\framework\\src\\Illuminate\\Database\\Console\\Migrations\\MigrateCommand.php(86): Illuminate\\Database\\Migrations\\Migrator->run(Array, Array)
#14 C:\\laragon\\www\\lprosarc2\\vendor\\laravel\\framework\\src\\Illuminate\\Database\\Migrations\\Migrator.php(606): Illuminate\\Database\\Console\\Migrations\\MigrateCommand->Illuminate\\Database\\Console\\Migrations\\{closure}()
#15 C:\\laragon\\www\\lprosarc2\\vendor\\laravel\\framework\\src\\Illuminate\\Database\\Console\\Migrations\\MigrateCommand.php(98): Illuminate\\Database\\Migrations\\Migrator->usingConnection(NULL, Object(Closure))
#16 C:\\laragon\\www\\lprosarc2\\vendor\\laravel\\framework\\src\\Illuminate\\Container\\BoundMethod.php(36): Illuminate\\Database\\Console\\Migrations\\MigrateCommand->handle()
#17 C:\\laragon\\www\\lprosarc2\\vendor\\laravel\\framework\\src\\Illuminate\\Container\\Util.php(40): Illuminate\\Container\\BoundMethod::Illuminate\\Container\\{closure}()
#18 C:\\laragon\\www\\lprosarc2\\vendor\\laravel\\framework\\src\\Illuminate\\Container\\BoundMethod.php(93): Illuminate\\Container\\Util::unwrapIfClosure(Object(Closure))
#19 C:\\laragon\\www\\lprosarc2\\vendor\\laravel\\framework\\src\\Illuminate\\Container\\BoundMethod.php(37): Illuminate\\Container\\BoundMethod::callBoundMethod(Object(Illuminate\\Foundation\\Application), Array, Object(Closure))
#20 C:\\laragon\\www\\lprosarc2\\vendor\\laravel\\framework\\src\\Illuminate\\Container\\Container.php(653): Illuminate\\Container\\BoundMethod::call(Object(Illuminate\\Foundation\\Application), Array, Array, NULL)
#21 C:\\laragon\\www\\lprosarc2\\vendor\\laravel\\framework\\src\\Illuminate\\Console\\Command.php(136): Illuminate\\Container\\Container->call(Array)
#22 C:\\laragon\\www\\lprosarc2\\vendor\\symfony\\console\\Command\\Command.php(298): Illuminate\\Console\\Command->execute(Object(Symfony\\Component\\Console\\Input\\ArgvInput), Object(Illuminate\\Console\\OutputStyle))
#23 C:\\laragon\\www\\lprosarc2\\vendor\\laravel\\framework\\src\\Illuminate\\Console\\Command.php(121): Symfony\\Component\\Console\\Command\\Command->run(Object(Symfony\\Component\\Console\\Input\\ArgvInput), Object(Illuminate\\Console\\OutputStyle))
#24 C:\\laragon\\www\\lprosarc2\\vendor\\symfony\\console\\Application.php(1040): Illuminate\\Console\\Command->run(Object(Symfony\\Component\\Console\\Input\\ArgvInput), Object(Symfony\\Component\\Console\\Output\\ConsoleOutput))
#25 C:\\laragon\\www\\lprosarc2\\vendor\\symfony\\console\\Application.php(301): Symfony\\Component\\Console\\Application->doRunCommand(Object(Illuminate\\Database\\Console\\Migrations\\MigrateCommand), Object(Symfony\\Component\\Console\\Input\\ArgvInput), Object(Symfony\\Component\\Console\\Output\\ConsoleOutput))
#26 C:\\laragon\\www\\lprosarc2\\vendor\\symfony\\console\\Application.php(171): Symfony\\Component\\Console\\Application->doRun(Object(Symfony\\Component\\Console\\Input\\ArgvInput), Object(Symfony\\Component\\Console\\Output\\ConsoleOutput))
#27 C:\\laragon\\www\\lprosarc2\\vendor\\laravel\\framework\\src\\Illuminate\\Console\\Application.php(94): Symfony\\Component\\Console\\Application->run(Object(Symfony\\Component\\Console\\Input\\ArgvInput), Object(Symfony\\Component\\Console\\Output\\ConsoleOutput))
#28 C:\\laragon\\www\\lprosarc2\\vendor\\laravel\\framework\\src\\Illuminate\\Foundation\\Console\\Kernel.php(129): Illuminate\\Console\\Application->run(Object(Symfony\\Component\\Console\\Input\\ArgvInput), Object(Symfony\\Component\\Console\\Output\\ConsoleOutput))
#29 C:\\laragon\\www\\lprosarc2\\artisan(37): Illuminate\\Foundation\\Console\\Kernel->handle(Object(Symfony\\Component\\Console\\Input\\ArgvInput), Object(Symfony\\Component\\Console\\Output\\ConsoleOutput))
#30 {main}

[previous exception] [object] (Doctrine\\DBAL\\Driver\\PDO\\Exception(code: 42S01): SQLSTATE[42S01]: Base table or view already exists: 1050 Table 'failed_jobs' already exists at C:\\laragon\\www\\lprosarc2\\vendor\\doctrine\\dbal\\lib\\Doctrine\\DBAL\\Driver\\PDO\\Exception.php:18)
[stacktrace]
#0 C:\\laragon\\www\\lprosarc2\\vendor\\doctrine\\dbal\\lib\\Doctrine\\DBAL\\Driver\\PDOStatement.php(119): Doctrine\\DBAL\\Driver\\PDO\\Exception::new(Object(PDOException))
#1 C:\\laragon\\www\\lprosarc2\\vendor\\laravel\\framework\\src\\Illuminate\\Database\\Connection.php(501): Doctrine\\DBAL\\Driver\\PDOStatement->execute()
#2 C:\\laragon\\www\\lprosarc2\\vendor\\laravel\\framework\\src\\Illuminate\\Database\\Connection.php(705): Illuminate\\Database\\Connection->Illuminate\\Database\\{closure}('create table `f...', Array)
#3 C:\\laragon\\www\\lprosarc2\\vendor\\laravel\\framework\\src\\Illuminate\\Database\\Connection.php(672): Illuminate\\Database\\Connection->runQueryCallback('create table `f...', Array, Object(Closure))
#4 C:\\laragon\\www\\lprosarc2\\vendor\\laravel\\framework\\src\\Illuminate\\Database\\Connection.php(502): Illuminate\\Database\\Connection->run('create table `f...', Array, Object(Closure))
#5 C:\\laragon\\www\\lprosarc2\\vendor\\laravel\\framework\\src\\Illuminate\\Database\\Schema\\Blueprint.php(109): Illuminate\\Database\\Connection->statement('create table `f...')
#6 C:\\laragon\\www\\lprosarc2\\vendor\\laravel\\framework\\src\\Illuminate\\Database\\Schema\\Builder.php(364): Illuminate\\Database\\Schema\\Blueprint->build(Object(Illuminate\\Database\\MySqlConnection), Object(Illuminate\\Database\\Schema\\Grammars\\MySqlGrammar))
#7 C:\\laragon\\www\\lprosarc2\\vendor\\laravel\\framework\\src\\Illuminate\\Database\\Schema\\Builder.php(227): Illuminate\\Database\\Schema\\Builder->build(Object(Illuminate\\Database\\Schema\\Blueprint))
#8 C:\\laragon\\www\\lprosarc2\\vendor\\laravel\\framework\\src\\Illuminate\\Support\\Facades\\Facade.php(261): Illuminate\\Database\\Schema\\Builder->create('failed_jobs', Object(Closure))
#9 C:\\laragon\\www\\lprosarc2\\database\\migrations\\2019_08_19_000000_create_failed_jobs_table.php(24): Illuminate\\Support\\Facades\\Facade::__callStatic('create', Array)
#10 C:\\laragon\\www\\lprosarc2\\vendor\\laravel\\framework\\src\\Illuminate\\Database\\Migrations\\Migrator.php(472): CreateFailedJobsTable->up()
#11 C:\\laragon\\www\\lprosarc2\\vendor\\laravel\\framework\\src\\Illuminate\\Database\\Migrations\\Migrator.php(394): Illuminate\\Database\\Migrations\\Migrator->runMethod(Object(Illuminate\\Database\\MySqlConnection), Object(CreateFailedJobsTable), 'up')
#12 C:\\laragon\\www\\lprosarc2\\vendor\\laravel\\framework\\src\\Illuminate\\Database\\Migrations\\Migrator.php(403): Illuminate\\Database\\Migrations\\Migrator->Illuminate\\Database\\Migrations\\{closure}()
#13 C:\\laragon\\www\\lprosarc2\\vendor\\laravel\\framework\\src\\Illuminate\\Database\\Migrations\\Migrator.php(202): Illuminate\\Database\\Migrations\\Migrator->runMigration(Object(CreateFailedJobsTable), 'up')
#14 C:\\laragon\\www\\lprosarc2\\vendor\\laravel\\framework\\src\\Illuminate\\Database\\Migrations\\Migrator.php(167): Illuminate\\Database\\Migrations\\Migrator->runUp('C:\\\\laragon\\\\www\\\\...', 20, false)
#15 C:\\laragon\\www\\lprosarc2\\vendor\\laravel\\framework\\src\\Illuminate\\Database\\Migrations\\Migrator.php(112): Illuminate\\Database\\Migrations\\Migrator->runPending(Array, Array)
#16 C:\\laragon\\www\\lprosarc2\\vendor\\laravel\\framework\\src\\Illuminate\\Database\\Console\\Migrations\\MigrateCommand.php(86): Illuminate\\Database\\Migrations\\Migrator->run(Array, Array)
#17 C:\\laragon\\www\\lprosarc2\\vendor\\laravel\\framework\\src\\Illuminate\\Database\\Migrations\\Migrator.php(606): Illuminate\\Database\\Console\\Migrations\\MigrateCommand->Illuminate\\Database\\Console\\Migrations\\{closure}()
#18 C:\\laragon\\www\\lprosarc2\\vendor\\laravel\\framework\\src\\Illuminate\\Database\\Console\\Migrations\\MigrateCommand.php(98): Illuminate\\Database\\Migrations\\Migrator->usingConnection(NULL, Object(Closure))
#19 C:\\laragon\\www\\lprosarc2\\vendor\\laravel\\framework\\src\\Illuminate\\Container\\BoundMethod.php(36): Illuminate\\Database\\Console\\Migrations\\MigrateCommand->handle()
#20 C:\\laragon\\www\\lprosarc2\\vendor\\laravel\\framework\\src\\Illuminate\\Container\\Util.php(40): Illuminate\\Container\\BoundMethod::Illuminate\\Container\\{closure}()
#21 C:\\laragon\\www\\lprosarc2\\vendor\\laravel\\framework\\src\\Illuminate\\Container\\BoundMethod.php(93): Illuminate\\Container\\Util::unwrapIfClosure(Object(Closure))
#22 C:\\laragon\\www\\lprosarc2\\vendor\\laravel\\framework\\src\\Illuminate\\Container\\BoundMethod.php(37): Illuminate\\Container\\BoundMethod::callBoundMethod(Object(Illuminate\\Foundation\\Application), Array, Object(Closure))
#23 C:\\laragon\\www\\lprosarc2\\vendor\\laravel\\framework\\src\\Illuminate\\Container\\Container.php(653): Illuminate\\Container\\BoundMethod::call(Object(Illuminate\\Foundation\\Application), Array, Array, NULL)
#24 C:\\laragon\\www\\lprosarc2\\vendor\\laravel\\framework\\src\\Illuminate\\Console\\Command.php(136): Illuminate\\Container\\Container->call(Array)
#25 C:\\laragon\\www\\lprosarc2\\vendor\\symfony\\console\\Command\\Command.php(298): Illuminate\\Console\\Command->execute(Object(Symfony\\Component\\Console\\Input\\ArgvInput), Object(Illuminate\\Console\\OutputStyle))
#26 C:\\laragon\\www\\lprosarc2\\vendor\\laravel\\framework\\src\\Illuminate\\Console\\Command.php(121): Symfony\\Component\\Console\\Command\\Command->run(Object(Symfony\\Component\\Console\\Input\\ArgvInput), Object(Illuminate\\Console\\OutputStyle))
#27 C:\\laragon\\www\\lprosarc2\\vendor\\symfony\\console\\Application.php(1040): Illuminate\\Console\\Command->run(Object(Symfony\\Component\\Console\\Input\\ArgvInput), Object(Symfony\\Component\\Console\\Output\\ConsoleOutput))
#28 C:\\laragon\\www\\lprosarc2\\vendor\\symfony\\console\\Application.php(301): Symfony\\Component\\Console\\Application->doRunCommand(Object(Illuminate\\Database\\Console\\Migrations\\MigrateCommand), Object(Symfony\\Component\\Console\\Input\\ArgvInput), Object(Symfony\\Component\\Console\\Output\\ConsoleOutput))
#29 C:\\laragon\\www\\lprosarc2\\vendor\\symfony\\console\\Application.php(171): Symfony\\Component\\Console\\Application->doRun(Object(Symfony\\Component\\Console\\Input\\ArgvInput), Object(Symfony\\Component\\Console\\Output\\ConsoleOutput))
#30 C:\\laragon\\www\\lprosarc2\\vendor\\laravel\\framework\\src\\Illuminate\\Console\\Application.php(94): Symfony\\Component\\Console\\Application->run(Object(Symfony\\Component\\Console\\Input\\ArgvInput), Object(Symfony\\Component\\Console\\Output\\ConsoleOutput))
#31 C:\\laragon\\www\\lprosarc2\\vendor\\laravel\\framework\\src\\Illuminate\\Foundation\\Console\\Kernel.php(129): Illuminate\\Console\\Application->run(Object(Symfony\\Component\\Console\\Input\\ArgvInput), Object(Symfony\\Component\\Console\\Output\\ConsoleOutput))
#32 C:\\laragon\\www\\lprosarc2\\artisan(37): Illuminate\\Foundation\\Console\\Kernel->handle(Object(Symfony\\Component\\Console\\Input\\ArgvInput), Object(Symfony\\Component\\Console\\Output\\ConsoleOutput))
#33 {main}

[previous exception] [object] (PDOException(code: 42S01): SQLSTATE[42S01]: Base table or view already exists: 1050 Table 'failed_jobs' already exists at C:\\laragon\\www\\lprosarc2\\vendor\\doctrine\\dbal\\lib\\Doctrine\\DBAL\\Driver\\PDOStatement.php:117)
[stacktrace]
#0 C:\\laragon\\www\\lprosarc2\\vendor\\doctrine\\dbal\\lib\\Doctrine\\DBAL\\Driver\\PDOStatement.php(117): PDOStatement->execute(NULL)
#1 C:\\laragon\\www\\lprosarc2\\vendor\\laravel\\framework\\src\\Illuminate\\Database\\Connection.php(501): Doctrine\\DBAL\\Driver\\PDOStatement->execute()
#2 C:\\laragon\\www\\lprosarc2\\vendor\\laravel\\framework\\src\\Illuminate\\Database\\Connection.php(705): Illuminate\\Database\\Connection->Illuminate\\Database\\{closure}('create table `f...', Array)
#3 C:\\laragon\\www\\lprosarc2\\vendor\\laravel\\framework\\src\\Illuminate\\Database\\Connection.php(672): Illuminate\\Database\\Connection->runQueryCallback('create table `f...', Array, Object(Closure))
#4 C:\\laragon\\www\\lprosarc2\\vendor\\laravel\\framework\\src\\Illuminate\\Database\\Connection.php(502): Illuminate\\Database\\Connection->run('create table `f...', Array, Object(Closure))
#5 C:\\laragon\\www\\lprosarc2\\vendor\\laravel\\framework\\src\\Illuminate\\Database\\Schema\\Blueprint.php(109): Illuminate\\Database\\Connection->statement('create table `f...')
#6 C:\\laragon\\www\\lprosarc2\\vendor\\laravel\\framework\\src\\Illuminate\\Database\\Schema\\Builder.php(364): Illuminate\\Database\\Schema\\Blueprint->build(Object(Illuminate\\Database\\MySqlConnection), Object(Illuminate\\Database\\Schema\\Grammars\\MySqlGrammar))
#7 C:\\laragon\\www\\lprosarc2\\vendor\\laravel\\framework\\src\\Illuminate\\Database\\Schema\\Builder.php(227): Illuminate\\Database\\Schema\\Builder->build(Object(Illuminate\\Database\\Schema\\Blueprint))
#8 C:\\laragon\\www\\lprosarc2\\vendor\\laravel\\framework\\src\\Illuminate\\Support\\Facades\\Facade.php(261): Illuminate\\Database\\Schema\\Builder->create('failed_jobs', Object(Closure))
#9 C:\\laragon\\www\\lprosarc2\\database\\migrations\\2019_08_19_000000_create_failed_jobs_table.php(24): Illuminate\\Support\\Facades\\Facade::__callStatic('create', Array)
#10 C:\\laragon\\www\\lprosarc2\\vendor\\laravel\\framework\\src\\Illuminate\\Database\\Migrations\\Migrator.php(472): CreateFailedJobsTable->up()
#11 C:\\laragon\\www\\lprosarc2\\vendor\\laravel\\framework\\src\\Illuminate\\Database\\Migrations\\Migrator.php(394): Illuminate\\Database\\Migrations\\Migrator->runMethod(Object(Illuminate\\Database\\MySqlConnection), Object(CreateFailedJobsTable), 'up')
#12 C:\\laragon\\www\\lprosarc2\\vendor\\laravel\\framework\\src\\Illuminate\\Database\\Migrations\\Migrator.php(403): Illuminate\\Database\\Migrations\\Migrator->Illuminate\\Database\\Migrations\\{closure}()
#13 C:\\laragon\\www\\lprosarc2\\vendor\\laravel\\framework\\src\\Illuminate\\Database\\Migrations\\Migrator.php(202): Illuminate\\Database\\Migrations\\Migrator->runMigration(Object(CreateFailedJobsTable), 'up')
#14 C:\\laragon\\www\\lprosarc2\\vendor\\laravel\\framework\\src\\Illuminate\\Database\\Migrations\\Migrator.php(167): Illuminate\\Database\\Migrations\\Migrator->runUp('C:\\\\laragon\\\\www\\\\...', 20, false)
#15 C:\\laragon\\www\\lprosarc2\\vendor\\laravel\\framework\\src\\Illuminate\\Database\\Migrations\\Migrator.php(112): Illuminate\\Database\\Migrations\\Migrator->runPending(Array, Array)
#16 C:\\laragon\\www\\lprosarc2\\vendor\\laravel\\framework\\src\\Illuminate\\Database\\Console\\Migrations\\MigrateCommand.php(86): Illuminate\\Database\\Migrations\\Migrator->run(Array, Array)
#17 C:\\laragon\\www\\lprosarc2\\vendor\\laravel\\framework\\src\\Illuminate\\Database\\Migrations\\Migrator.php(606): Illuminate\\Database\\Console\\Migrations\\MigrateCommand->Illuminate\\Database\\Console\\Migrations\\{closure}()
#18 C:\\laragon\\www\\lprosarc2\\vendor\\laravel\\framework\\src\\Illuminate\\Database\\Console\\Migrations\\MigrateCommand.php(98): Illuminate\\Database\\Migrations\\Migrator->usingConnection(NULL, Object(Closure))
#19 C:\\laragon\\www\\lprosarc2\\vendor\\laravel\\framework\\src\\Illuminate\\Container\\BoundMethod.php(36): Illuminate\\Database\\Console\\Migrations\\MigrateCommand->handle()
#20 C:\\laragon\\www\\lprosarc2\\vendor\\laravel\\framework\\src\\Illuminate\\Container\\Util.php(40): Illuminate\\Container\\BoundMethod::Illuminate\\Container\\{closure}()
#21 C:\\laragon\\www\\lprosarc2\\vendor\\laravel\\framework\\src\\Illuminate\\Container\\BoundMethod.php(93): Illuminate\\Container\\Util::unwrapIfClosure(Object(Closure))
#22 C:\\laragon\\www\\lprosarc2\\vendor\\laravel\\framework\\src\\Illuminate\\Container\\BoundMethod.php(37): Illuminate\\Container\\BoundMethod::callBoundMethod(Object(Illuminate\\Foundation\\Application), Array, Object(Closure))
#23 C:\\laragon\\www\\lprosarc2\\vendor\\laravel\\framework\\src\\Illuminate\\Container\\Container.php(653): Illuminate\\Container\\BoundMethod::call(Object(Illuminate\\Foundation\\Application), Array, Array, NULL)
#24 C:\\laragon\\www\\lprosarc2\\vendor\\laravel\\framework\\src\\Illuminate\\Console\\Command.php(136): Illuminate\\Container\\Container->call(Array)
#25 C:\\laragon\\www\\lprosarc2\\vendor\\symfony\\console\\Command\\Command.php(298): Illuminate\\Console\\Command->execute(Object(Symfony\\Component\\Console\\Input\\ArgvInput), Object(Illuminate\\Console\\OutputStyle))
#26 C:\\laragon\\www\\lprosarc2\\vendor\\laravel\\framework\\src\\Illuminate\\Console\\Command.php(121): Symfony\\Component\\Console\\Command\\Command->run(Object(Symfony\\Component\\Console\\Input\\ArgvInput), Object(Illuminate\\Console\\OutputStyle))
#27 C:\\laragon\\www\\lprosarc2\\vendor\\symfony\\console\\Application.php(1040): Illuminate\\Console\\Command->run(Object(Symfony\\Component\\Console\\Input\\ArgvInput), Object(Symfony\\Component\\Console\\Output\\ConsoleOutput))
#28 C:\\laragon\\www\\lprosarc2\\vendor\\symfony\\console\\Application.php(301): Symfony\\Component\\Console\\Application->doRunCommand(Object(Illuminate\\Database\\Console\\Migrations\\MigrateCommand), Object(Symfony\\Component\\Console\\Input\\ArgvInput), Object(Symfony\\Component\\Console\\Output\\ConsoleOutput))
#29 C:\\laragon\\www\\lprosarc2\\vendor\\symfony\\console\\Application.php(171): Symfony\\Component\\Console\\Application->doRun(Object(Symfony\\Component\\Console\\Input\\ArgvInput), Object(Symfony\\Component\\Console\\Output\\ConsoleOutput))
#30 C:\\laragon\\www\\lprosarc2\\vendor\\laravel\\framework\\src\\Illuminate\\Console\\Application.php(94): Symfony\\Component\\Console\\Application->run(Object(Symfony\\Component\\Console\\Input\\ArgvInput), Object(Symfony\\Component\\Console\\Output\\ConsoleOutput))
#31 C:\\laragon\\www\\lprosarc2\\vendor\\laravel\\framework\\src\\Illuminate\\Foundation\\Console\\Kernel.php(129): Illuminate\\Console\\Application->run(Object(Symfony\\Component\\Console\\Input\\ArgvInput), Object(Symfony\\Component\\Console\\Output\\ConsoleOutput))
#32 C:\\laragon\\www\\lprosarc2\\artisan(37): Illuminate\\Foundation\\Console\\Kernel->handle(Object(Symfony\\Component\\Console\\Input\\ArgvInput), Object(Symfony\\Component\\Console\\Output\\ConsoleOutput))
#33 {main}
"} 
[2024-07-30 09:37:24] local.ERROR: SQLSTATE[42S01]: Base table or view already exists: 1050 Table 'failed_jobs' already exists (SQL: create table `failed_jobs` (`id` bigint unsigned not null auto_increment primary key, `uuid` varchar(255) not null, `connection` text not null, `queue` text not null, `payload` longtext not null, `exception` longtext not null, `failed_at` timestamp default CURRENT_TIMESTAMP not null) default character set utf8mb4 collate 'utf8mb4_unicode_ci') {"exception":"[object] (Illuminate\\Database\\QueryException(code: 42S01): SQLSTATE[42S01]: Base table or view already exists: 1050 Table 'failed_jobs' already exists (SQL: create table `failed_jobs` (`id` bigint unsigned not null auto_increment primary key, `uuid` varchar(255) not null, `connection` text not null, `queue` text not null, `payload` longtext not null, `exception` longtext not null, `failed_at` timestamp default CURRENT_TIMESTAMP not null) default character set utf8mb4 collate 'utf8mb4_unicode_ci') at C:\\laragon\\www\\lprosarc2\\vendor\\laravel\\framework\\src\\Illuminate\\Database\\Connection.php:712)
[stacktrace]
#0 C:\\laragon\\www\\lprosarc2\\vendor\\laravel\\framework\\src\\Illuminate\\Database\\Connection.php(672): Illuminate\\Database\\Connection->runQueryCallback('create table `f...', Array, Object(Closure))
#1 C:\\laragon\\www\\lprosarc2\\vendor\\laravel\\framework\\src\\Illuminate\\Database\\Connection.php(502): Illuminate\\Database\\Connection->run('create table `f...', Array, Object(Closure))
#2 C:\\laragon\\www\\lprosarc2\\vendor\\laravel\\framework\\src\\Illuminate\\Database\\Schema\\Blueprint.php(109): Illuminate\\Database\\Connection->statement('create table `f...')
#3 C:\\laragon\\www\\lprosarc2\\vendor\\laravel\\framework\\src\\Illuminate\\Database\\Schema\\Builder.php(364): Illuminate\\Database\\Schema\\Blueprint->build(Object(Illuminate\\Database\\MySqlConnection), Object(Illuminate\\Database\\Schema\\Grammars\\MySqlGrammar))
#4 C:\\laragon\\www\\lprosarc2\\vendor\\laravel\\framework\\src\\Illuminate\\Database\\Schema\\Builder.php(227): Illuminate\\Database\\Schema\\Builder->build(Object(Illuminate\\Database\\Schema\\Blueprint))
#5 C:\\laragon\\www\\lprosarc2\\vendor\\laravel\\framework\\src\\Illuminate\\Support\\Facades\\Facade.php(261): Illuminate\\Database\\Schema\\Builder->create('failed_jobs', Object(Closure))
#6 C:\\laragon\\www\\lprosarc2\\database\\migrations\\2019_08_19_000000_create_failed_jobs_table.php(24): Illuminate\\Support\\Facades\\Facade::__callStatic('create', Array)
#7 C:\\laragon\\www\\lprosarc2\\vendor\\laravel\\framework\\src\\Illuminate\\Database\\Migrations\\Migrator.php(472): CreateFailedJobsTable->up()
#8 C:\\laragon\\www\\lprosarc2\\vendor\\laravel\\framework\\src\\Illuminate\\Database\\Migrations\\Migrator.php(394): Illuminate\\Database\\Migrations\\Migrator->runMethod(Object(Illuminate\\Database\\MySqlConnection), Object(CreateFailedJobsTable), 'up')
#9 C:\\laragon\\www\\lprosarc2\\vendor\\laravel\\framework\\src\\Illuminate\\Database\\Migrations\\Migrator.php(403): Illuminate\\Database\\Migrations\\Migrator->Illuminate\\Database\\Migrations\\{closure}()
#10 C:\\laragon\\www\\lprosarc2\\vendor\\laravel\\framework\\src\\Illuminate\\Database\\Migrations\\Migrator.php(202): Illuminate\\Database\\Migrations\\Migrator->runMigration(Object(CreateFailedJobsTable), 'up')
#11 C:\\laragon\\www\\lprosarc2\\vendor\\laravel\\framework\\src\\Illuminate\\Database\\Migrations\\Migrator.php(167): Illuminate\\Database\\Migrations\\Migrator->runUp('C:\\\\laragon\\\\www\\\\...', 20, false)
#12 C:\\laragon\\www\\lprosarc2\\vendor\\laravel\\framework\\src\\Illuminate\\Database\\Migrations\\Migrator.php(112): Illuminate\\Database\\Migrations\\Migrator->runPending(Array, Array)
#13 C:\\laragon\\www\\lprosarc2\\vendor\\laravel\\framework\\src\\Illuminate\\Database\\Console\\Migrations\\MigrateCommand.php(86): Illuminate\\Database\\Migrations\\Migrator->run(Array, Array)
#14 C:\\laragon\\www\\lprosarc2\\vendor\\laravel\\framework\\src\\Illuminate\\Database\\Migrations\\Migrator.php(606): Illuminate\\Database\\Console\\Migrations\\MigrateCommand->Illuminate\\Database\\Console\\Migrations\\{closure}()
#15 C:\\laragon\\www\\lprosarc2\\vendor\\laravel\\framework\\src\\Illuminate\\Database\\Console\\Migrations\\MigrateCommand.php(98): Illuminate\\Database\\Migrations\\Migrator->usingConnection(NULL, Object(Closure))
#16 C:\\laragon\\www\\lprosarc2\\vendor\\laravel\\framework\\src\\Illuminate\\Container\\BoundMethod.php(36): Illuminate\\Database\\Console\\Migrations\\MigrateCommand->handle()
#17 C:\\laragon\\www\\lprosarc2\\vendor\\laravel\\framework\\src\\Illuminate\\Container\\Util.php(40): Illuminate\\Container\\BoundMethod::Illuminate\\Container\\{closure}()
#18 C:\\laragon\\www\\lprosarc2\\vendor\\laravel\\framework\\src\\Illuminate\\Container\\BoundMethod.php(93): Illuminate\\Container\\Util::unwrapIfClosure(Object(Closure))
#19 C:\\laragon\\www\\lprosarc2\\vendor\\laravel\\framework\\src\\Illuminate\\Container\\BoundMethod.php(37): Illuminate\\Container\\BoundMethod::callBoundMethod(Object(Illuminate\\Foundation\\Application), Array, Object(Closure))
#20 C:\\laragon\\www\\lprosarc2\\vendor\\laravel\\framework\\src\\Illuminate\\Container\\Container.php(653): Illuminate\\Container\\BoundMethod::call(Object(Illuminate\\Foundation\\Application), Array, Array, NULL)
#21 C:\\laragon\\www\\lprosarc2\\vendor\\laravel\\framework\\src\\Illuminate\\Console\\Command.php(136): Illuminate\\Container\\Container->call(Array)
#22 C:\\laragon\\www\\lprosarc2\\vendor\\symfony\\console\\Command\\Command.php(298): Illuminate\\Console\\Command->execute(Object(Symfony\\Component\\Console\\Input\\ArgvInput), Object(Illuminate\\Console\\OutputStyle))
#23 C:\\laragon\\www\\lprosarc2\\vendor\\laravel\\framework\\src\\Illuminate\\Console\\Command.php(121): Symfony\\Component\\Console\\Command\\Command->run(Object(Symfony\\Component\\Console\\Input\\ArgvInput), Object(Illuminate\\Console\\OutputStyle))
#24 C:\\laragon\\www\\lprosarc2\\vendor\\symfony\\console\\Application.php(1040): Illuminate\\Console\\Command->run(Object(Symfony\\Component\\Console\\Input\\ArgvInput), Object(Symfony\\Component\\Console\\Output\\ConsoleOutput))
#25 C:\\laragon\\www\\lprosarc2\\vendor\\symfony\\console\\Application.php(301): Symfony\\Component\\Console\\Application->doRunCommand(Object(Illuminate\\Database\\Console\\Migrations\\MigrateCommand), Object(Symfony\\Component\\Console\\Input\\ArgvInput), Object(Symfony\\Component\\Console\\Output\\ConsoleOutput))
#26 C:\\laragon\\www\\lprosarc2\\vendor\\symfony\\console\\Application.php(171): Symfony\\Component\\Console\\Application->doRun(Object(Symfony\\Component\\Console\\Input\\ArgvInput), Object(Symfony\\Component\\Console\\Output\\ConsoleOutput))
#27 C:\\laragon\\www\\lprosarc2\\vendor\\laravel\\framework\\src\\Illuminate\\Console\\Application.php(94): Symfony\\Component\\Console\\Application->run(Object(Symfony\\Component\\Console\\Input\\ArgvInput), Object(Symfony\\Component\\Console\\Output\\ConsoleOutput))
#28 C:\\laragon\\www\\lprosarc2\\vendor\\laravel\\framework\\src\\Illuminate\\Foundation\\Console\\Kernel.php(129): Illuminate\\Console\\Application->run(Object(Symfony\\Component\\Console\\Input\\ArgvInput), Object(Symfony\\Component\\Console\\Output\\ConsoleOutput))
#29 C:\\laragon\\www\\lprosarc2\\artisan(37): Illuminate\\Foundation\\Console\\Kernel->handle(Object(Symfony\\Component\\Console\\Input\\ArgvInput), Object(Symfony\\Component\\Console\\Output\\ConsoleOutput))
#30 {main}

[previous exception] [object] (Doctrine\\DBAL\\Driver\\PDO\\Exception(code: 42S01): SQLSTATE[42S01]: Base table or view already exists: 1050 Table 'failed_jobs' already exists at C:\\laragon\\www\\lprosarc2\\vendor\\doctrine\\dbal\\lib\\Doctrine\\DBAL\\Driver\\PDO\\Exception.php:18)
[stacktrace]
#0 C:\\laragon\\www\\lprosarc2\\vendor\\doctrine\\dbal\\lib\\Doctrine\\DBAL\\Driver\\PDOStatement.php(119): Doctrine\\DBAL\\Driver\\PDO\\Exception::new(Object(PDOException))
#1 C:\\laragon\\www\\lprosarc2\\vendor\\laravel\\framework\\src\\Illuminate\\Database\\Connection.php(501): Doctrine\\DBAL\\Driver\\PDOStatement->execute()
#2 C:\\laragon\\www\\lprosarc2\\vendor\\laravel\\framework\\src\\Illuminate\\Database\\Connection.php(705): Illuminate\\Database\\Connection->Illuminate\\Database\\{closure}('create table `f...', Array)
#3 C:\\laragon\\www\\lprosarc2\\vendor\\laravel\\framework\\src\\Illuminate\\Database\\Connection.php(672): Illuminate\\Database\\Connection->runQueryCallback('create table `f...', Array, Object(Closure))
#4 C:\\laragon\\www\\lprosarc2\\vendor\\laravel\\framework\\src\\Illuminate\\Database\\Connection.php(502): Illuminate\\Database\\Connection->run('create table `f...', Array, Object(Closure))
#5 C:\\laragon\\www\\lprosarc2\\vendor\\laravel\\framework\\src\\Illuminate\\Database\\Schema\\Blueprint.php(109): Illuminate\\Database\\Connection->statement('create table `f...')
#6 C:\\laragon\\www\\lprosarc2\\vendor\\laravel\\framework\\src\\Illuminate\\Database\\Schema\\Builder.php(364): Illuminate\\Database\\Schema\\Blueprint->build(Object(Illuminate\\Database\\MySqlConnection), Object(Illuminate\\Database\\Schema\\Grammars\\MySqlGrammar))
#7 C:\\laragon\\www\\lprosarc2\\vendor\\laravel\\framework\\src\\Illuminate\\Database\\Schema\\Builder.php(227): Illuminate\\Database\\Schema\\Builder->build(Object(Illuminate\\Database\\Schema\\Blueprint))
#8 C:\\laragon\\www\\lprosarc2\\vendor\\laravel\\framework\\src\\Illuminate\\Support\\Facades\\Facade.php(261): Illuminate\\Database\\Schema\\Builder->create('failed_jobs', Object(Closure))
#9 C:\\laragon\\www\\lprosarc2\\database\\migrations\\2019_08_19_000000_create_failed_jobs_table.php(24): Illuminate\\Support\\Facades\\Facade::__callStatic('create', Array)
#10 C:\\laragon\\www\\lprosarc2\\vendor\\laravel\\framework\\src\\Illuminate\\Database\\Migrations\\Migrator.php(472): CreateFailedJobsTable->up()
#11 C:\\laragon\\www\\lprosarc2\\vendor\\laravel\\framework\\src\\Illuminate\\Database\\Migrations\\Migrator.php(394): Illuminate\\Database\\Migrations\\Migrator->runMethod(Object(Illuminate\\Database\\MySqlConnection), Object(CreateFailedJobsTable), 'up')
#12 C:\\laragon\\www\\lprosarc2\\vendor\\laravel\\framework\\src\\Illuminate\\Database\\Migrations\\Migrator.php(403): Illuminate\\Database\\Migrations\\Migrator->Illuminate\\Database\\Migrations\\{closure}()
#13 C:\\laragon\\www\\lprosarc2\\vendor\\laravel\\framework\\src\\Illuminate\\Database\\Migrations\\Migrator.php(202): Illuminate\\Database\\Migrations\\Migrator->runMigration(Object(CreateFailedJobsTable), 'up')
#14 C:\\laragon\\www\\lprosarc2\\vendor\\laravel\\framework\\src\\Illuminate\\Database\\Migrations\\Migrator.php(167): Illuminate\\Database\\Migrations\\Migrator->runUp('C:\\\\laragon\\\\www\\\\...', 20, false)
#15 C:\\laragon\\www\\lprosarc2\\vendor\\laravel\\framework\\src\\Illuminate\\Database\\Migrations\\Migrator.php(112): Illuminate\\Database\\Migrations\\Migrator->runPending(Array, Array)
#16 C:\\laragon\\www\\lprosarc2\\vendor\\laravel\\framework\\src\\Illuminate\\Database\\Console\\Migrations\\MigrateCommand.php(86): Illuminate\\Database\\Migrations\\Migrator->run(Array, Array)
#17 C:\\laragon\\www\\lprosarc2\\vendor\\laravel\\framework\\src\\Illuminate\\Database\\Migrations\\Migrator.php(606): Illuminate\\Database\\Console\\Migrations\\MigrateCommand->Illuminate\\Database\\Console\\Migrations\\{closure}()
#18 C:\\laragon\\www\\lprosarc2\\vendor\\laravel\\framework\\src\\Illuminate\\Database\\Console\\Migrations\\MigrateCommand.php(98): Illuminate\\Database\\Migrations\\Migrator->usingConnection(NULL, Object(Closure))
#19 C:\\laragon\\www\\lprosarc2\\vendor\\laravel\\framework\\src\\Illuminate\\Container\\BoundMethod.php(36): Illuminate\\Database\\Console\\Migrations\\MigrateCommand->handle()
#20 C:\\laragon\\www\\lprosarc2\\vendor\\laravel\\framework\\src\\Illuminate\\Container\\Util.php(40): Illuminate\\Container\\BoundMethod::Illuminate\\Container\\{closure}()
#21 C:\\laragon\\www\\lprosarc2\\vendor\\laravel\\framework\\src\\Illuminate\\Container\\BoundMethod.php(93): Illuminate\\Container\\Util::unwrapIfClosure(Object(Closure))
#22 C:\\laragon\\www\\lprosarc2\\vendor\\laravel\\framework\\src\\Illuminate\\Container\\BoundMethod.php(37): Illuminate\\Container\\BoundMethod::callBoundMethod(Object(Illuminate\\Foundation\\Application), Array, Object(Closure))
#23 C:\\laragon\\www\\lprosarc2\\vendor\\laravel\\framework\\src\\Illuminate\\Container\\Container.php(653): Illuminate\\Container\\BoundMethod::call(Object(Illuminate\\Foundation\\Application), Array, Array, NULL)
#24 C:\\laragon\\www\\lprosarc2\\vendor\\laravel\\framework\\src\\Illuminate\\Console\\Command.php(136): Illuminate\\Container\\Container->call(Array)
#25 C:\\laragon\\www\\lprosarc2\\vendor\\symfony\\console\\Command\\Command.php(298): Illuminate\\Console\\Command->execute(Object(Symfony\\Component\\Console\\Input\\ArgvInput), Object(Illuminate\\Console\\OutputStyle))
#26 C:\\laragon\\www\\lprosarc2\\vendor\\laravel\\framework\\src\\Illuminate\\Console\\Command.php(121): Symfony\\Component\\Console\\Command\\Command->run(Object(Symfony\\Component\\Console\\Input\\ArgvInput), Object(Illuminate\\Console\\OutputStyle))
#27 C:\\laragon\\www\\lprosarc2\\vendor\\symfony\\console\\Application.php(1040): Illuminate\\Console\\Command->run(Object(Symfony\\Component\\Console\\Input\\ArgvInput), Object(Symfony\\Component\\Console\\Output\\ConsoleOutput))
#28 C:\\laragon\\www\\lprosarc2\\vendor\\symfony\\console\\Application.php(301): Symfony\\Component\\Console\\Application->doRunCommand(Object(Illuminate\\Database\\Console\\Migrations\\MigrateCommand), Object(Symfony\\Component\\Console\\Input\\ArgvInput), Object(Symfony\\Component\\Console\\Output\\ConsoleOutput))
#29 C:\\laragon\\www\\lprosarc2\\vendor\\symfony\\console\\Application.php(171): Symfony\\Component\\Console\\Application->doRun(Object(Symfony\\Component\\Console\\Input\\ArgvInput), Object(Symfony\\Component\\Console\\Output\\ConsoleOutput))
#30 C:\\laragon\\www\\lprosarc2\\vendor\\laravel\\framework\\src\\Illuminate\\Console\\Application.php(94): Symfony\\Component\\Console\\Application->run(Object(Symfony\\Component\\Console\\Input\\ArgvInput), Object(Symfony\\Component\\Console\\Output\\ConsoleOutput))
#31 C:\\laragon\\www\\lprosarc2\\vendor\\laravel\\framework\\src\\Illuminate\\Foundation\\Console\\Kernel.php(129): Illuminate\\Console\\Application->run(Object(Symfony\\Component\\Console\\Input\\ArgvInput), Object(Symfony\\Component\\Console\\Output\\ConsoleOutput))
#32 C:\\laragon\\www\\lprosarc2\\artisan(37): Illuminate\\Foundation\\Console\\Kernel->handle(Object(Symfony\\Component\\Console\\Input\\ArgvInput), Object(Symfony\\Component\\Console\\Output\\ConsoleOutput))
#33 {main}

[previous exception] [object] (PDOException(code: 42S01): SQLSTATE[42S01]: Base table or view already exists: 1050 Table 'failed_jobs' already exists at C:\\laragon\\www\\lprosarc2\\vendor\\doctrine\\dbal\\lib\\Doctrine\\DBAL\\Driver\\PDOStatement.php:117)
[stacktrace]
#0 C:\\laragon\\www\\lprosarc2\\vendor\\doctrine\\dbal\\lib\\Doctrine\\DBAL\\Driver\\PDOStatement.php(117): PDOStatement->execute(NULL)
#1 C:\\laragon\\www\\lprosarc2\\vendor\\laravel\\framework\\src\\Illuminate\\Database\\Connection.php(501): Doctrine\\DBAL\\Driver\\PDOStatement->execute()
#2 C:\\laragon\\www\\lprosarc2\\vendor\\laravel\\framework\\src\\Illuminate\\Database\\Connection.php(705): Illuminate\\Database\\Connection->Illuminate\\Database\\{closure}('create table `f...', Array)
#3 C:\\laragon\\www\\lprosarc2\\vendor\\laravel\\framework\\src\\Illuminate\\Database\\Connection.php(672): Illuminate\\Database\\Connection->runQueryCallback('create table `f...', Array, Object(Closure))
#4 C:\\laragon\\www\\lprosarc2\\vendor\\laravel\\framework\\src\\Illuminate\\Database\\Connection.php(502): Illuminate\\Database\\Connection->run('create table `f...', Array, Object(Closure))
#5 C:\\laragon\\www\\lprosarc2\\vendor\\laravel\\framework\\src\\Illuminate\\Database\\Schema\\Blueprint.php(109): Illuminate\\Database\\Connection->statement('create table `f...')
#6 C:\\laragon\\www\\lprosarc2\\vendor\\laravel\\framework\\src\\Illuminate\\Database\\Schema\\Builder.php(364): Illuminate\\Database\\Schema\\Blueprint->build(Object(Illuminate\\Database\\MySqlConnection), Object(Illuminate\\Database\\Schema\\Grammars\\MySqlGrammar))
#7 C:\\laragon\\www\\lprosarc2\\vendor\\laravel\\framework\\src\\Illuminate\\Database\\Schema\\Builder.php(227): Illuminate\\Database\\Schema\\Builder->build(Object(Illuminate\\Database\\Schema\\Blueprint))
#8 C:\\laragon\\www\\lprosarc2\\vendor\\laravel\\framework\\src\\Illuminate\\Support\\Facades\\Facade.php(261): Illuminate\\Database\\Schema\\Builder->create('failed_jobs', Object(Closure))
#9 C:\\laragon\\www\\lprosarc2\\database\\migrations\\2019_08_19_000000_create_failed_jobs_table.php(24): Illuminate\\Support\\Facades\\Facade::__callStatic('create', Array)
#10 C:\\laragon\\www\\lprosarc2\\vendor\\laravel\\framework\\src\\Illuminate\\Database\\Migrations\\Migrator.php(472): CreateFailedJobsTable->up()
#11 C:\\laragon\\www\\lprosarc2\\vendor\\laravel\\framework\\src\\Illuminate\\Database\\Migrations\\Migrator.php(394): Illuminate\\Database\\Migrations\\Migrator->runMethod(Object(Illuminate\\Database\\MySqlConnection), Object(CreateFailedJobsTable), 'up')
#12 C:\\laragon\\www\\lprosarc2\\vendor\\laravel\\framework\\src\\Illuminate\\Database\\Migrations\\Migrator.php(403): Illuminate\\Database\\Migrations\\Migrator->Illuminate\\Database\\Migrations\\{closure}()
#13 C:\\laragon\\www\\lprosarc2\\vendor\\laravel\\framework\\src\\Illuminate\\Database\\Migrations\\Migrator.php(202): Illuminate\\Database\\Migrations\\Migrator->runMigration(Object(CreateFailedJobsTable), 'up')
#14 C:\\laragon\\www\\lprosarc2\\vendor\\laravel\\framework\\src\\Illuminate\\Database\\Migrations\\Migrator.php(167): Illuminate\\Database\\Migrations\\Migrator->runUp('C:\\\\laragon\\\\www\\\\...', 20, false)
#15 C:\\laragon\\www\\lprosarc2\\vendor\\laravel\\framework\\src\\Illuminate\\Database\\Migrations\\Migrator.php(112): Illuminate\\Database\\Migrations\\Migrator->runPending(Array, Array)
#16 C:\\laragon\\www\\lprosarc2\\vendor\\laravel\\framework\\src\\Illuminate\\Database\\Console\\Migrations\\MigrateCommand.php(86): Illuminate\\Database\\Migrations\\Migrator->run(Array, Array)
#17 C:\\laragon\\www\\lprosarc2\\vendor\\laravel\\framework\\src\\Illuminate\\Database\\Migrations\\Migrator.php(606): Illuminate\\Database\\Console\\Migrations\\MigrateCommand->Illuminate\\Database\\Console\\Migrations\\{closure}()
#18 C:\\laragon\\www\\lprosarc2\\vendor\\laravel\\framework\\src\\Illuminate\\Database\\Console\\Migrations\\MigrateCommand.php(98): Illuminate\\Database\\Migrations\\Migrator->usingConnection(NULL, Object(Closure))
#19 C:\\laragon\\www\\lprosarc2\\vendor\\laravel\\framework\\src\\Illuminate\\Container\\BoundMethod.php(36): Illuminate\\Database\\Console\\Migrations\\MigrateCommand->handle()
#20 C:\\laragon\\www\\lprosarc2\\vendor\\laravel\\framework\\src\\Illuminate\\Container\\Util.php(40): Illuminate\\Container\\BoundMethod::Illuminate\\Container\\{closure}()
#21 C:\\laragon\\www\\lprosarc2\\vendor\\laravel\\framework\\src\\Illuminate\\Container\\BoundMethod.php(93): Illuminate\\Container\\Util::unwrapIfClosure(Object(Closure))
#22 C:\\laragon\\www\\lprosarc2\\vendor\\laravel\\framework\\src\\Illuminate\\Container\\BoundMethod.php(37): Illuminate\\Container\\BoundMethod::callBoundMethod(Object(Illuminate\\Foundation\\Application), Array, Object(Closure))
#23 C:\\laragon\\www\\lprosarc2\\vendor\\laravel\\framework\\src\\Illuminate\\Container\\Container.php(653): Illuminate\\Container\\BoundMethod::call(Object(Illuminate\\Foundation\\Application), Array, Array, NULL)
#24 C:\\laragon\\www\\lprosarc2\\vendor\\laravel\\framework\\src\\Illuminate\\Console\\Command.php(136): Illuminate\\Container\\Container->call(Array)
#25 C:\\laragon\\www\\lprosarc2\\vendor\\symfony\\console\\Command\\Command.php(298): Illuminate\\Console\\Command->execute(Object(Symfony\\Component\\Console\\Input\\ArgvInput), Object(Illuminate\\Console\\OutputStyle))
#26 C:\\laragon\\www\\lprosarc2\\vendor\\laravel\\framework\\src\\Illuminate\\Console\\Command.php(121): Symfony\\Component\\Console\\Command\\Command->run(Object(Symfony\\Component\\Console\\Input\\ArgvInput), Object(Illuminate\\Console\\OutputStyle))
#27 C:\\laragon\\www\\lprosarc2\\vendor\\symfony\\console\\Application.php(1040): Illuminate\\Console\\Command->run(Object(Symfony\\Component\\Console\\Input\\ArgvInput), Object(Symfony\\Component\\Console\\Output\\ConsoleOutput))
#28 C:\\laragon\\www\\lprosarc2\\vendor\\symfony\\console\\Application.php(301): Symfony\\Component\\Console\\Application->doRunCommand(Object(Illuminate\\Database\\Console\\Migrations\\MigrateCommand), Object(Symfony\\Component\\Console\\Input\\ArgvInput), Object(Symfony\\Component\\Console\\Output\\ConsoleOutput))
#29 C:\\laragon\\www\\lprosarc2\\vendor\\symfony\\console\\Application.php(171): Symfony\\Component\\Console\\Application->doRun(Object(Symfony\\Component\\Console\\Input\\ArgvInput), Object(Symfony\\Component\\Console\\Output\\ConsoleOutput))
#30 C:\\laragon\\www\\lprosarc2\\vendor\\laravel\\framework\\src\\Illuminate\\Console\\Application.php(94): Symfony\\Component\\Console\\Application->run(Object(Symfony\\Component\\Console\\Input\\ArgvInput), Object(Symfony\\Component\\Console\\Output\\ConsoleOutput))
#31 C:\\laragon\\www\\lprosarc2\\vendor\\laravel\\framework\\src\\Illuminate\\Foundation\\Console\\Kernel.php(129): Illuminate\\Console\\Application->run(Object(Symfony\\Component\\Console\\Input\\ArgvInput), Object(Symfony\\Component\\Console\\Output\\ConsoleOutput))
#32 C:\\laragon\\www\\lprosarc2\\artisan(37): Illuminate\\Foundation\\Console\\Kernel->handle(Object(Symfony\\Component\\Console\\Input\\ArgvInput), Object(Symfony\\Component\\Console\\Output\\ConsoleOutput))
#33 {main}
"} 
[2024-07-30 09:43:59] local.ERROR: SQLSTATE[42S01]: Base table or view already exists: 1050 Table 'failed_jobs' already exists (SQL: create table `failed_jobs` (`id` bigint unsigned not null auto_increment primary key, `uuid` varchar(255) not null, `connection` text not null, `queue` text not null, `payload` longtext not null, `exception` longtext not null, `failed_at` timestamp default CURRENT_TIMESTAMP not null) default character set utf8mb4 collate 'utf8mb4_unicode_ci') {"exception":"[object] (Illuminate\\Database\\QueryException(code: 42S01): SQLSTATE[42S01]: Base table or view already exists: 1050 Table 'failed_jobs' already exists (SQL: create table `failed_jobs` (`id` bigint unsigned not null auto_increment primary key, `uuid` varchar(255) not null, `connection` text not null, `queue` text not null, `payload` longtext not null, `exception` longtext not null, `failed_at` timestamp default CURRENT_TIMESTAMP not null) default character set utf8mb4 collate 'utf8mb4_unicode_ci') at C:\\laragon\\www\\lprosarc2\\vendor\\laravel\\framework\\src\\Illuminate\\Database\\Connection.php:712)
[stacktrace]
#0 C:\\laragon\\www\\lprosarc2\\vendor\\laravel\\framework\\src\\Illuminate\\Database\\Connection.php(672): Illuminate\\Database\\Connection->runQueryCallback('create table `f...', Array, Object(Closure))
#1 C:\\laragon\\www\\lprosarc2\\vendor\\laravel\\framework\\src\\Illuminate\\Database\\Connection.php(502): Illuminate\\Database\\Connection->run('create table `f...', Array, Object(Closure))
#2 C:\\laragon\\www\\lprosarc2\\vendor\\laravel\\framework\\src\\Illuminate\\Database\\Schema\\Blueprint.php(109): Illuminate\\Database\\Connection->statement('create table `f...')
#3 C:\\laragon\\www\\lprosarc2\\vendor\\laravel\\framework\\src\\Illuminate\\Database\\Schema\\Builder.php(364): Illuminate\\Database\\Schema\\Blueprint->build(Object(Illuminate\\Database\\MySqlConnection), Object(Illuminate\\Database\\Schema\\Grammars\\MySqlGrammar))
#4 C:\\laragon\\www\\lprosarc2\\vendor\\laravel\\framework\\src\\Illuminate\\Database\\Schema\\Builder.php(227): Illuminate\\Database\\Schema\\Builder->build(Object(Illuminate\\Database\\Schema\\Blueprint))
#5 C:\\laragon\\www\\lprosarc2\\vendor\\laravel\\framework\\src\\Illuminate\\Support\\Facades\\Facade.php(261): Illuminate\\Database\\Schema\\Builder->create('failed_jobs', Object(Closure))
#6 C:\\laragon\\www\\lprosarc2\\database\\migrations\\2019_08_19_000000_create_failed_jobs_table.php(24): Illuminate\\Support\\Facades\\Facade::__callStatic('create', Array)
#7 C:\\laragon\\www\\lprosarc2\\vendor\\laravel\\framework\\src\\Illuminate\\Database\\Migrations\\Migrator.php(472): CreateFailedJobsTable->up()
#8 C:\\laragon\\www\\lprosarc2\\vendor\\laravel\\framework\\src\\Illuminate\\Database\\Migrations\\Migrator.php(394): Illuminate\\Database\\Migrations\\Migrator->runMethod(Object(Illuminate\\Database\\MySqlConnection), Object(CreateFailedJobsTable), 'up')
#9 C:\\laragon\\www\\lprosarc2\\vendor\\laravel\\framework\\src\\Illuminate\\Database\\Migrations\\Migrator.php(403): Illuminate\\Database\\Migrations\\Migrator->Illuminate\\Database\\Migrations\\{closure}()
#10 C:\\laragon\\www\\lprosarc2\\vendor\\laravel\\framework\\src\\Illuminate\\Database\\Migrations\\Migrator.php(202): Illuminate\\Database\\Migrations\\Migrator->runMigration(Object(CreateFailedJobsTable), 'up')
#11 C:\\laragon\\www\\lprosarc2\\vendor\\laravel\\framework\\src\\Illuminate\\Database\\Migrations\\Migrator.php(167): Illuminate\\Database\\Migrations\\Migrator->runUp('C:\\\\laragon\\\\www\\\\...', 20, false)
#12 C:\\laragon\\www\\lprosarc2\\vendor\\laravel\\framework\\src\\Illuminate\\Database\\Migrations\\Migrator.php(112): Illuminate\\Database\\Migrations\\Migrator->runPending(Array, Array)
#13 C:\\laragon\\www\\lprosarc2\\vendor\\laravel\\framework\\src\\Illuminate\\Database\\Console\\Migrations\\MigrateCommand.php(86): Illuminate\\Database\\Migrations\\Migrator->run(Array, Array)
#14 C:\\laragon\\www\\lprosarc2\\vendor\\laravel\\framework\\src\\Illuminate\\Database\\Migrations\\Migrator.php(606): Illuminate\\Database\\Console\\Migrations\\MigrateCommand->Illuminate\\Database\\Console\\Migrations\\{closure}()
#15 C:\\laragon\\www\\lprosarc2\\vendor\\laravel\\framework\\src\\Illuminate\\Database\\Console\\Migrations\\MigrateCommand.php(98): Illuminate\\Database\\Migrations\\Migrator->usingConnection(NULL, Object(Closure))
#16 C:\\laragon\\www\\lprosarc2\\vendor\\laravel\\framework\\src\\Illuminate\\Container\\BoundMethod.php(36): Illuminate\\Database\\Console\\Migrations\\MigrateCommand->handle()
#17 C:\\laragon\\www\\lprosarc2\\vendor\\laravel\\framework\\src\\Illuminate\\Container\\Util.php(40): Illuminate\\Container\\BoundMethod::Illuminate\\Container\\{closure}()
#18 C:\\laragon\\www\\lprosarc2\\vendor\\laravel\\framework\\src\\Illuminate\\Container\\BoundMethod.php(93): Illuminate\\Container\\Util::unwrapIfClosure(Object(Closure))
#19 C:\\laragon\\www\\lprosarc2\\vendor\\laravel\\framework\\src\\Illuminate\\Container\\BoundMethod.php(37): Illuminate\\Container\\BoundMethod::callBoundMethod(Object(Illuminate\\Foundation\\Application), Array, Object(Closure))
#20 C:\\laragon\\www\\lprosarc2\\vendor\\laravel\\framework\\src\\Illuminate\\Container\\Container.php(653): Illuminate\\Container\\BoundMethod::call(Object(Illuminate\\Foundation\\Application), Array, Array, NULL)
#21 C:\\laragon\\www\\lprosarc2\\vendor\\laravel\\framework\\src\\Illuminate\\Console\\Command.php(136): Illuminate\\Container\\Container->call(Array)
#22 C:\\laragon\\www\\lprosarc2\\vendor\\symfony\\console\\Command\\Command.php(298): Illuminate\\Console\\Command->execute(Object(Symfony\\Component\\Console\\Input\\ArgvInput), Object(Illuminate\\Console\\OutputStyle))
#23 C:\\laragon\\www\\lprosarc2\\vendor\\laravel\\framework\\src\\Illuminate\\Console\\Command.php(121): Symfony\\Component\\Console\\Command\\Command->run(Object(Symfony\\Component\\Console\\Input\\ArgvInput), Object(Illuminate\\Console\\OutputStyle))
#24 C:\\laragon\\www\\lprosarc2\\vendor\\symfony\\console\\Application.php(1040): Illuminate\\Console\\Command->run(Object(Symfony\\Component\\Console\\Input\\ArgvInput), Object(Symfony\\Component\\Console\\Output\\ConsoleOutput))
#25 C:\\laragon\\www\\lprosarc2\\vendor\\symfony\\console\\Application.php(301): Symfony\\Component\\Console\\Application->doRunCommand(Object(Illuminate\\Database\\Console\\Migrations\\MigrateCommand), Object(Symfony\\Component\\Console\\Input\\ArgvInput), Object(Symfony\\Component\\Console\\Output\\ConsoleOutput))
#26 C:\\laragon\\www\\lprosarc2\\vendor\\symfony\\console\\Application.php(171): Symfony\\Component\\Console\\Application->doRun(Object(Symfony\\Component\\Console\\Input\\ArgvInput), Object(Symfony\\Component\\Console\\Output\\ConsoleOutput))
#27 C:\\laragon\\www\\lprosarc2\\vendor\\laravel\\framework\\src\\Illuminate\\Console\\Application.php(94): Symfony\\Component\\Console\\Application->run(Object(Symfony\\Component\\Console\\Input\\ArgvInput), Object(Symfony\\Component\\Console\\Output\\ConsoleOutput))
#28 C:\\laragon\\www\\lprosarc2\\vendor\\laravel\\framework\\src\\Illuminate\\Foundation\\Console\\Kernel.php(129): Illuminate\\Console\\Application->run(Object(Symfony\\Component\\Console\\Input\\ArgvInput), Object(Symfony\\Component\\Console\\Output\\ConsoleOutput))
#29 C:\\laragon\\www\\lprosarc2\\artisan(37): Illuminate\\Foundation\\Console\\Kernel->handle(Object(Symfony\\Component\\Console\\Input\\ArgvInput), Object(Symfony\\Component\\Console\\Output\\ConsoleOutput))
#30 {main}

[previous exception] [object] (Doctrine\\DBAL\\Driver\\PDO\\Exception(code: 42S01): SQLSTATE[42S01]: Base table or view already exists: 1050 Table 'failed_jobs' already exists at C:\\laragon\\www\\lprosarc2\\vendor\\doctrine\\dbal\\lib\\Doctrine\\DBAL\\Driver\\PDO\\Exception.php:18)
[stacktrace]
#0 C:\\laragon\\www\\lprosarc2\\vendor\\doctrine\\dbal\\lib\\Doctrine\\DBAL\\Driver\\PDOStatement.php(119): Doctrine\\DBAL\\Driver\\PDO\\Exception::new(Object(PDOException))
#1 C:\\laragon\\www\\lprosarc2\\vendor\\laravel\\framework\\src\\Illuminate\\Database\\Connection.php(501): Doctrine\\DBAL\\Driver\\PDOStatement->execute()
#2 C:\\laragon\\www\\lprosarc2\\vendor\\laravel\\framework\\src\\Illuminate\\Database\\Connection.php(705): Illuminate\\Database\\Connection->Illuminate\\Database\\{closure}('create table `f...', Array)
#3 C:\\laragon\\www\\lprosarc2\\vendor\\laravel\\framework\\src\\Illuminate\\Database\\Connection.php(672): Illuminate\\Database\\Connection->runQueryCallback('create table `f...', Array, Object(Closure))
#4 C:\\laragon\\www\\lprosarc2\\vendor\\laravel\\framework\\src\\Illuminate\\Database\\Connection.php(502): Illuminate\\Database\\Connection->run('create table `f...', Array, Object(Closure))
#5 C:\\laragon\\www\\lprosarc2\\vendor\\laravel\\framework\\src\\Illuminate\\Database\\Schema\\Blueprint.php(109): Illuminate\\Database\\Connection->statement('create table `f...')
#6 C:\\laragon\\www\\lprosarc2\\vendor\\laravel\\framework\\src\\Illuminate\\Database\\Schema\\Builder.php(364): Illuminate\\Database\\Schema\\Blueprint->build(Object(Illuminate\\Database\\MySqlConnection), Object(Illuminate\\Database\\Schema\\Grammars\\MySqlGrammar))
#7 C:\\laragon\\www\\lprosarc2\\vendor\\laravel\\framework\\src\\Illuminate\\Database\\Schema\\Builder.php(227): Illuminate\\Database\\Schema\\Builder->build(Object(Illuminate\\Database\\Schema\\Blueprint))
#8 C:\\laragon\\www\\lprosarc2\\vendor\\laravel\\framework\\src\\Illuminate\\Support\\Facades\\Facade.php(261): Illuminate\\Database\\Schema\\Builder->create('failed_jobs', Object(Closure))
#9 C:\\laragon\\www\\lprosarc2\\database\\migrations\\2019_08_19_000000_create_failed_jobs_table.php(24): Illuminate\\Support\\Facades\\Facade::__callStatic('create', Array)
#10 C:\\laragon\\www\\lprosarc2\\vendor\\laravel\\framework\\src\\Illuminate\\Database\\Migrations\\Migrator.php(472): CreateFailedJobsTable->up()
#11 C:\\laragon\\www\\lprosarc2\\vendor\\laravel\\framework\\src\\Illuminate\\Database\\Migrations\\Migrator.php(394): Illuminate\\Database\\Migrations\\Migrator->runMethod(Object(Illuminate\\Database\\MySqlConnection), Object(CreateFailedJobsTable), 'up')
#12 C:\\laragon\\www\\lprosarc2\\vendor\\laravel\\framework\\src\\Illuminate\\Database\\Migrations\\Migrator.php(403): Illuminate\\Database\\Migrations\\Migrator->Illuminate\\Database\\Migrations\\{closure}()
#13 C:\\laragon\\www\\lprosarc2\\vendor\\laravel\\framework\\src\\Illuminate\\Database\\Migrations\\Migrator.php(202): Illuminate\\Database\\Migrations\\Migrator->runMigration(Object(CreateFailedJobsTable), 'up')
#14 C:\\laragon\\www\\lprosarc2\\vendor\\laravel\\framework\\src\\Illuminate\\Database\\Migrations\\Migrator.php(167): Illuminate\\Database\\Migrations\\Migrator->runUp('C:\\\\laragon\\\\www\\\\...', 20, false)
#15 C:\\laragon\\www\\lprosarc2\\vendor\\laravel\\framework\\src\\Illuminate\\Database\\Migrations\\Migrator.php(112): Illuminate\\Database\\Migrations\\Migrator->runPending(Array, Array)
#16 C:\\laragon\\www\\lprosarc2\\vendor\\laravel\\framework\\src\\Illuminate\\Database\\Console\\Migrations\\MigrateCommand.php(86): Illuminate\\Database\\Migrations\\Migrator->run(Array, Array)
#17 C:\\laragon\\www\\lprosarc2\\vendor\\laravel\\framework\\src\\Illuminate\\Database\\Migrations\\Migrator.php(606): Illuminate\\Database\\Console\\Migrations\\MigrateCommand->Illuminate\\Database\\Console\\Migrations\\{closure}()
#18 C:\\laragon\\www\\lprosarc2\\vendor\\laravel\\framework\\src\\Illuminate\\Database\\Console\\Migrations\\MigrateCommand.php(98): Illuminate\\Database\\Migrations\\Migrator->usingConnection(NULL, Object(Closure))
#19 C:\\laragon\\www\\lprosarc2\\vendor\\laravel\\framework\\src\\Illuminate\\Container\\BoundMethod.php(36): Illuminate\\Database\\Console\\Migrations\\MigrateCommand->handle()
#20 C:\\laragon\\www\\lprosarc2\\vendor\\laravel\\framework\\src\\Illuminate\\Container\\Util.php(40): Illuminate\\Container\\BoundMethod::Illuminate\\Container\\{closure}()
#21 C:\\laragon\\www\\lprosarc2\\vendor\\laravel\\framework\\src\\Illuminate\\Container\\BoundMethod.php(93): Illuminate\\Container\\Util::unwrapIfClosure(Object(Closure))
#22 C:\\laragon\\www\\lprosarc2\\vendor\\laravel\\framework\\src\\Illuminate\\Container\\BoundMethod.php(37): Illuminate\\Container\\BoundMethod::callBoundMethod(Object(Illuminate\\Foundation\\Application), Array, Object(Closure))
#23 C:\\laragon\\www\\lprosarc2\\vendor\\laravel\\framework\\src\\Illuminate\\Container\\Container.php(653): Illuminate\\Container\\BoundMethod::call(Object(Illuminate\\Foundation\\Application), Array, Array, NULL)
#24 C:\\laragon\\www\\lprosarc2\\vendor\\laravel\\framework\\src\\Illuminate\\Console\\Command.php(136): Illuminate\\Container\\Container->call(Array)
#25 C:\\laragon\\www\\lprosarc2\\vendor\\symfony\\console\\Command\\Command.php(298): Illuminate\\Console\\Command->execute(Object(Symfony\\Component\\Console\\Input\\ArgvInput), Object(Illuminate\\Console\\OutputStyle))
#26 C:\\laragon\\www\\lprosarc2\\vendor\\laravel\\framework\\src\\Illuminate\\Console\\Command.php(121): Symfony\\Component\\Console\\Command\\Command->run(Object(Symfony\\Component\\Console\\Input\\ArgvInput), Object(Illuminate\\Console\\OutputStyle))
#27 C:\\laragon\\www\\lprosarc2\\vendor\\symfony\\console\\Application.php(1040): Illuminate\\Console\\Command->run(Object(Symfony\\Component\\Console\\Input\\ArgvInput), Object(Symfony\\Component\\Console\\Output\\ConsoleOutput))
#28 C:\\laragon\\www\\lprosarc2\\vendor\\symfony\\console\\Application.php(301): Symfony\\Component\\Console\\Application->doRunCommand(Object(Illuminate\\Database\\Console\\Migrations\\MigrateCommand), Object(Symfony\\Component\\Console\\Input\\ArgvInput), Object(Symfony\\Component\\Console\\Output\\ConsoleOutput))
#29 C:\\laragon\\www\\lprosarc2\\vendor\\symfony\\console\\Application.php(171): Symfony\\Component\\Console\\Application->doRun(Object(Symfony\\Component\\Console\\Input\\ArgvInput), Object(Symfony\\Component\\Console\\Output\\ConsoleOutput))
#30 C:\\laragon\\www\\lprosarc2\\vendor\\laravel\\framework\\src\\Illuminate\\Console\\Application.php(94): Symfony\\Component\\Console\\Application->run(Object(Symfony\\Component\\Console\\Input\\ArgvInput), Object(Symfony\\Component\\Console\\Output\\ConsoleOutput))
#31 C:\\laragon\\www\\lprosarc2\\vendor\\laravel\\framework\\src\\Illuminate\\Foundation\\Console\\Kernel.php(129): Illuminate\\Console\\Application->run(Object(Symfony\\Component\\Console\\Input\\ArgvInput), Object(Symfony\\Component\\Console\\Output\\ConsoleOutput))
#32 C:\\laragon\\www\\lprosarc2\\artisan(37): Illuminate\\Foundation\\Console\\Kernel->handle(Object(Symfony\\Component\\Console\\Input\\ArgvInput), Object(Symfony\\Component\\Console\\Output\\ConsoleOutput))
#33 {main}

[previous exception] [object] (PDOException(code: 42S01): SQLSTATE[42S01]: Base table or view already exists: 1050 Table 'failed_jobs' already exists at C:\\laragon\\www\\lprosarc2\\vendor\\doctrine\\dbal\\lib\\Doctrine\\DBAL\\Driver\\PDOStatement.php:117)
[stacktrace]
#0 C:\\laragon\\www\\lprosarc2\\vendor\\doctrine\\dbal\\lib\\Doctrine\\DBAL\\Driver\\PDOStatement.php(117): PDOStatement->execute(NULL)
#1 C:\\laragon\\www\\lprosarc2\\vendor\\laravel\\framework\\src\\Illuminate\\Database\\Connection.php(501): Doctrine\\DBAL\\Driver\\PDOStatement->execute()
#2 C:\\laragon\\www\\lprosarc2\\vendor\\laravel\\framework\\src\\Illuminate\\Database\\Connection.php(705): Illuminate\\Database\\Connection->Illuminate\\Database\\{closure}('create table `f...', Array)
#3 C:\\laragon\\www\\lprosarc2\\vendor\\laravel\\framework\\src\\Illuminate\\Database\\Connection.php(672): Illuminate\\Database\\Connection->runQueryCallback('create table `f...', Array, Object(Closure))
#4 C:\\laragon\\www\\lprosarc2\\vendor\\laravel\\framework\\src\\Illuminate\\Database\\Connection.php(502): Illuminate\\Database\\Connection->run('create table `f...', Array, Object(Closure))
#5 C:\\laragon\\www\\lprosarc2\\vendor\\laravel\\framework\\src\\Illuminate\\Database\\Schema\\Blueprint.php(109): Illuminate\\Database\\Connection->statement('create table `f...')
#6 C:\\laragon\\www\\lprosarc2\\vendor\\laravel\\framework\\src\\Illuminate\\Database\\Schema\\Builder.php(364): Illuminate\\Database\\Schema\\Blueprint->build(Object(Illuminate\\Database\\MySqlConnection), Object(Illuminate\\Database\\Schema\\Grammars\\MySqlGrammar))
#7 C:\\laragon\\www\\lprosarc2\\vendor\\laravel\\framework\\src\\Illuminate\\Database\\Schema\\Builder.php(227): Illuminate\\Database\\Schema\\Builder->build(Object(Illuminate\\Database\\Schema\\Blueprint))
#8 C:\\laragon\\www\\lprosarc2\\vendor\\laravel\\framework\\src\\Illuminate\\Support\\Facades\\Facade.php(261): Illuminate\\Database\\Schema\\Builder->create('failed_jobs', Object(Closure))
#9 C:\\laragon\\www\\lprosarc2\\database\\migrations\\2019_08_19_000000_create_failed_jobs_table.php(24): Illuminate\\Support\\Facades\\Facade::__callStatic('create', Array)
#10 C:\\laragon\\www\\lprosarc2\\vendor\\laravel\\framework\\src\\Illuminate\\Database\\Migrations\\Migrator.php(472): CreateFailedJobsTable->up()
#11 C:\\laragon\\www\\lprosarc2\\vendor\\laravel\\framework\\src\\Illuminate\\Database\\Migrations\\Migrator.php(394): Illuminate\\Database\\Migrations\\Migrator->runMethod(Object(Illuminate\\Database\\MySqlConnection), Object(CreateFailedJobsTable), 'up')
#12 C:\\laragon\\www\\lprosarc2\\vendor\\laravel\\framework\\src\\Illuminate\\Database\\Migrations\\Migrator.php(403): Illuminate\\Database\\Migrations\\Migrator->Illuminate\\Database\\Migrations\\{closure}()
#13 C:\\laragon\\www\\lprosarc2\\vendor\\laravel\\framework\\src\\Illuminate\\Database\\Migrations\\Migrator.php(202): Illuminate\\Database\\Migrations\\Migrator->runMigration(Object(CreateFailedJobsTable), 'up')
#14 C:\\laragon\\www\\lprosarc2\\vendor\\laravel\\framework\\src\\Illuminate\\Database\\Migrations\\Migrator.php(167): Illuminate\\Database\\Migrations\\Migrator->runUp('C:\\\\laragon\\\\www\\\\...', 20, false)
#15 C:\\laragon\\www\\lprosarc2\\vendor\\laravel\\framework\\src\\Illuminate\\Database\\Migrations\\Migrator.php(112): Illuminate\\Database\\Migrations\\Migrator->runPending(Array, Array)
#16 C:\\laragon\\www\\lprosarc2\\vendor\\laravel\\framework\\src\\Illuminate\\Database\\Console\\Migrations\\MigrateCommand.php(86): Illuminate\\Database\\Migrations\\Migrator->run(Array, Array)
#17 C:\\laragon\\www\\lprosarc2\\vendor\\laravel\\framework\\src\\Illuminate\\Database\\Migrations\\Migrator.php(606): Illuminate\\Database\\Console\\Migrations\\MigrateCommand->Illuminate\\Database\\Console\\Migrations\\{closure}()
#18 C:\\laragon\\www\\lprosarc2\\vendor\\laravel\\framework\\src\\Illuminate\\Database\\Console\\Migrations\\MigrateCommand.php(98): Illuminate\\Database\\Migrations\\Migrator->usingConnection(NULL, Object(Closure))
#19 C:\\laragon\\www\\lprosarc2\\vendor\\laravel\\framework\\src\\Illuminate\\Container\\BoundMethod.php(36): Illuminate\\Database\\Console\\Migrations\\MigrateCommand->handle()
#20 C:\\laragon\\www\\lprosarc2\\vendor\\laravel\\framework\\src\\Illuminate\\Container\\Util.php(40): Illuminate\\Container\\BoundMethod::Illuminate\\Container\\{closure}()
#21 C:\\laragon\\www\\lprosarc2\\vendor\\laravel\\framework\\src\\Illuminate\\Container\\BoundMethod.php(93): Illuminate\\Container\\Util::unwrapIfClosure(Object(Closure))
#22 C:\\laragon\\www\\lprosarc2\\vendor\\laravel\\framework\\src\\Illuminate\\Container\\BoundMethod.php(37): Illuminate\\Container\\BoundMethod::callBoundMethod(Object(Illuminate\\Foundation\\Application), Array, Object(Closure))
#23 C:\\laragon\\www\\lprosarc2\\vendor\\laravel\\framework\\src\\Illuminate\\Container\\Container.php(653): Illuminate\\Container\\BoundMethod::call(Object(Illuminate\\Foundation\\Application), Array, Array, NULL)
#24 C:\\laragon\\www\\lprosarc2\\vendor\\laravel\\framework\\src\\Illuminate\\Console\\Command.php(136): Illuminate\\Container\\Container->call(Array)
#25 C:\\laragon\\www\\lprosarc2\\vendor\\symfony\\console\\Command\\Command.php(298): Illuminate\\Console\\Command->execute(Object(Symfony\\Component\\Console\\Input\\ArgvInput), Object(Illuminate\\Console\\OutputStyle))
#26 C:\\laragon\\www\\lprosarc2\\vendor\\laravel\\framework\\src\\Illuminate\\Console\\Command.php(121): Symfony\\Component\\Console\\Command\\Command->run(Object(Symfony\\Component\\Console\\Input\\ArgvInput), Object(Illuminate\\Console\\OutputStyle))
#27 C:\\laragon\\www\\lprosarc2\\vendor\\symfony\\console\\Application.php(1040): Illuminate\\Console\\Command->run(Object(Symfony\\Component\\Console\\Input\\ArgvInput), Object(Symfony\\Component\\Console\\Output\\ConsoleOutput))
#28 C:\\laragon\\www\\lprosarc2\\vendor\\symfony\\console\\Application.php(301): Symfony\\Component\\Console\\Application->doRunCommand(Object(Illuminate\\Database\\Console\\Migrations\\MigrateCommand), Object(Symfony\\Component\\Console\\Input\\ArgvInput), Object(Symfony\\Component\\Console\\Output\\ConsoleOutput))
#29 C:\\laragon\\www\\lprosarc2\\vendor\\symfony\\console\\Application.php(171): Symfony\\Component\\Console\\Application->doRun(Object(Symfony\\Component\\Console\\Input\\ArgvInput), Object(Symfony\\Component\\Console\\Output\\ConsoleOutput))
#30 C:\\laragon\\www\\lprosarc2\\vendor\\laravel\\framework\\src\\Illuminate\\Console\\Application.php(94): Symfony\\Component\\Console\\Application->run(Object(Symfony\\Component\\Console\\Input\\ArgvInput), Object(Symfony\\Component\\Console\\Output\\ConsoleOutput))
#31 C:\\laragon\\www\\lprosarc2\\vendor\\laravel\\framework\\src\\Illuminate\\Foundation\\Console\\Kernel.php(129): Illuminate\\Console\\Application->run(Object(Symfony\\Component\\Console\\Input\\ArgvInput), Object(Symfony\\Component\\Console\\Output\\ConsoleOutput))
#32 C:\\laragon\\www\\lprosarc2\\artisan(37): Illuminate\\Foundation\\Console\\Kernel->handle(Object(Symfony\\Component\\Console\\Input\\ArgvInput), Object(Symfony\\Component\\Console\\Output\\ConsoleOutput))
#33 {main}
"} 
[2024-07-30 09:45:50] local.ERROR: SQLSTATE[42S01]: Base table or view already exists: 1050 Table 'failed_jobs' already exists (SQL: create table `failed_jobs` (`id` bigint unsigned not null auto_increment primary key, `uuid` varchar(255) not null, `connection` text not null, `queue` text not null, `payload` longtext not null, `exception` longtext not null, `failed_at` timestamp default CURRENT_TIMESTAMP not null) default character set utf8mb4 collate 'utf8mb4_unicode_ci') {"exception":"[object] (Illuminate\\Database\\QueryException(code: 42S01): SQLSTATE[42S01]: Base table or view already exists: 1050 Table 'failed_jobs' already exists (SQL: create table `failed_jobs` (`id` bigint unsigned not null auto_increment primary key, `uuid` varchar(255) not null, `connection` text not null, `queue` text not null, `payload` longtext not null, `exception` longtext not null, `failed_at` timestamp default CURRENT_TIMESTAMP not null) default character set utf8mb4 collate 'utf8mb4_unicode_ci') at C:\\laragon\\www\\lprosarc2\\vendor\\laravel\\framework\\src\\Illuminate\\Database\\Connection.php:712)
[stacktrace]
#0 C:\\laragon\\www\\lprosarc2\\vendor\\laravel\\framework\\src\\Illuminate\\Database\\Connection.php(672): Illuminate\\Database\\Connection->runQueryCallback('create table `f...', Array, Object(Closure))
#1 C:\\laragon\\www\\lprosarc2\\vendor\\laravel\\framework\\src\\Illuminate\\Database\\Connection.php(502): Illuminate\\Database\\Connection->run('create table `f...', Array, Object(Closure))
#2 C:\\laragon\\www\\lprosarc2\\vendor\\laravel\\framework\\src\\Illuminate\\Database\\Schema\\Blueprint.php(109): Illuminate\\Database\\Connection->statement('create table `f...')
#3 C:\\laragon\\www\\lprosarc2\\vendor\\laravel\\framework\\src\\Illuminate\\Database\\Schema\\Builder.php(364): Illuminate\\Database\\Schema\\Blueprint->build(Object(Illuminate\\Database\\MySqlConnection), Object(Illuminate\\Database\\Schema\\Grammars\\MySqlGrammar))
#4 C:\\laragon\\www\\lprosarc2\\vendor\\laravel\\framework\\src\\Illuminate\\Database\\Schema\\Builder.php(227): Illuminate\\Database\\Schema\\Builder->build(Object(Illuminate\\Database\\Schema\\Blueprint))
#5 C:\\laragon\\www\\lprosarc2\\vendor\\laravel\\framework\\src\\Illuminate\\Support\\Facades\\Facade.php(261): Illuminate\\Database\\Schema\\Builder->create('failed_jobs', Object(Closure))
#6 C:\\laragon\\www\\lprosarc2\\database\\migrations\\2019_08_19_000000_create_failed_jobs_table.php(24): Illuminate\\Support\\Facades\\Facade::__callStatic('create', Array)
#7 C:\\laragon\\www\\lprosarc2\\vendor\\laravel\\framework\\src\\Illuminate\\Database\\Migrations\\Migrator.php(472): CreateFailedJobsTable->up()
#8 C:\\laragon\\www\\lprosarc2\\vendor\\laravel\\framework\\src\\Illuminate\\Database\\Migrations\\Migrator.php(394): Illuminate\\Database\\Migrations\\Migrator->runMethod(Object(Illuminate\\Database\\MySqlConnection), Object(CreateFailedJobsTable), 'up')
#9 C:\\laragon\\www\\lprosarc2\\vendor\\laravel\\framework\\src\\Illuminate\\Database\\Migrations\\Migrator.php(403): Illuminate\\Database\\Migrations\\Migrator->Illuminate\\Database\\Migrations\\{closure}()
#10 C:\\laragon\\www\\lprosarc2\\vendor\\laravel\\framework\\src\\Illuminate\\Database\\Migrations\\Migrator.php(202): Illuminate\\Database\\Migrations\\Migrator->runMigration(Object(CreateFailedJobsTable), 'up')
#11 C:\\laragon\\www\\lprosarc2\\vendor\\laravel\\framework\\src\\Illuminate\\Database\\Migrations\\Migrator.php(167): Illuminate\\Database\\Migrations\\Migrator->runUp('C:\\\\laragon\\\\www\\\\...', 20, false)
#12 C:\\laragon\\www\\lprosarc2\\vendor\\laravel\\framework\\src\\Illuminate\\Database\\Migrations\\Migrator.php(112): Illuminate\\Database\\Migrations\\Migrator->runPending(Array, Array)
#13 C:\\laragon\\www\\lprosarc2\\vendor\\laravel\\framework\\src\\Illuminate\\Database\\Console\\Migrations\\MigrateCommand.php(86): Illuminate\\Database\\Migrations\\Migrator->run(Array, Array)
#14 C:\\laragon\\www\\lprosarc2\\vendor\\laravel\\framework\\src\\Illuminate\\Database\\Migrations\\Migrator.php(606): Illuminate\\Database\\Console\\Migrations\\MigrateCommand->Illuminate\\Database\\Console\\Migrations\\{closure}()
#15 C:\\laragon\\www\\lprosarc2\\vendor\\laravel\\framework\\src\\Illuminate\\Database\\Console\\Migrations\\MigrateCommand.php(98): Illuminate\\Database\\Migrations\\Migrator->usingConnection(NULL, Object(Closure))
#16 C:\\laragon\\www\\lprosarc2\\vendor\\laravel\\framework\\src\\Illuminate\\Container\\BoundMethod.php(36): Illuminate\\Database\\Console\\Migrations\\MigrateCommand->handle()
#17 C:\\laragon\\www\\lprosarc2\\vendor\\laravel\\framework\\src\\Illuminate\\Container\\Util.php(40): Illuminate\\Container\\BoundMethod::Illuminate\\Container\\{closure}()
#18 C:\\laragon\\www\\lprosarc2\\vendor\\laravel\\framework\\src\\Illuminate\\Container\\BoundMethod.php(93): Illuminate\\Container\\Util::unwrapIfClosure(Object(Closure))
#19 C:\\laragon\\www\\lprosarc2\\vendor\\laravel\\framework\\src\\Illuminate\\Container\\BoundMethod.php(37): Illuminate\\Container\\BoundMethod::callBoundMethod(Object(Illuminate\\Foundation\\Application), Array, Object(Closure))
#20 C:\\laragon\\www\\lprosarc2\\vendor\\laravel\\framework\\src\\Illuminate\\Container\\Container.php(653): Illuminate\\Container\\BoundMethod::call(Object(Illuminate\\Foundation\\Application), Array, Array, NULL)
#21 C:\\laragon\\www\\lprosarc2\\vendor\\laravel\\framework\\src\\Illuminate\\Console\\Command.php(136): Illuminate\\Container\\Container->call(Array)
#22 C:\\laragon\\www\\lprosarc2\\vendor\\symfony\\console\\Command\\Command.php(298): Illuminate\\Console\\Command->execute(Object(Symfony\\Component\\Console\\Input\\ArgvInput), Object(Illuminate\\Console\\OutputStyle))
#23 C:\\laragon\\www\\lprosarc2\\vendor\\laravel\\framework\\src\\Illuminate\\Console\\Command.php(121): Symfony\\Component\\Console\\Command\\Command->run(Object(Symfony\\Component\\Console\\Input\\ArgvInput), Object(Illuminate\\Console\\OutputStyle))
#24 C:\\laragon\\www\\lprosarc2\\vendor\\symfony\\console\\Application.php(1040): Illuminate\\Console\\Command->run(Object(Symfony\\Component\\Console\\Input\\ArgvInput), Object(Symfony\\Component\\Console\\Output\\ConsoleOutput))
#25 C:\\laragon\\www\\lprosarc2\\vendor\\symfony\\console\\Application.php(301): Symfony\\Component\\Console\\Application->doRunCommand(Object(Illuminate\\Database\\Console\\Migrations\\MigrateCommand), Object(Symfony\\Component\\Console\\Input\\ArgvInput), Object(Symfony\\Component\\Console\\Output\\ConsoleOutput))
#26 C:\\laragon\\www\\lprosarc2\\vendor\\symfony\\console\\Application.php(171): Symfony\\Component\\Console\\Application->doRun(Object(Symfony\\Component\\Console\\Input\\ArgvInput), Object(Symfony\\Component\\Console\\Output\\ConsoleOutput))
#27 C:\\laragon\\www\\lprosarc2\\vendor\\laravel\\framework\\src\\Illuminate\\Console\\Application.php(94): Symfony\\Component\\Console\\Application->run(Object(Symfony\\Component\\Console\\Input\\ArgvInput), Object(Symfony\\Component\\Console\\Output\\ConsoleOutput))
#28 C:\\laragon\\www\\lprosarc2\\vendor\\laravel\\framework\\src\\Illuminate\\Foundation\\Console\\Kernel.php(129): Illuminate\\Console\\Application->run(Object(Symfony\\Component\\Console\\Input\\ArgvInput), Object(Symfony\\Component\\Console\\Output\\ConsoleOutput))
#29 C:\\laragon\\www\\lprosarc2\\artisan(37): Illuminate\\Foundation\\Console\\Kernel->handle(Object(Symfony\\Component\\Console\\Input\\ArgvInput), Object(Symfony\\Component\\Console\\Output\\ConsoleOutput))
#30 {main}

[previous exception] [object] (Doctrine\\DBAL\\Driver\\PDO\\Exception(code: 42S01): SQLSTATE[42S01]: Base table or view already exists: 1050 Table 'failed_jobs' already exists at C:\\laragon\\www\\lprosarc2\\vendor\\doctrine\\dbal\\lib\\Doctrine\\DBAL\\Driver\\PDO\\Exception.php:18)
[stacktrace]
#0 C:\\laragon\\www\\lprosarc2\\vendor\\doctrine\\dbal\\lib\\Doctrine\\DBAL\\Driver\\PDOStatement.php(119): Doctrine\\DBAL\\Driver\\PDO\\Exception::new(Object(PDOException))
#1 C:\\laragon\\www\\lprosarc2\\vendor\\laravel\\framework\\src\\Illuminate\\Database\\Connection.php(501): Doctrine\\DBAL\\Driver\\PDOStatement->execute()
#2 C:\\laragon\\www\\lprosarc2\\vendor\\laravel\\framework\\src\\Illuminate\\Database\\Connection.php(705): Illuminate\\Database\\Connection->Illuminate\\Database\\{closure}('create table `f...', Array)
#3 C:\\laragon\\www\\lprosarc2\\vendor\\laravel\\framework\\src\\Illuminate\\Database\\Connection.php(672): Illuminate\\Database\\Connection->runQueryCallback('create table `f...', Array, Object(Closure))
#4 C:\\laragon\\www\\lprosarc2\\vendor\\laravel\\framework\\src\\Illuminate\\Database\\Connection.php(502): Illuminate\\Database\\Connection->run('create table `f...', Array, Object(Closure))
#5 C:\\laragon\\www\\lprosarc2\\vendor\\laravel\\framework\\src\\Illuminate\\Database\\Schema\\Blueprint.php(109): Illuminate\\Database\\Connection->statement('create table `f...')
#6 C:\\laragon\\www\\lprosarc2\\vendor\\laravel\\framework\\src\\Illuminate\\Database\\Schema\\Builder.php(364): Illuminate\\Database\\Schema\\Blueprint->build(Object(Illuminate\\Database\\MySqlConnection), Object(Illuminate\\Database\\Schema\\Grammars\\MySqlGrammar))
#7 C:\\laragon\\www\\lprosarc2\\vendor\\laravel\\framework\\src\\Illuminate\\Database\\Schema\\Builder.php(227): Illuminate\\Database\\Schema\\Builder->build(Object(Illuminate\\Database\\Schema\\Blueprint))
#8 C:\\laragon\\www\\lprosarc2\\vendor\\laravel\\framework\\src\\Illuminate\\Support\\Facades\\Facade.php(261): Illuminate\\Database\\Schema\\Builder->create('failed_jobs', Object(Closure))
#9 C:\\laragon\\www\\lprosarc2\\database\\migrations\\2019_08_19_000000_create_failed_jobs_table.php(24): Illuminate\\Support\\Facades\\Facade::__callStatic('create', Array)
#10 C:\\laragon\\www\\lprosarc2\\vendor\\laravel\\framework\\src\\Illuminate\\Database\\Migrations\\Migrator.php(472): CreateFailedJobsTable->up()
#11 C:\\laragon\\www\\lprosarc2\\vendor\\laravel\\framework\\src\\Illuminate\\Database\\Migrations\\Migrator.php(394): Illuminate\\Database\\Migrations\\Migrator->runMethod(Object(Illuminate\\Database\\MySqlConnection), Object(CreateFailedJobsTable), 'up')
#12 C:\\laragon\\www\\lprosarc2\\vendor\\laravel\\framework\\src\\Illuminate\\Database\\Migrations\\Migrator.php(403): Illuminate\\Database\\Migrations\\Migrator->Illuminate\\Database\\Migrations\\{closure}()
#13 C:\\laragon\\www\\lprosarc2\\vendor\\laravel\\framework\\src\\Illuminate\\Database\\Migrations\\Migrator.php(202): Illuminate\\Database\\Migrations\\Migrator->runMigration(Object(CreateFailedJobsTable), 'up')
#14 C:\\laragon\\www\\lprosarc2\\vendor\\laravel\\framework\\src\\Illuminate\\Database\\Migrations\\Migrator.php(167): Illuminate\\Database\\Migrations\\Migrator->runUp('C:\\\\laragon\\\\www\\\\...', 20, false)
#15 C:\\laragon\\www\\lprosarc2\\vendor\\laravel\\framework\\src\\Illuminate\\Database\\Migrations\\Migrator.php(112): Illuminate\\Database\\Migrations\\Migrator->runPending(Array, Array)
#16 C:\\laragon\\www\\lprosarc2\\vendor\\laravel\\framework\\src\\Illuminate\\Database\\Console\\Migrations\\MigrateCommand.php(86): Illuminate\\Database\\Migrations\\Migrator->run(Array, Array)
#17 C:\\laragon\\www\\lprosarc2\\vendor\\laravel\\framework\\src\\Illuminate\\Database\\Migrations\\Migrator.php(606): Illuminate\\Database\\Console\\Migrations\\MigrateCommand->Illuminate\\Database\\Console\\Migrations\\{closure}()
#18 C:\\laragon\\www\\lprosarc2\\vendor\\laravel\\framework\\src\\Illuminate\\Database\\Console\\Migrations\\MigrateCommand.php(98): Illuminate\\Database\\Migrations\\Migrator->usingConnection(NULL, Object(Closure))
#19 C:\\laragon\\www\\lprosarc2\\vendor\\laravel\\framework\\src\\Illuminate\\Container\\BoundMethod.php(36): Illuminate\\Database\\Console\\Migrations\\MigrateCommand->handle()
#20 C:\\laragon\\www\\lprosarc2\\vendor\\laravel\\framework\\src\\Illuminate\\Container\\Util.php(40): Illuminate\\Container\\BoundMethod::Illuminate\\Container\\{closure}()
#21 C:\\laragon\\www\\lprosarc2\\vendor\\laravel\\framework\\src\\Illuminate\\Container\\BoundMethod.php(93): Illuminate\\Container\\Util::unwrapIfClosure(Object(Closure))
#22 C:\\laragon\\www\\lprosarc2\\vendor\\laravel\\framework\\src\\Illuminate\\Container\\BoundMethod.php(37): Illuminate\\Container\\BoundMethod::callBoundMethod(Object(Illuminate\\Foundation\\Application), Array, Object(Closure))
#23 C:\\laragon\\www\\lprosarc2\\vendor\\laravel\\framework\\src\\Illuminate\\Container\\Container.php(653): Illuminate\\Container\\BoundMethod::call(Object(Illuminate\\Foundation\\Application), Array, Array, NULL)
#24 C:\\laragon\\www\\lprosarc2\\vendor\\laravel\\framework\\src\\Illuminate\\Console\\Command.php(136): Illuminate\\Container\\Container->call(Array)
#25 C:\\laragon\\www\\lprosarc2\\vendor\\symfony\\console\\Command\\Command.php(298): Illuminate\\Console\\Command->execute(Object(Symfony\\Component\\Console\\Input\\ArgvInput), Object(Illuminate\\Console\\OutputStyle))
#26 C:\\laragon\\www\\lprosarc2\\vendor\\laravel\\framework\\src\\Illuminate\\Console\\Command.php(121): Symfony\\Component\\Console\\Command\\Command->run(Object(Symfony\\Component\\Console\\Input\\ArgvInput), Object(Illuminate\\Console\\OutputStyle))
#27 C:\\laragon\\www\\lprosarc2\\vendor\\symfony\\console\\Application.php(1040): Illuminate\\Console\\Command->run(Object(Symfony\\Component\\Console\\Input\\ArgvInput), Object(Symfony\\Component\\Console\\Output\\ConsoleOutput))
#28 C:\\laragon\\www\\lprosarc2\\vendor\\symfony\\console\\Application.php(301): Symfony\\Component\\Console\\Application->doRunCommand(Object(Illuminate\\Database\\Console\\Migrations\\MigrateCommand), Object(Symfony\\Component\\Console\\Input\\ArgvInput), Object(Symfony\\Component\\Console\\Output\\ConsoleOutput))
#29 C:\\laragon\\www\\lprosarc2\\vendor\\symfony\\console\\Application.php(171): Symfony\\Component\\Console\\Application->doRun(Object(Symfony\\Component\\Console\\Input\\ArgvInput), Object(Symfony\\Component\\Console\\Output\\ConsoleOutput))
#30 C:\\laragon\\www\\lprosarc2\\vendor\\laravel\\framework\\src\\Illuminate\\Console\\Application.php(94): Symfony\\Component\\Console\\Application->run(Object(Symfony\\Component\\Console\\Input\\ArgvInput), Object(Symfony\\Component\\Console\\Output\\ConsoleOutput))
#31 C:\\laragon\\www\\lprosarc2\\vendor\\laravel\\framework\\src\\Illuminate\\Foundation\\Console\\Kernel.php(129): Illuminate\\Console\\Application->run(Object(Symfony\\Component\\Console\\Input\\ArgvInput), Object(Symfony\\Component\\Console\\Output\\ConsoleOutput))
#32 C:\\laragon\\www\\lprosarc2\\artisan(37): Illuminate\\Foundation\\Console\\Kernel->handle(Object(Symfony\\Component\\Console\\Input\\ArgvInput), Object(Symfony\\Component\\Console\\Output\\ConsoleOutput))
#33 {main}

[previous exception] [object] (PDOException(code: 42S01): SQLSTATE[42S01]: Base table or view already exists: 1050 Table 'failed_jobs' already exists at C:\\laragon\\www\\lprosarc2\\vendor\\doctrine\\dbal\\lib\\Doctrine\\DBAL\\Driver\\PDOStatement.php:117)
[stacktrace]
#0 C:\\laragon\\www\\lprosarc2\\vendor\\doctrine\\dbal\\lib\\Doctrine\\DBAL\\Driver\\PDOStatement.php(117): PDOStatement->execute(NULL)
#1 C:\\laragon\\www\\lprosarc2\\vendor\\laravel\\framework\\src\\Illuminate\\Database\\Connection.php(501): Doctrine\\DBAL\\Driver\\PDOStatement->execute()
#2 C:\\laragon\\www\\lprosarc2\\vendor\\laravel\\framework\\src\\Illuminate\\Database\\Connection.php(705): Illuminate\\Database\\Connection->Illuminate\\Database\\{closure}('create table `f...', Array)
#3 C:\\laragon\\www\\lprosarc2\\vendor\\laravel\\framework\\src\\Illuminate\\Database\\Connection.php(672): Illuminate\\Database\\Connection->runQueryCallback('create table `f...', Array, Object(Closure))
#4 C:\\laragon\\www\\lprosarc2\\vendor\\laravel\\framework\\src\\Illuminate\\Database\\Connection.php(502): Illuminate\\Database\\Connection->run('create table `f...', Array, Object(Closure))
#5 C:\\laragon\\www\\lprosarc2\\vendor\\laravel\\framework\\src\\Illuminate\\Database\\Schema\\Blueprint.php(109): Illuminate\\Database\\Connection->statement('create table `f...')
#6 C:\\laragon\\www\\lprosarc2\\vendor\\laravel\\framework\\src\\Illuminate\\Database\\Schema\\Builder.php(364): Illuminate\\Database\\Schema\\Blueprint->build(Object(Illuminate\\Database\\MySqlConnection), Object(Illuminate\\Database\\Schema\\Grammars\\MySqlGrammar))
#7 C:\\laragon\\www\\lprosarc2\\vendor\\laravel\\framework\\src\\Illuminate\\Database\\Schema\\Builder.php(227): Illuminate\\Database\\Schema\\Builder->build(Object(Illuminate\\Database\\Schema\\Blueprint))
#8 C:\\laragon\\www\\lprosarc2\\vendor\\laravel\\framework\\src\\Illuminate\\Support\\Facades\\Facade.php(261): Illuminate\\Database\\Schema\\Builder->create('failed_jobs', Object(Closure))
#9 C:\\laragon\\www\\lprosarc2\\database\\migrations\\2019_08_19_000000_create_failed_jobs_table.php(24): Illuminate\\Support\\Facades\\Facade::__callStatic('create', Array)
#10 C:\\laragon\\www\\lprosarc2\\vendor\\laravel\\framework\\src\\Illuminate\\Database\\Migrations\\Migrator.php(472): CreateFailedJobsTable->up()
#11 C:\\laragon\\www\\lprosarc2\\vendor\\laravel\\framework\\src\\Illuminate\\Database\\Migrations\\Migrator.php(394): Illuminate\\Database\\Migrations\\Migrator->runMethod(Object(Illuminate\\Database\\MySqlConnection), Object(CreateFailedJobsTable), 'up')
#12 C:\\laragon\\www\\lprosarc2\\vendor\\laravel\\framework\\src\\Illuminate\\Database\\Migrations\\Migrator.php(403): Illuminate\\Database\\Migrations\\Migrator->Illuminate\\Database\\Migrations\\{closure}()
#13 C:\\laragon\\www\\lprosarc2\\vendor\\laravel\\framework\\src\\Illuminate\\Database\\Migrations\\Migrator.php(202): Illuminate\\Database\\Migrations\\Migrator->runMigration(Object(CreateFailedJobsTable), 'up')
#14 C:\\laragon\\www\\lprosarc2\\vendor\\laravel\\framework\\src\\Illuminate\\Database\\Migrations\\Migrator.php(167): Illuminate\\Database\\Migrations\\Migrator->runUp('C:\\\\laragon\\\\www\\\\...', 20, false)
#15 C:\\laragon\\www\\lprosarc2\\vendor\\laravel\\framework\\src\\Illuminate\\Database\\Migrations\\Migrator.php(112): Illuminate\\Database\\Migrations\\Migrator->runPending(Array, Array)
#16 C:\\laragon\\www\\lprosarc2\\vendor\\laravel\\framework\\src\\Illuminate\\Database\\Console\\Migrations\\MigrateCommand.php(86): Illuminate\\Database\\Migrations\\Migrator->run(Array, Array)
#17 C:\\laragon\\www\\lprosarc2\\vendor\\laravel\\framework\\src\\Illuminate\\Database\\Migrations\\Migrator.php(606): Illuminate\\Database\\Console\\Migrations\\MigrateCommand->Illuminate\\Database\\Console\\Migrations\\{closure}()
#18 C:\\laragon\\www\\lprosarc2\\vendor\\laravel\\framework\\src\\Illuminate\\Database\\Console\\Migrations\\MigrateCommand.php(98): Illuminate\\Database\\Migrations\\Migrator->usingConnection(NULL, Object(Closure))
#19 C:\\laragon\\www\\lprosarc2\\vendor\\laravel\\framework\\src\\Illuminate\\Container\\BoundMethod.php(36): Illuminate\\Database\\Console\\Migrations\\MigrateCommand->handle()
#20 C:\\laragon\\www\\lprosarc2\\vendor\\laravel\\framework\\src\\Illuminate\\Container\\Util.php(40): Illuminate\\Container\\BoundMethod::Illuminate\\Container\\{closure}()
#21 C:\\laragon\\www\\lprosarc2\\vendor\\laravel\\framework\\src\\Illuminate\\Container\\BoundMethod.php(93): Illuminate\\Container\\Util::unwrapIfClosure(Object(Closure))
#22 C:\\laragon\\www\\lprosarc2\\vendor\\laravel\\framework\\src\\Illuminate\\Container\\BoundMethod.php(37): Illuminate\\Container\\BoundMethod::callBoundMethod(Object(Illuminate\\Foundation\\Application), Array, Object(Closure))
#23 C:\\laragon\\www\\lprosarc2\\vendor\\laravel\\framework\\src\\Illuminate\\Container\\Container.php(653): Illuminate\\Container\\BoundMethod::call(Object(Illuminate\\Foundation\\Application), Array, Array, NULL)
#24 C:\\laragon\\www\\lprosarc2\\vendor\\laravel\\framework\\src\\Illuminate\\Console\\Command.php(136): Illuminate\\Container\\Container->call(Array)
#25 C:\\laragon\\www\\lprosarc2\\vendor\\symfony\\console\\Command\\Command.php(298): Illuminate\\Console\\Command->execute(Object(Symfony\\Component\\Console\\Input\\ArgvInput), Object(Illuminate\\Console\\OutputStyle))
#26 C:\\laragon\\www\\lprosarc2\\vendor\\laravel\\framework\\src\\Illuminate\\Console\\Command.php(121): Symfony\\Component\\Console\\Command\\Command->run(Object(Symfony\\Component\\Console\\Input\\ArgvInput), Object(Illuminate\\Console\\OutputStyle))
#27 C:\\laragon\\www\\lprosarc2\\vendor\\symfony\\console\\Application.php(1040): Illuminate\\Console\\Command->run(Object(Symfony\\Component\\Console\\Input\\ArgvInput), Object(Symfony\\Component\\Console\\Output\\ConsoleOutput))
#28 C:\\laragon\\www\\lprosarc2\\vendor\\symfony\\console\\Application.php(301): Symfony\\Component\\Console\\Application->doRunCommand(Object(Illuminate\\Database\\Console\\Migrations\\MigrateCommand), Object(Symfony\\Component\\Console\\Input\\ArgvInput), Object(Symfony\\Component\\Console\\Output\\ConsoleOutput))
#29 C:\\laragon\\www\\lprosarc2\\vendor\\symfony\\console\\Application.php(171): Symfony\\Component\\Console\\Application->doRun(Object(Symfony\\Component\\Console\\Input\\ArgvInput), Object(Symfony\\Component\\Console\\Output\\ConsoleOutput))
#30 C:\\laragon\\www\\lprosarc2\\vendor\\laravel\\framework\\src\\Illuminate\\Console\\Application.php(94): Symfony\\Component\\Console\\Application->run(Object(Symfony\\Component\\Console\\Input\\ArgvInput), Object(Symfony\\Component\\Console\\Output\\ConsoleOutput))
#31 C:\\laragon\\www\\lprosarc2\\vendor\\laravel\\framework\\src\\Illuminate\\Foundation\\Console\\Kernel.php(129): Illuminate\\Console\\Application->run(Object(Symfony\\Component\\Console\\Input\\ArgvInput), Object(Symfony\\Component\\Console\\Output\\ConsoleOutput))
#32 C:\\laragon\\www\\lprosarc2\\artisan(37): Illuminate\\Foundation\\Console\\Kernel->handle(Object(Symfony\\Component\\Console\\Input\\ArgvInput), Object(Symfony\\Component\\Console\\Output\\ConsoleOutput))
#33 {main}
"} 
[2024-07-30 09:46:45] local.ERROR: Cannot declare class OldFailedJobsTable, because the name is already in use {"exception":"[object] (Symfony\\Component\\ErrorHandler\\Error\\FatalError(code: 0): Cannot declare class OldFailedJobsTable, because the name is already in use at C:\\laragon\\www\\lprosarc2\\database\\migrations\\2019_08_19_000000_create_failed_jobs_table.php:7)
[stacktrace]
#0 {main}
"} 
[2024-07-30 09:47:25] local.ERROR: SQLSTATE[42S01]: Base table or view already exists: 1050 Table 'failed_jobs' already exists (SQL: create table `failed_jobs` (`id` bigint unsigned not null auto_increment primary key, `uuid` varchar(255) not null, `connection` text not null, `queue` text not null, `payload` longtext not null, `exception` longtext not null, `failed_at` timestamp default CURRENT_TIMESTAMP not null) default character set utf8mb4 collate 'utf8mb4_unicode_ci') {"exception":"[object] (Illuminate\\Database\\QueryException(code: 42S01): SQLSTATE[42S01]: Base table or view already exists: 1050 Table 'failed_jobs' already exists (SQL: create table `failed_jobs` (`id` bigint unsigned not null auto_increment primary key, `uuid` varchar(255) not null, `connection` text not null, `queue` text not null, `payload` longtext not null, `exception` longtext not null, `failed_at` timestamp default CURRENT_TIMESTAMP not null) default character set utf8mb4 collate 'utf8mb4_unicode_ci') at C:\\laragon\\www\\lprosarc2\\vendor\\laravel\\framework\\src\\Illuminate\\Database\\Connection.php:712)
[stacktrace]
#0 C:\\laragon\\www\\lprosarc2\\vendor\\laravel\\framework\\src\\Illuminate\\Database\\Connection.php(672): Illuminate\\Database\\Connection->runQueryCallback('create table `f...', Array, Object(Closure))
#1 C:\\laragon\\www\\lprosarc2\\vendor\\laravel\\framework\\src\\Illuminate\\Database\\Connection.php(502): Illuminate\\Database\\Connection->run('create table `f...', Array, Object(Closure))
#2 C:\\laragon\\www\\lprosarc2\\vendor\\laravel\\framework\\src\\Illuminate\\Database\\Schema\\Blueprint.php(109): Illuminate\\Database\\Connection->statement('create table `f...')
#3 C:\\laragon\\www\\lprosarc2\\vendor\\laravel\\framework\\src\\Illuminate\\Database\\Schema\\Builder.php(364): Illuminate\\Database\\Schema\\Blueprint->build(Object(Illuminate\\Database\\MySqlConnection), Object(Illuminate\\Database\\Schema\\Grammars\\MySqlGrammar))
#4 C:\\laragon\\www\\lprosarc2\\vendor\\laravel\\framework\\src\\Illuminate\\Database\\Schema\\Builder.php(227): Illuminate\\Database\\Schema\\Builder->build(Object(Illuminate\\Database\\Schema\\Blueprint))
#5 C:\\laragon\\www\\lprosarc2\\vendor\\laravel\\framework\\src\\Illuminate\\Support\\Facades\\Facade.php(261): Illuminate\\Database\\Schema\\Builder->create('failed_jobs', Object(Closure))
#6 C:\\laragon\\www\\lprosarc2\\database\\migrations\\2019_08_19_000000_create_failed_jobs_table.php(24): Illuminate\\Support\\Facades\\Facade::__callStatic('create', Array)
#7 C:\\laragon\\www\\lprosarc2\\vendor\\laravel\\framework\\src\\Illuminate\\Database\\Migrations\\Migrator.php(472): CreateFailedJobsTable->up()
#8 C:\\laragon\\www\\lprosarc2\\vendor\\laravel\\framework\\src\\Illuminate\\Database\\Migrations\\Migrator.php(394): Illuminate\\Database\\Migrations\\Migrator->runMethod(Object(Illuminate\\Database\\MySqlConnection), Object(CreateFailedJobsTable), 'up')
#9 C:\\laragon\\www\\lprosarc2\\vendor\\laravel\\framework\\src\\Illuminate\\Database\\Migrations\\Migrator.php(403): Illuminate\\Database\\Migrations\\Migrator->Illuminate\\Database\\Migrations\\{closure}()
#10 C:\\laragon\\www\\lprosarc2\\vendor\\laravel\\framework\\src\\Illuminate\\Database\\Migrations\\Migrator.php(202): Illuminate\\Database\\Migrations\\Migrator->runMigration(Object(CreateFailedJobsTable), 'up')
#11 C:\\laragon\\www\\lprosarc2\\vendor\\laravel\\framework\\src\\Illuminate\\Database\\Migrations\\Migrator.php(167): Illuminate\\Database\\Migrations\\Migrator->runUp('C:\\\\laragon\\\\www\\\\...', 20, false)
#12 C:\\laragon\\www\\lprosarc2\\vendor\\laravel\\framework\\src\\Illuminate\\Database\\Migrations\\Migrator.php(112): Illuminate\\Database\\Migrations\\Migrator->runPending(Array, Array)
#13 C:\\laragon\\www\\lprosarc2\\vendor\\laravel\\framework\\src\\Illuminate\\Database\\Console\\Migrations\\MigrateCommand.php(86): Illuminate\\Database\\Migrations\\Migrator->run(Array, Array)
#14 C:\\laragon\\www\\lprosarc2\\vendor\\laravel\\framework\\src\\Illuminate\\Database\\Migrations\\Migrator.php(606): Illuminate\\Database\\Console\\Migrations\\MigrateCommand->Illuminate\\Database\\Console\\Migrations\\{closure}()
#15 C:\\laragon\\www\\lprosarc2\\vendor\\laravel\\framework\\src\\Illuminate\\Database\\Console\\Migrations\\MigrateCommand.php(98): Illuminate\\Database\\Migrations\\Migrator->usingConnection(NULL, Object(Closure))
#16 C:\\laragon\\www\\lprosarc2\\vendor\\laravel\\framework\\src\\Illuminate\\Container\\BoundMethod.php(36): Illuminate\\Database\\Console\\Migrations\\MigrateCommand->handle()
#17 C:\\laragon\\www\\lprosarc2\\vendor\\laravel\\framework\\src\\Illuminate\\Container\\Util.php(40): Illuminate\\Container\\BoundMethod::Illuminate\\Container\\{closure}()
#18 C:\\laragon\\www\\lprosarc2\\vendor\\laravel\\framework\\src\\Illuminate\\Container\\BoundMethod.php(93): Illuminate\\Container\\Util::unwrapIfClosure(Object(Closure))
#19 C:\\laragon\\www\\lprosarc2\\vendor\\laravel\\framework\\src\\Illuminate\\Container\\BoundMethod.php(37): Illuminate\\Container\\BoundMethod::callBoundMethod(Object(Illuminate\\Foundation\\Application), Array, Object(Closure))
#20 C:\\laragon\\www\\lprosarc2\\vendor\\laravel\\framework\\src\\Illuminate\\Container\\Container.php(653): Illuminate\\Container\\BoundMethod::call(Object(Illuminate\\Foundation\\Application), Array, Array, NULL)
#21 C:\\laragon\\www\\lprosarc2\\vendor\\laravel\\framework\\src\\Illuminate\\Console\\Command.php(136): Illuminate\\Container\\Container->call(Array)
#22 C:\\laragon\\www\\lprosarc2\\vendor\\symfony\\console\\Command\\Command.php(298): Illuminate\\Console\\Command->execute(Object(Symfony\\Component\\Console\\Input\\ArgvInput), Object(Illuminate\\Console\\OutputStyle))
#23 C:\\laragon\\www\\lprosarc2\\vendor\\laravel\\framework\\src\\Illuminate\\Console\\Command.php(121): Symfony\\Component\\Console\\Command\\Command->run(Object(Symfony\\Component\\Console\\Input\\ArgvInput), Object(Illuminate\\Console\\OutputStyle))
#24 C:\\laragon\\www\\lprosarc2\\vendor\\symfony\\console\\Application.php(1040): Illuminate\\Console\\Command->run(Object(Symfony\\Component\\Console\\Input\\ArgvInput), Object(Symfony\\Component\\Console\\Output\\ConsoleOutput))
#25 C:\\laragon\\www\\lprosarc2\\vendor\\symfony\\console\\Application.php(301): Symfony\\Component\\Console\\Application->doRunCommand(Object(Illuminate\\Database\\Console\\Migrations\\MigrateCommand), Object(Symfony\\Component\\Console\\Input\\ArgvInput), Object(Symfony\\Component\\Console\\Output\\ConsoleOutput))
#26 C:\\laragon\\www\\lprosarc2\\vendor\\symfony\\console\\Application.php(171): Symfony\\Component\\Console\\Application->doRun(Object(Symfony\\Component\\Console\\Input\\ArgvInput), Object(Symfony\\Component\\Console\\Output\\ConsoleOutput))
#27 C:\\laragon\\www\\lprosarc2\\vendor\\laravel\\framework\\src\\Illuminate\\Console\\Application.php(94): Symfony\\Component\\Console\\Application->run(Object(Symfony\\Component\\Console\\Input\\ArgvInput), Object(Symfony\\Component\\Console\\Output\\ConsoleOutput))
#28 C:\\laragon\\www\\lprosarc2\\vendor\\laravel\\framework\\src\\Illuminate\\Foundation\\Console\\Kernel.php(129): Illuminate\\Console\\Application->run(Object(Symfony\\Component\\Console\\Input\\ArgvInput), Object(Symfony\\Component\\Console\\Output\\ConsoleOutput))
#29 C:\\laragon\\www\\lprosarc2\\artisan(37): Illuminate\\Foundation\\Console\\Kernel->handle(Object(Symfony\\Component\\Console\\Input\\ArgvInput), Object(Symfony\\Component\\Console\\Output\\ConsoleOutput))
#30 {main}

[previous exception] [object] (Doctrine\\DBAL\\Driver\\PDO\\Exception(code: 42S01): SQLSTATE[42S01]: Base table or view already exists: 1050 Table 'failed_jobs' already exists at C:\\laragon\\www\\lprosarc2\\vendor\\doctrine\\dbal\\lib\\Doctrine\\DBAL\\Driver\\PDO\\Exception.php:18)
[stacktrace]
#0 C:\\laragon\\www\\lprosarc2\\vendor\\doctrine\\dbal\\lib\\Doctrine\\DBAL\\Driver\\PDOStatement.php(119): Doctrine\\DBAL\\Driver\\PDO\\Exception::new(Object(PDOException))
#1 C:\\laragon\\www\\lprosarc2\\vendor\\laravel\\framework\\src\\Illuminate\\Database\\Connection.php(501): Doctrine\\DBAL\\Driver\\PDOStatement->execute()
#2 C:\\laragon\\www\\lprosarc2\\vendor\\laravel\\framework\\src\\Illuminate\\Database\\Connection.php(705): Illuminate\\Database\\Connection->Illuminate\\Database\\{closure}('create table `f...', Array)
#3 C:\\laragon\\www\\lprosarc2\\vendor\\laravel\\framework\\src\\Illuminate\\Database\\Connection.php(672): Illuminate\\Database\\Connection->runQueryCallback('create table `f...', Array, Object(Closure))
#4 C:\\laragon\\www\\lprosarc2\\vendor\\laravel\\framework\\src\\Illuminate\\Database\\Connection.php(502): Illuminate\\Database\\Connection->run('create table `f...', Array, Object(Closure))
#5 C:\\laragon\\www\\lprosarc2\\vendor\\laravel\\framework\\src\\Illuminate\\Database\\Schema\\Blueprint.php(109): Illuminate\\Database\\Connection->statement('create table `f...')
#6 C:\\laragon\\www\\lprosarc2\\vendor\\laravel\\framework\\src\\Illuminate\\Database\\Schema\\Builder.php(364): Illuminate\\Database\\Schema\\Blueprint->build(Object(Illuminate\\Database\\MySqlConnection), Object(Illuminate\\Database\\Schema\\Grammars\\MySqlGrammar))
#7 C:\\laragon\\www\\lprosarc2\\vendor\\laravel\\framework\\src\\Illuminate\\Database\\Schema\\Builder.php(227): Illuminate\\Database\\Schema\\Builder->build(Object(Illuminate\\Database\\Schema\\Blueprint))
#8 C:\\laragon\\www\\lprosarc2\\vendor\\laravel\\framework\\src\\Illuminate\\Support\\Facades\\Facade.php(261): Illuminate\\Database\\Schema\\Builder->create('failed_jobs', Object(Closure))
#9 C:\\laragon\\www\\lprosarc2\\database\\migrations\\2019_08_19_000000_create_failed_jobs_table.php(24): Illuminate\\Support\\Facades\\Facade::__callStatic('create', Array)
#10 C:\\laragon\\www\\lprosarc2\\vendor\\laravel\\framework\\src\\Illuminate\\Database\\Migrations\\Migrator.php(472): CreateFailedJobsTable->up()
#11 C:\\laragon\\www\\lprosarc2\\vendor\\laravel\\framework\\src\\Illuminate\\Database\\Migrations\\Migrator.php(394): Illuminate\\Database\\Migrations\\Migrator->runMethod(Object(Illuminate\\Database\\MySqlConnection), Object(CreateFailedJobsTable), 'up')
#12 C:\\laragon\\www\\lprosarc2\\vendor\\laravel\\framework\\src\\Illuminate\\Database\\Migrations\\Migrator.php(403): Illuminate\\Database\\Migrations\\Migrator->Illuminate\\Database\\Migrations\\{closure}()
#13 C:\\laragon\\www\\lprosarc2\\vendor\\laravel\\framework\\src\\Illuminate\\Database\\Migrations\\Migrator.php(202): Illuminate\\Database\\Migrations\\Migrator->runMigration(Object(CreateFailedJobsTable), 'up')
#14 C:\\laragon\\www\\lprosarc2\\vendor\\laravel\\framework\\src\\Illuminate\\Database\\Migrations\\Migrator.php(167): Illuminate\\Database\\Migrations\\Migrator->runUp('C:\\\\laragon\\\\www\\\\...', 20, false)
#15 C:\\laragon\\www\\lprosarc2\\vendor\\laravel\\framework\\src\\Illuminate\\Database\\Migrations\\Migrator.php(112): Illuminate\\Database\\Migrations\\Migrator->runPending(Array, Array)
#16 C:\\laragon\\www\\lprosarc2\\vendor\\laravel\\framework\\src\\Illuminate\\Database\\Console\\Migrations\\MigrateCommand.php(86): Illuminate\\Database\\Migrations\\Migrator->run(Array, Array)
#17 C:\\laragon\\www\\lprosarc2\\vendor\\laravel\\framework\\src\\Illuminate\\Database\\Migrations\\Migrator.php(606): Illuminate\\Database\\Console\\Migrations\\MigrateCommand->Illuminate\\Database\\Console\\Migrations\\{closure}()
#18 C:\\laragon\\www\\lprosarc2\\vendor\\laravel\\framework\\src\\Illuminate\\Database\\Console\\Migrations\\MigrateCommand.php(98): Illuminate\\Database\\Migrations\\Migrator->usingConnection(NULL, Object(Closure))
#19 C:\\laragon\\www\\lprosarc2\\vendor\\laravel\\framework\\src\\Illuminate\\Container\\BoundMethod.php(36): Illuminate\\Database\\Console\\Migrations\\MigrateCommand->handle()
#20 C:\\laragon\\www\\lprosarc2\\vendor\\laravel\\framework\\src\\Illuminate\\Container\\Util.php(40): Illuminate\\Container\\BoundMethod::Illuminate\\Container\\{closure}()
#21 C:\\laragon\\www\\lprosarc2\\vendor\\laravel\\framework\\src\\Illuminate\\Container\\BoundMethod.php(93): Illuminate\\Container\\Util::unwrapIfClosure(Object(Closure))
#22 C:\\laragon\\www\\lprosarc2\\vendor\\laravel\\framework\\src\\Illuminate\\Container\\BoundMethod.php(37): Illuminate\\Container\\BoundMethod::callBoundMethod(Object(Illuminate\\Foundation\\Application), Array, Object(Closure))
#23 C:\\laragon\\www\\lprosarc2\\vendor\\laravel\\framework\\src\\Illuminate\\Container\\Container.php(653): Illuminate\\Container\\BoundMethod::call(Object(Illuminate\\Foundation\\Application), Array, Array, NULL)
#24 C:\\laragon\\www\\lprosarc2\\vendor\\laravel\\framework\\src\\Illuminate\\Console\\Command.php(136): Illuminate\\Container\\Container->call(Array)
#25 C:\\laragon\\www\\lprosarc2\\vendor\\symfony\\console\\Command\\Command.php(298): Illuminate\\Console\\Command->execute(Object(Symfony\\Component\\Console\\Input\\ArgvInput), Object(Illuminate\\Console\\OutputStyle))
#26 C:\\laragon\\www\\lprosarc2\\vendor\\laravel\\framework\\src\\Illuminate\\Console\\Command.php(121): Symfony\\Component\\Console\\Command\\Command->run(Object(Symfony\\Component\\Console\\Input\\ArgvInput), Object(Illuminate\\Console\\OutputStyle))
#27 C:\\laragon\\www\\lprosarc2\\vendor\\symfony\\console\\Application.php(1040): Illuminate\\Console\\Command->run(Object(Symfony\\Component\\Console\\Input\\ArgvInput), Object(Symfony\\Component\\Console\\Output\\ConsoleOutput))
#28 C:\\laragon\\www\\lprosarc2\\vendor\\symfony\\console\\Application.php(301): Symfony\\Component\\Console\\Application->doRunCommand(Object(Illuminate\\Database\\Console\\Migrations\\MigrateCommand), Object(Symfony\\Component\\Console\\Input\\ArgvInput), Object(Symfony\\Component\\Console\\Output\\ConsoleOutput))
#29 C:\\laragon\\www\\lprosarc2\\vendor\\symfony\\console\\Application.php(171): Symfony\\Component\\Console\\Application->doRun(Object(Symfony\\Component\\Console\\Input\\ArgvInput), Object(Symfony\\Component\\Console\\Output\\ConsoleOutput))
#30 C:\\laragon\\www\\lprosarc2\\vendor\\laravel\\framework\\src\\Illuminate\\Console\\Application.php(94): Symfony\\Component\\Console\\Application->run(Object(Symfony\\Component\\Console\\Input\\ArgvInput), Object(Symfony\\Component\\Console\\Output\\ConsoleOutput))
#31 C:\\laragon\\www\\lprosarc2\\vendor\\laravel\\framework\\src\\Illuminate\\Foundation\\Console\\Kernel.php(129): Illuminate\\Console\\Application->run(Object(Symfony\\Component\\Console\\Input\\ArgvInput), Object(Symfony\\Component\\Console\\Output\\ConsoleOutput))
#32 C:\\laragon\\www\\lprosarc2\\artisan(37): Illuminate\\Foundation\\Console\\Kernel->handle(Object(Symfony\\Component\\Console\\Input\\ArgvInput), Object(Symfony\\Component\\Console\\Output\\ConsoleOutput))
#33 {main}

[previous exception] [object] (PDOException(code: 42S01): SQLSTATE[42S01]: Base table or view already exists: 1050 Table 'failed_jobs' already exists at C:\\laragon\\www\\lprosarc2\\vendor\\doctrine\\dbal\\lib\\Doctrine\\DBAL\\Driver\\PDOStatement.php:117)
[stacktrace]
#0 C:\\laragon\\www\\lprosarc2\\vendor\\doctrine\\dbal\\lib\\Doctrine\\DBAL\\Driver\\PDOStatement.php(117): PDOStatement->execute(NULL)
#1 C:\\laragon\\www\\lprosarc2\\vendor\\laravel\\framework\\src\\Illuminate\\Database\\Connection.php(501): Doctrine\\DBAL\\Driver\\PDOStatement->execute()
#2 C:\\laragon\\www\\lprosarc2\\vendor\\laravel\\framework\\src\\Illuminate\\Database\\Connection.php(705): Illuminate\\Database\\Connection->Illuminate\\Database\\{closure}('create table `f...', Array)
#3 C:\\laragon\\www\\lprosarc2\\vendor\\laravel\\framework\\src\\Illuminate\\Database\\Connection.php(672): Illuminate\\Database\\Connection->runQueryCallback('create table `f...', Array, Object(Closure))
#4 C:\\laragon\\www\\lprosarc2\\vendor\\laravel\\framework\\src\\Illuminate\\Database\\Connection.php(502): Illuminate\\Database\\Connection->run('create table `f...', Array, Object(Closure))
#5 C:\\laragon\\www\\lprosarc2\\vendor\\laravel\\framework\\src\\Illuminate\\Database\\Schema\\Blueprint.php(109): Illuminate\\Database\\Connection->statement('create table `f...')
#6 C:\\laragon\\www\\lprosarc2\\vendor\\laravel\\framework\\src\\Illuminate\\Database\\Schema\\Builder.php(364): Illuminate\\Database\\Schema\\Blueprint->build(Object(Illuminate\\Database\\MySqlConnection), Object(Illuminate\\Database\\Schema\\Grammars\\MySqlGrammar))
#7 C:\\laragon\\www\\lprosarc2\\vendor\\laravel\\framework\\src\\Illuminate\\Database\\Schema\\Builder.php(227): Illuminate\\Database\\Schema\\Builder->build(Object(Illuminate\\Database\\Schema\\Blueprint))
#8 C:\\laragon\\www\\lprosarc2\\vendor\\laravel\\framework\\src\\Illuminate\\Support\\Facades\\Facade.php(261): Illuminate\\Database\\Schema\\Builder->create('failed_jobs', Object(Closure))
#9 C:\\laragon\\www\\lprosarc2\\database\\migrations\\2019_08_19_000000_create_failed_jobs_table.php(24): Illuminate\\Support\\Facades\\Facade::__callStatic('create', Array)
#10 C:\\laragon\\www\\lprosarc2\\vendor\\laravel\\framework\\src\\Illuminate\\Database\\Migrations\\Migrator.php(472): CreateFailedJobsTable->up()
#11 C:\\laragon\\www\\lprosarc2\\vendor\\laravel\\framework\\src\\Illuminate\\Database\\Migrations\\Migrator.php(394): Illuminate\\Database\\Migrations\\Migrator->runMethod(Object(Illuminate\\Database\\MySqlConnection), Object(CreateFailedJobsTable), 'up')
#12 C:\\laragon\\www\\lprosarc2\\vendor\\laravel\\framework\\src\\Illuminate\\Database\\Migrations\\Migrator.php(403): Illuminate\\Database\\Migrations\\Migrator->Illuminate\\Database\\Migrations\\{closure}()
#13 C:\\laragon\\www\\lprosarc2\\vendor\\laravel\\framework\\src\\Illuminate\\Database\\Migrations\\Migrator.php(202): Illuminate\\Database\\Migrations\\Migrator->runMigration(Object(CreateFailedJobsTable), 'up')
#14 C:\\laragon\\www\\lprosarc2\\vendor\\laravel\\framework\\src\\Illuminate\\Database\\Migrations\\Migrator.php(167): Illuminate\\Database\\Migrations\\Migrator->runUp('C:\\\\laragon\\\\www\\\\...', 20, false)
#15 C:\\laragon\\www\\lprosarc2\\vendor\\laravel\\framework\\src\\Illuminate\\Database\\Migrations\\Migrator.php(112): Illuminate\\Database\\Migrations\\Migrator->runPending(Array, Array)
#16 C:\\laragon\\www\\lprosarc2\\vendor\\laravel\\framework\\src\\Illuminate\\Database\\Console\\Migrations\\MigrateCommand.php(86): Illuminate\\Database\\Migrations\\Migrator->run(Array, Array)
#17 C:\\laragon\\www\\lprosarc2\\vendor\\laravel\\framework\\src\\Illuminate\\Database\\Migrations\\Migrator.php(606): Illuminate\\Database\\Console\\Migrations\\MigrateCommand->Illuminate\\Database\\Console\\Migrations\\{closure}()
#18 C:\\laragon\\www\\lprosarc2\\vendor\\laravel\\framework\\src\\Illuminate\\Database\\Console\\Migrations\\MigrateCommand.php(98): Illuminate\\Database\\Migrations\\Migrator->usingConnection(NULL, Object(Closure))
#19 C:\\laragon\\www\\lprosarc2\\vendor\\laravel\\framework\\src\\Illuminate\\Container\\BoundMethod.php(36): Illuminate\\Database\\Console\\Migrations\\MigrateCommand->handle()
#20 C:\\laragon\\www\\lprosarc2\\vendor\\laravel\\framework\\src\\Illuminate\\Container\\Util.php(40): Illuminate\\Container\\BoundMethod::Illuminate\\Container\\{closure}()
#21 C:\\laragon\\www\\lprosarc2\\vendor\\laravel\\framework\\src\\Illuminate\\Container\\BoundMethod.php(93): Illuminate\\Container\\Util::unwrapIfClosure(Object(Closure))
#22 C:\\laragon\\www\\lprosarc2\\vendor\\laravel\\framework\\src\\Illuminate\\Container\\BoundMethod.php(37): Illuminate\\Container\\BoundMethod::callBoundMethod(Object(Illuminate\\Foundation\\Application), Array, Object(Closure))
#23 C:\\laragon\\www\\lprosarc2\\vendor\\laravel\\framework\\src\\Illuminate\\Container\\Container.php(653): Illuminate\\Container\\BoundMethod::call(Object(Illuminate\\Foundation\\Application), Array, Array, NULL)
#24 C:\\laragon\\www\\lprosarc2\\vendor\\laravel\\framework\\src\\Illuminate\\Console\\Command.php(136): Illuminate\\Container\\Container->call(Array)
#25 C:\\laragon\\www\\lprosarc2\\vendor\\symfony\\console\\Command\\Command.php(298): Illuminate\\Console\\Command->execute(Object(Symfony\\Component\\Console\\Input\\ArgvInput), Object(Illuminate\\Console\\OutputStyle))
#26 C:\\laragon\\www\\lprosarc2\\vendor\\laravel\\framework\\src\\Illuminate\\Console\\Command.php(121): Symfony\\Component\\Console\\Command\\Command->run(Object(Symfony\\Component\\Console\\Input\\ArgvInput), Object(Illuminate\\Console\\OutputStyle))
#27 C:\\laragon\\www\\lprosarc2\\vendor\\symfony\\console\\Application.php(1040): Illuminate\\Console\\Command->run(Object(Symfony\\Component\\Console\\Input\\ArgvInput), Object(Symfony\\Component\\Console\\Output\\ConsoleOutput))
#28 C:\\laragon\\www\\lprosarc2\\vendor\\symfony\\console\\Application.php(301): Symfony\\Component\\Console\\Application->doRunCommand(Object(Illuminate\\Database\\Console\\Migrations\\MigrateCommand), Object(Symfony\\Component\\Console\\Input\\ArgvInput), Object(Symfony\\Component\\Console\\Output\\ConsoleOutput))
#29 C:\\laragon\\www\\lprosarc2\\vendor\\symfony\\console\\Application.php(171): Symfony\\Component\\Console\\Application->doRun(Object(Symfony\\Component\\Console\\Input\\ArgvInput), Object(Symfony\\Component\\Console\\Output\\ConsoleOutput))
#30 C:\\laragon\\www\\lprosarc2\\vendor\\laravel\\framework\\src\\Illuminate\\Console\\Application.php(94): Symfony\\Component\\Console\\Application->run(Object(Symfony\\Component\\Console\\Input\\ArgvInput), Object(Symfony\\Component\\Console\\Output\\ConsoleOutput))
#31 C:\\laragon\\www\\lprosarc2\\vendor\\laravel\\framework\\src\\Illuminate\\Foundation\\Console\\Kernel.php(129): Illuminate\\Console\\Application->run(Object(Symfony\\Component\\Console\\Input\\ArgvInput), Object(Symfony\\Component\\Console\\Output\\ConsoleOutput))
#32 C:\\laragon\\www\\lprosarc2\\artisan(37): Illuminate\\Foundation\\Console\\Kernel->handle(Object(Symfony\\Component\\Console\\Input\\ArgvInput), Object(Symfony\\Component\\Console\\Output\\ConsoleOutput))
#33 {main}
"} 
[2024-07-30 09:48:17] local.ERROR: Cannot declare class OldCreateFailedJobsTable, because the name is already in use {"exception":"[object] (Symfony\\Component\\ErrorHandler\\Error\\FatalError(code: 0): Cannot declare class OldCreateFailedJobsTable, because the name is already in use at C:\\laragon\\www\\lprosarc2\\database\\migrations\\2019_08_19_000000_create_failed_jobs_table.php:7)
[stacktrace]
#0 {main}
"} 
[2024-07-30 09:49:10] local.ERROR: Cannot declare class EstenoCreateFailedJobsTable, because the name is already in use {"exception":"[object] (Symfony\\Component\\ErrorHandler\\Error\\FatalError(code: 0): Cannot declare class EstenoCreateFailedJobsTable, because the name is already in use at C:\\laragon\\www\\lprosarc2\\database\\migrations\\2019_08_19_000000_create_failed_jobs_table.php:7)
[stacktrace]
#0 {main}
"} 
[2024-07-30 09:49:26] local.ERROR: SQLSTATE[42S01]: Base table or view already exists: 1050 Table 'failed_jobs' already exists (SQL: create table `failed_jobs` (`id` bigint unsigned not null auto_increment primary key, `uuid` varchar(255) not null, `connection` text not null, `queue` text not null, `payload` longtext not null, `exception` longtext not null, `failed_at` timestamp default CURRENT_TIMESTAMP not null) default character set utf8mb4 collate 'utf8mb4_unicode_ci') {"exception":"[object] (Illuminate\\Database\\QueryException(code: 42S01): SQLSTATE[42S01]: Base table or view already exists: 1050 Table 'failed_jobs' already exists (SQL: create table `failed_jobs` (`id` bigint unsigned not null auto_increment primary key, `uuid` varchar(255) not null, `connection` text not null, `queue` text not null, `payload` longtext not null, `exception` longtext not null, `failed_at` timestamp default CURRENT_TIMESTAMP not null) default character set utf8mb4 collate 'utf8mb4_unicode_ci') at C:\\laragon\\www\\lprosarc2\\vendor\\laravel\\framework\\src\\Illuminate\\Database\\Connection.php:712)
[stacktrace]
#0 C:\\laragon\\www\\lprosarc2\\vendor\\laravel\\framework\\src\\Illuminate\\Database\\Connection.php(672): Illuminate\\Database\\Connection->runQueryCallback('create table `f...', Array, Object(Closure))
#1 C:\\laragon\\www\\lprosarc2\\vendor\\laravel\\framework\\src\\Illuminate\\Database\\Connection.php(502): Illuminate\\Database\\Connection->run('create table `f...', Array, Object(Closure))
#2 C:\\laragon\\www\\lprosarc2\\vendor\\laravel\\framework\\src\\Illuminate\\Database\\Schema\\Blueprint.php(109): Illuminate\\Database\\Connection->statement('create table `f...')
#3 C:\\laragon\\www\\lprosarc2\\vendor\\laravel\\framework\\src\\Illuminate\\Database\\Schema\\Builder.php(364): Illuminate\\Database\\Schema\\Blueprint->build(Object(Illuminate\\Database\\MySqlConnection), Object(Illuminate\\Database\\Schema\\Grammars\\MySqlGrammar))
#4 C:\\laragon\\www\\lprosarc2\\vendor\\laravel\\framework\\src\\Illuminate\\Database\\Schema\\Builder.php(227): Illuminate\\Database\\Schema\\Builder->build(Object(Illuminate\\Database\\Schema\\Blueprint))
#5 C:\\laragon\\www\\lprosarc2\\vendor\\laravel\\framework\\src\\Illuminate\\Support\\Facades\\Facade.php(261): Illuminate\\Database\\Schema\\Builder->create('failed_jobs', Object(Closure))
#6 C:\\laragon\\www\\lprosarc2\\database\\migrations\\2019_08_19_000000_create_failed_jobs_table.php(24): Illuminate\\Support\\Facades\\Facade::__callStatic('create', Array)
#7 C:\\laragon\\www\\lprosarc2\\vendor\\laravel\\framework\\src\\Illuminate\\Database\\Migrations\\Migrator.php(472): CreateFailedJobsTable->up()
#8 C:\\laragon\\www\\lprosarc2\\vendor\\laravel\\framework\\src\\Illuminate\\Database\\Migrations\\Migrator.php(394): Illuminate\\Database\\Migrations\\Migrator->runMethod(Object(Illuminate\\Database\\MySqlConnection), Object(CreateFailedJobsTable), 'up')
#9 C:\\laragon\\www\\lprosarc2\\vendor\\laravel\\framework\\src\\Illuminate\\Database\\Migrations\\Migrator.php(403): Illuminate\\Database\\Migrations\\Migrator->Illuminate\\Database\\Migrations\\{closure}()
#10 C:\\laragon\\www\\lprosarc2\\vendor\\laravel\\framework\\src\\Illuminate\\Database\\Migrations\\Migrator.php(202): Illuminate\\Database\\Migrations\\Migrator->runMigration(Object(CreateFailedJobsTable), 'up')
#11 C:\\laragon\\www\\lprosarc2\\vendor\\laravel\\framework\\src\\Illuminate\\Database\\Migrations\\Migrator.php(167): Illuminate\\Database\\Migrations\\Migrator->runUp('C:\\\\laragon\\\\www\\\\...', 20, false)
#12 C:\\laragon\\www\\lprosarc2\\vendor\\laravel\\framework\\src\\Illuminate\\Database\\Migrations\\Migrator.php(112): Illuminate\\Database\\Migrations\\Migrator->runPending(Array, Array)
#13 C:\\laragon\\www\\lprosarc2\\vendor\\laravel\\framework\\src\\Illuminate\\Database\\Console\\Migrations\\MigrateCommand.php(86): Illuminate\\Database\\Migrations\\Migrator->run(Array, Array)
#14 C:\\laragon\\www\\lprosarc2\\vendor\\laravel\\framework\\src\\Illuminate\\Database\\Migrations\\Migrator.php(606): Illuminate\\Database\\Console\\Migrations\\MigrateCommand->Illuminate\\Database\\Console\\Migrations\\{closure}()
#15 C:\\laragon\\www\\lprosarc2\\vendor\\laravel\\framework\\src\\Illuminate\\Database\\Console\\Migrations\\MigrateCommand.php(98): Illuminate\\Database\\Migrations\\Migrator->usingConnection(NULL, Object(Closure))
#16 C:\\laragon\\www\\lprosarc2\\vendor\\laravel\\framework\\src\\Illuminate\\Container\\BoundMethod.php(36): Illuminate\\Database\\Console\\Migrations\\MigrateCommand->handle()
#17 C:\\laragon\\www\\lprosarc2\\vendor\\laravel\\framework\\src\\Illuminate\\Container\\Util.php(40): Illuminate\\Container\\BoundMethod::Illuminate\\Container\\{closure}()
#18 C:\\laragon\\www\\lprosarc2\\vendor\\laravel\\framework\\src\\Illuminate\\Container\\BoundMethod.php(93): Illuminate\\Container\\Util::unwrapIfClosure(Object(Closure))
#19 C:\\laragon\\www\\lprosarc2\\vendor\\laravel\\framework\\src\\Illuminate\\Container\\BoundMethod.php(37): Illuminate\\Container\\BoundMethod::callBoundMethod(Object(Illuminate\\Foundation\\Application), Array, Object(Closure))
#20 C:\\laragon\\www\\lprosarc2\\vendor\\laravel\\framework\\src\\Illuminate\\Container\\Container.php(653): Illuminate\\Container\\BoundMethod::call(Object(Illuminate\\Foundation\\Application), Array, Array, NULL)
#21 C:\\laragon\\www\\lprosarc2\\vendor\\laravel\\framework\\src\\Illuminate\\Console\\Command.php(136): Illuminate\\Container\\Container->call(Array)
#22 C:\\laragon\\www\\lprosarc2\\vendor\\symfony\\console\\Command\\Command.php(298): Illuminate\\Console\\Command->execute(Object(Symfony\\Component\\Console\\Input\\ArgvInput), Object(Illuminate\\Console\\OutputStyle))
#23 C:\\laragon\\www\\lprosarc2\\vendor\\laravel\\framework\\src\\Illuminate\\Console\\Command.php(121): Symfony\\Component\\Console\\Command\\Command->run(Object(Symfony\\Component\\Console\\Input\\ArgvInput), Object(Illuminate\\Console\\OutputStyle))
#24 C:\\laragon\\www\\lprosarc2\\vendor\\symfony\\console\\Application.php(1040): Illuminate\\Console\\Command->run(Object(Symfony\\Component\\Console\\Input\\ArgvInput), Object(Symfony\\Component\\Console\\Output\\ConsoleOutput))
#25 C:\\laragon\\www\\lprosarc2\\vendor\\symfony\\console\\Application.php(301): Symfony\\Component\\Console\\Application->doRunCommand(Object(Illuminate\\Database\\Console\\Migrations\\MigrateCommand), Object(Symfony\\Component\\Console\\Input\\ArgvInput), Object(Symfony\\Component\\Console\\Output\\ConsoleOutput))
#26 C:\\laragon\\www\\lprosarc2\\vendor\\symfony\\console\\Application.php(171): Symfony\\Component\\Console\\Application->doRun(Object(Symfony\\Component\\Console\\Input\\ArgvInput), Object(Symfony\\Component\\Console\\Output\\ConsoleOutput))
#27 C:\\laragon\\www\\lprosarc2\\vendor\\laravel\\framework\\src\\Illuminate\\Console\\Application.php(94): Symfony\\Component\\Console\\Application->run(Object(Symfony\\Component\\Console\\Input\\ArgvInput), Object(Symfony\\Component\\Console\\Output\\ConsoleOutput))
#28 C:\\laragon\\www\\lprosarc2\\vendor\\laravel\\framework\\src\\Illuminate\\Foundation\\Console\\Kernel.php(129): Illuminate\\Console\\Application->run(Object(Symfony\\Component\\Console\\Input\\ArgvInput), Object(Symfony\\Component\\Console\\Output\\ConsoleOutput))
#29 C:\\laragon\\www\\lprosarc2\\artisan(37): Illuminate\\Foundation\\Console\\Kernel->handle(Object(Symfony\\Component\\Console\\Input\\ArgvInput), Object(Symfony\\Component\\Console\\Output\\ConsoleOutput))
#30 {main}

[previous exception] [object] (Doctrine\\DBAL\\Driver\\PDO\\Exception(code: 42S01): SQLSTATE[42S01]: Base table or view already exists: 1050 Table 'failed_jobs' already exists at C:\\laragon\\www\\lprosarc2\\vendor\\doctrine\\dbal\\lib\\Doctrine\\DBAL\\Driver\\PDO\\Exception.php:18)
[stacktrace]
#0 C:\\laragon\\www\\lprosarc2\\vendor\\doctrine\\dbal\\lib\\Doctrine\\DBAL\\Driver\\PDOStatement.php(119): Doctrine\\DBAL\\Driver\\PDO\\Exception::new(Object(PDOException))
#1 C:\\laragon\\www\\lprosarc2\\vendor\\laravel\\framework\\src\\Illuminate\\Database\\Connection.php(501): Doctrine\\DBAL\\Driver\\PDOStatement->execute()
#2 C:\\laragon\\www\\lprosarc2\\vendor\\laravel\\framework\\src\\Illuminate\\Database\\Connection.php(705): Illuminate\\Database\\Connection->Illuminate\\Database\\{closure}('create table `f...', Array)
#3 C:\\laragon\\www\\lprosarc2\\vendor\\laravel\\framework\\src\\Illuminate\\Database\\Connection.php(672): Illuminate\\Database\\Connection->runQueryCallback('create table `f...', Array, Object(Closure))
#4 C:\\laragon\\www\\lprosarc2\\vendor\\laravel\\framework\\src\\Illuminate\\Database\\Connection.php(502): Illuminate\\Database\\Connection->run('create table `f...', Array, Object(Closure))
#5 C:\\laragon\\www\\lprosarc2\\vendor\\laravel\\framework\\src\\Illuminate\\Database\\Schema\\Blueprint.php(109): Illuminate\\Database\\Connection->statement('create table `f...')
#6 C:\\laragon\\www\\lprosarc2\\vendor\\laravel\\framework\\src\\Illuminate\\Database\\Schema\\Builder.php(364): Illuminate\\Database\\Schema\\Blueprint->build(Object(Illuminate\\Database\\MySqlConnection), Object(Illuminate\\Database\\Schema\\Grammars\\MySqlGrammar))
#7 C:\\laragon\\www\\lprosarc2\\vendor\\laravel\\framework\\src\\Illuminate\\Database\\Schema\\Builder.php(227): Illuminate\\Database\\Schema\\Builder->build(Object(Illuminate\\Database\\Schema\\Blueprint))
#8 C:\\laragon\\www\\lprosarc2\\vendor\\laravel\\framework\\src\\Illuminate\\Support\\Facades\\Facade.php(261): Illuminate\\Database\\Schema\\Builder->create('failed_jobs', Object(Closure))
#9 C:\\laragon\\www\\lprosarc2\\database\\migrations\\2019_08_19_000000_create_failed_jobs_table.php(24): Illuminate\\Support\\Facades\\Facade::__callStatic('create', Array)
#10 C:\\laragon\\www\\lprosarc2\\vendor\\laravel\\framework\\src\\Illuminate\\Database\\Migrations\\Migrator.php(472): CreateFailedJobsTable->up()
#11 C:\\laragon\\www\\lprosarc2\\vendor\\laravel\\framework\\src\\Illuminate\\Database\\Migrations\\Migrator.php(394): Illuminate\\Database\\Migrations\\Migrator->runMethod(Object(Illuminate\\Database\\MySqlConnection), Object(CreateFailedJobsTable), 'up')
#12 C:\\laragon\\www\\lprosarc2\\vendor\\laravel\\framework\\src\\Illuminate\\Database\\Migrations\\Migrator.php(403): Illuminate\\Database\\Migrations\\Migrator->Illuminate\\Database\\Migrations\\{closure}()
#13 C:\\laragon\\www\\lprosarc2\\vendor\\laravel\\framework\\src\\Illuminate\\Database\\Migrations\\Migrator.php(202): Illuminate\\Database\\Migrations\\Migrator->runMigration(Object(CreateFailedJobsTable), 'up')
#14 C:\\laragon\\www\\lprosarc2\\vendor\\laravel\\framework\\src\\Illuminate\\Database\\Migrations\\Migrator.php(167): Illuminate\\Database\\Migrations\\Migrator->runUp('C:\\\\laragon\\\\www\\\\...', 20, false)
#15 C:\\laragon\\www\\lprosarc2\\vendor\\laravel\\framework\\src\\Illuminate\\Database\\Migrations\\Migrator.php(112): Illuminate\\Database\\Migrations\\Migrator->runPending(Array, Array)
#16 C:\\laragon\\www\\lprosarc2\\vendor\\laravel\\framework\\src\\Illuminate\\Database\\Console\\Migrations\\MigrateCommand.php(86): Illuminate\\Database\\Migrations\\Migrator->run(Array, Array)
#17 C:\\laragon\\www\\lprosarc2\\vendor\\laravel\\framework\\src\\Illuminate\\Database\\Migrations\\Migrator.php(606): Illuminate\\Database\\Console\\Migrations\\MigrateCommand->Illuminate\\Database\\Console\\Migrations\\{closure}()
#18 C:\\laragon\\www\\lprosarc2\\vendor\\laravel\\framework\\src\\Illuminate\\Database\\Console\\Migrations\\MigrateCommand.php(98): Illuminate\\Database\\Migrations\\Migrator->usingConnection(NULL, Object(Closure))
#19 C:\\laragon\\www\\lprosarc2\\vendor\\laravel\\framework\\src\\Illuminate\\Container\\BoundMethod.php(36): Illuminate\\Database\\Console\\Migrations\\MigrateCommand->handle()
#20 C:\\laragon\\www\\lprosarc2\\vendor\\laravel\\framework\\src\\Illuminate\\Container\\Util.php(40): Illuminate\\Container\\BoundMethod::Illuminate\\Container\\{closure}()
#21 C:\\laragon\\www\\lprosarc2\\vendor\\laravel\\framework\\src\\Illuminate\\Container\\BoundMethod.php(93): Illuminate\\Container\\Util::unwrapIfClosure(Object(Closure))
#22 C:\\laragon\\www\\lprosarc2\\vendor\\laravel\\framework\\src\\Illuminate\\Container\\BoundMethod.php(37): Illuminate\\Container\\BoundMethod::callBoundMethod(Object(Illuminate\\Foundation\\Application), Array, Object(Closure))
#23 C:\\laragon\\www\\lprosarc2\\vendor\\laravel\\framework\\src\\Illuminate\\Container\\Container.php(653): Illuminate\\Container\\BoundMethod::call(Object(Illuminate\\Foundation\\Application), Array, Array, NULL)
#24 C:\\laragon\\www\\lprosarc2\\vendor\\laravel\\framework\\src\\Illuminate\\Console\\Command.php(136): Illuminate\\Container\\Container->call(Array)
#25 C:\\laragon\\www\\lprosarc2\\vendor\\symfony\\console\\Command\\Command.php(298): Illuminate\\Console\\Command->execute(Object(Symfony\\Component\\Console\\Input\\ArgvInput), Object(Illuminate\\Console\\OutputStyle))
#26 C:\\laragon\\www\\lprosarc2\\vendor\\laravel\\framework\\src\\Illuminate\\Console\\Command.php(121): Symfony\\Component\\Console\\Command\\Command->run(Object(Symfony\\Component\\Console\\Input\\ArgvInput), Object(Illuminate\\Console\\OutputStyle))
#27 C:\\laragon\\www\\lprosarc2\\vendor\\symfony\\console\\Application.php(1040): Illuminate\\Console\\Command->run(Object(Symfony\\Component\\Console\\Input\\ArgvInput), Object(Symfony\\Component\\Console\\Output\\ConsoleOutput))
#28 C:\\laragon\\www\\lprosarc2\\vendor\\symfony\\console\\Application.php(301): Symfony\\Component\\Console\\Application->doRunCommand(Object(Illuminate\\Database\\Console\\Migrations\\MigrateCommand), Object(Symfony\\Component\\Console\\Input\\ArgvInput), Object(Symfony\\Component\\Console\\Output\\ConsoleOutput))
#29 C:\\laragon\\www\\lprosarc2\\vendor\\symfony\\console\\Application.php(171): Symfony\\Component\\Console\\Application->doRun(Object(Symfony\\Component\\Console\\Input\\ArgvInput), Object(Symfony\\Component\\Console\\Output\\ConsoleOutput))
#30 C:\\laragon\\www\\lprosarc2\\vendor\\laravel\\framework\\src\\Illuminate\\Console\\Application.php(94): Symfony\\Component\\Console\\Application->run(Object(Symfony\\Component\\Console\\Input\\ArgvInput), Object(Symfony\\Component\\Console\\Output\\ConsoleOutput))
#31 C:\\laragon\\www\\lprosarc2\\vendor\\laravel\\framework\\src\\Illuminate\\Foundation\\Console\\Kernel.php(129): Illuminate\\Console\\Application->run(Object(Symfony\\Component\\Console\\Input\\ArgvInput), Object(Symfony\\Component\\Console\\Output\\ConsoleOutput))
#32 C:\\laragon\\www\\lprosarc2\\artisan(37): Illuminate\\Foundation\\Console\\Kernel->handle(Object(Symfony\\Component\\Console\\Input\\ArgvInput), Object(Symfony\\Component\\Console\\Output\\ConsoleOutput))
#33 {main}

[previous exception] [object] (PDOException(code: 42S01): SQLSTATE[42S01]: Base table or view already exists: 1050 Table 'failed_jobs' already exists at C:\\laragon\\www\\lprosarc2\\vendor\\doctrine\\dbal\\lib\\Doctrine\\DBAL\\Driver\\PDOStatement.php:117)
[stacktrace]
#0 C:\\laragon\\www\\lprosarc2\\vendor\\doctrine\\dbal\\lib\\Doctrine\\DBAL\\Driver\\PDOStatement.php(117): PDOStatement->execute(NULL)
#1 C:\\laragon\\www\\lprosarc2\\vendor\\laravel\\framework\\src\\Illuminate\\Database\\Connection.php(501): Doctrine\\DBAL\\Driver\\PDOStatement->execute()
#2 C:\\laragon\\www\\lprosarc2\\vendor\\laravel\\framework\\src\\Illuminate\\Database\\Connection.php(705): Illuminate\\Database\\Connection->Illuminate\\Database\\{closure}('create table `f...', Array)
#3 C:\\laragon\\www\\lprosarc2\\vendor\\laravel\\framework\\src\\Illuminate\\Database\\Connection.php(672): Illuminate\\Database\\Connection->runQueryCallback('create table `f...', Array, Object(Closure))
#4 C:\\laragon\\www\\lprosarc2\\vendor\\laravel\\framework\\src\\Illuminate\\Database\\Connection.php(502): Illuminate\\Database\\Connection->run('create table `f...', Array, Object(Closure))
#5 C:\\laragon\\www\\lprosarc2\\vendor\\laravel\\framework\\src\\Illuminate\\Database\\Schema\\Blueprint.php(109): Illuminate\\Database\\Connection->statement('create table `f...')
#6 C:\\laragon\\www\\lprosarc2\\vendor\\laravel\\framework\\src\\Illuminate\\Database\\Schema\\Builder.php(364): Illuminate\\Database\\Schema\\Blueprint->build(Object(Illuminate\\Database\\MySqlConnection), Object(Illuminate\\Database\\Schema\\Grammars\\MySqlGrammar))
#7 C:\\laragon\\www\\lprosarc2\\vendor\\laravel\\framework\\src\\Illuminate\\Database\\Schema\\Builder.php(227): Illuminate\\Database\\Schema\\Builder->build(Object(Illuminate\\Database\\Schema\\Blueprint))
#8 C:\\laragon\\www\\lprosarc2\\vendor\\laravel\\framework\\src\\Illuminate\\Support\\Facades\\Facade.php(261): Illuminate\\Database\\Schema\\Builder->create('failed_jobs', Object(Closure))
#9 C:\\laragon\\www\\lprosarc2\\database\\migrations\\2019_08_19_000000_create_failed_jobs_table.php(24): Illuminate\\Support\\Facades\\Facade::__callStatic('create', Array)
#10 C:\\laragon\\www\\lprosarc2\\vendor\\laravel\\framework\\src\\Illuminate\\Database\\Migrations\\Migrator.php(472): CreateFailedJobsTable->up()
#11 C:\\laragon\\www\\lprosarc2\\vendor\\laravel\\framework\\src\\Illuminate\\Database\\Migrations\\Migrator.php(394): Illuminate\\Database\\Migrations\\Migrator->runMethod(Object(Illuminate\\Database\\MySqlConnection), Object(CreateFailedJobsTable), 'up')
#12 C:\\laragon\\www\\lprosarc2\\vendor\\laravel\\framework\\src\\Illuminate\\Database\\Migrations\\Migrator.php(403): Illuminate\\Database\\Migrations\\Migrator->Illuminate\\Database\\Migrations\\{closure}()
#13 C:\\laragon\\www\\lprosarc2\\vendor\\laravel\\framework\\src\\Illuminate\\Database\\Migrations\\Migrator.php(202): Illuminate\\Database\\Migrations\\Migrator->runMigration(Object(CreateFailedJobsTable), 'up')
#14 C:\\laragon\\www\\lprosarc2\\vendor\\laravel\\framework\\src\\Illuminate\\Database\\Migrations\\Migrator.php(167): Illuminate\\Database\\Migrations\\Migrator->runUp('C:\\\\laragon\\\\www\\\\...', 20, false)
#15 C:\\laragon\\www\\lprosarc2\\vendor\\laravel\\framework\\src\\Illuminate\\Database\\Migrations\\Migrator.php(112): Illuminate\\Database\\Migrations\\Migrator->runPending(Array, Array)
#16 C:\\laragon\\www\\lprosarc2\\vendor\\laravel\\framework\\src\\Illuminate\\Database\\Console\\Migrations\\MigrateCommand.php(86): Illuminate\\Database\\Migrations\\Migrator->run(Array, Array)
#17 C:\\laragon\\www\\lprosarc2\\vendor\\laravel\\framework\\src\\Illuminate\\Database\\Migrations\\Migrator.php(606): Illuminate\\Database\\Console\\Migrations\\MigrateCommand->Illuminate\\Database\\Console\\Migrations\\{closure}()
#18 C:\\laragon\\www\\lprosarc2\\vendor\\laravel\\framework\\src\\Illuminate\\Database\\Console\\Migrations\\MigrateCommand.php(98): Illuminate\\Database\\Migrations\\Migrator->usingConnection(NULL, Object(Closure))
#19 C:\\laragon\\www\\lprosarc2\\vendor\\laravel\\framework\\src\\Illuminate\\Container\\BoundMethod.php(36): Illuminate\\Database\\Console\\Migrations\\MigrateCommand->handle()
#20 C:\\laragon\\www\\lprosarc2\\vendor\\laravel\\framework\\src\\Illuminate\\Container\\Util.php(40): Illuminate\\Container\\BoundMethod::Illuminate\\Container\\{closure}()
#21 C:\\laragon\\www\\lprosarc2\\vendor\\laravel\\framework\\src\\Illuminate\\Container\\BoundMethod.php(93): Illuminate\\Container\\Util::unwrapIfClosure(Object(Closure))
#22 C:\\laragon\\www\\lprosarc2\\vendor\\laravel\\framework\\src\\Illuminate\\Container\\BoundMethod.php(37): Illuminate\\Container\\BoundMethod::callBoundMethod(Object(Illuminate\\Foundation\\Application), Array, Object(Closure))
#23 C:\\laragon\\www\\lprosarc2\\vendor\\laravel\\framework\\src\\Illuminate\\Container\\Container.php(653): Illuminate\\Container\\BoundMethod::call(Object(Illuminate\\Foundation\\Application), Array, Array, NULL)
#24 C:\\laragon\\www\\lprosarc2\\vendor\\laravel\\framework\\src\\Illuminate\\Console\\Command.php(136): Illuminate\\Container\\Container->call(Array)
#25 C:\\laragon\\www\\lprosarc2\\vendor\\symfony\\console\\Command\\Command.php(298): Illuminate\\Console\\Command->execute(Object(Symfony\\Component\\Console\\Input\\ArgvInput), Object(Illuminate\\Console\\OutputStyle))
#26 C:\\laragon\\www\\lprosarc2\\vendor\\laravel\\framework\\src\\Illuminate\\Console\\Command.php(121): Symfony\\Component\\Console\\Command\\Command->run(Object(Symfony\\Component\\Console\\Input\\ArgvInput), Object(Illuminate\\Console\\OutputStyle))
#27 C:\\laragon\\www\\lprosarc2\\vendor\\symfony\\console\\Application.php(1040): Illuminate\\Console\\Command->run(Object(Symfony\\Component\\Console\\Input\\ArgvInput), Object(Symfony\\Component\\Console\\Output\\ConsoleOutput))
#28 C:\\laragon\\www\\lprosarc2\\vendor\\symfony\\console\\Application.php(301): Symfony\\Component\\Console\\Application->doRunCommand(Object(Illuminate\\Database\\Console\\Migrations\\MigrateCommand), Object(Symfony\\Component\\Console\\Input\\ArgvInput), Object(Symfony\\Component\\Console\\Output\\ConsoleOutput))
#29 C:\\laragon\\www\\lprosarc2\\vendor\\symfony\\console\\Application.php(171): Symfony\\Component\\Console\\Application->doRun(Object(Symfony\\Component\\Console\\Input\\ArgvInput), Object(Symfony\\Component\\Console\\Output\\ConsoleOutput))
#30 C:\\laragon\\www\\lprosarc2\\vendor\\laravel\\framework\\src\\Illuminate\\Console\\Application.php(94): Symfony\\Component\\Console\\Application->run(Object(Symfony\\Component\\Console\\Input\\ArgvInput), Object(Symfony\\Component\\Console\\Output\\ConsoleOutput))
#31 C:\\laragon\\www\\lprosarc2\\vendor\\laravel\\framework\\src\\Illuminate\\Foundation\\Console\\Kernel.php(129): Illuminate\\Console\\Application->run(Object(Symfony\\Component\\Console\\Input\\ArgvInput), Object(Symfony\\Component\\Console\\Output\\ConsoleOutput))
#32 C:\\laragon\\www\\lprosarc2\\artisan(37): Illuminate\\Foundation\\Console\\Kernel->handle(Object(Symfony\\Component\\Console\\Input\\ArgvInput), Object(Symfony\\Component\\Console\\Output\\ConsoleOutput))
#33 {main}
"} 
[2024-07-30 09:51:03] local.ERROR: SQLSTATE[42S01]: Base table or view already exists: 1050 Table 'failed_jobs' already exists (SQL: create table `failed_jobs` (`id` bigint unsigned not null auto_increment primary key, `uuid` varchar(255) not null, `connection` text not null, `queue` text not null, `payload` longtext not null, `exception` longtext not null, `failed_at` timestamp default CURRENT_TIMESTAMP not null) default character set utf8mb4 collate 'utf8mb4_unicode_ci') {"exception":"[object] (Illuminate\\Database\\QueryException(code: 42S01): SQLSTATE[42S01]: Base table or view already exists: 1050 Table 'failed_jobs' already exists (SQL: create table `failed_jobs` (`id` bigint unsigned not null auto_increment primary key, `uuid` varchar(255) not null, `connection` text not null, `queue` text not null, `payload` longtext not null, `exception` longtext not null, `failed_at` timestamp default CURRENT_TIMESTAMP not null) default character set utf8mb4 collate 'utf8mb4_unicode_ci') at C:\\laragon\\www\\lprosarc2\\vendor\\laravel\\framework\\src\\Illuminate\\Database\\Connection.php:712)
[stacktrace]
#0 C:\\laragon\\www\\lprosarc2\\vendor\\laravel\\framework\\src\\Illuminate\\Database\\Connection.php(672): Illuminate\\Database\\Connection->runQueryCallback('create table `f...', Array, Object(Closure))
#1 C:\\laragon\\www\\lprosarc2\\vendor\\laravel\\framework\\src\\Illuminate\\Database\\Connection.php(502): Illuminate\\Database\\Connection->run('create table `f...', Array, Object(Closure))
#2 C:\\laragon\\www\\lprosarc2\\vendor\\laravel\\framework\\src\\Illuminate\\Database\\Schema\\Blueprint.php(109): Illuminate\\Database\\Connection->statement('create table `f...')
#3 C:\\laragon\\www\\lprosarc2\\vendor\\laravel\\framework\\src\\Illuminate\\Database\\Schema\\Builder.php(364): Illuminate\\Database\\Schema\\Blueprint->build(Object(Illuminate\\Database\\MySqlConnection), Object(Illuminate\\Database\\Schema\\Grammars\\MySqlGrammar))
#4 C:\\laragon\\www\\lprosarc2\\vendor\\laravel\\framework\\src\\Illuminate\\Database\\Schema\\Builder.php(227): Illuminate\\Database\\Schema\\Builder->build(Object(Illuminate\\Database\\Schema\\Blueprint))
#5 C:\\laragon\\www\\lprosarc2\\vendor\\laravel\\framework\\src\\Illuminate\\Support\\Facades\\Facade.php(261): Illuminate\\Database\\Schema\\Builder->create('failed_jobs', Object(Closure))
#6 C:\\laragon\\www\\lprosarc2\\database\\migrations\\2019_08_19_000000_create_failed_jobs_table.php(24): Illuminate\\Support\\Facades\\Facade::__callStatic('create', Array)
#7 C:\\laragon\\www\\lprosarc2\\vendor\\laravel\\framework\\src\\Illuminate\\Database\\Migrations\\Migrator.php(472): CreateFailedJobsTable->up()
#8 C:\\laragon\\www\\lprosarc2\\vendor\\laravel\\framework\\src\\Illuminate\\Database\\Migrations\\Migrator.php(394): Illuminate\\Database\\Migrations\\Migrator->runMethod(Object(Illuminate\\Database\\MySqlConnection), Object(CreateFailedJobsTable), 'up')
#9 C:\\laragon\\www\\lprosarc2\\vendor\\laravel\\framework\\src\\Illuminate\\Database\\Migrations\\Migrator.php(403): Illuminate\\Database\\Migrations\\Migrator->Illuminate\\Database\\Migrations\\{closure}()
#10 C:\\laragon\\www\\lprosarc2\\vendor\\laravel\\framework\\src\\Illuminate\\Database\\Migrations\\Migrator.php(202): Illuminate\\Database\\Migrations\\Migrator->runMigration(Object(CreateFailedJobsTable), 'up')
#11 C:\\laragon\\www\\lprosarc2\\vendor\\laravel\\framework\\src\\Illuminate\\Database\\Migrations\\Migrator.php(167): Illuminate\\Database\\Migrations\\Migrator->runUp('C:\\\\laragon\\\\www\\\\...', 20, false)
#12 C:\\laragon\\www\\lprosarc2\\vendor\\laravel\\framework\\src\\Illuminate\\Database\\Migrations\\Migrator.php(112): Illuminate\\Database\\Migrations\\Migrator->runPending(Array, Array)
#13 C:\\laragon\\www\\lprosarc2\\vendor\\laravel\\framework\\src\\Illuminate\\Database\\Console\\Migrations\\MigrateCommand.php(86): Illuminate\\Database\\Migrations\\Migrator->run(Array, Array)
#14 C:\\laragon\\www\\lprosarc2\\vendor\\laravel\\framework\\src\\Illuminate\\Database\\Migrations\\Migrator.php(606): Illuminate\\Database\\Console\\Migrations\\MigrateCommand->Illuminate\\Database\\Console\\Migrations\\{closure}()
#15 C:\\laragon\\www\\lprosarc2\\vendor\\laravel\\framework\\src\\Illuminate\\Database\\Console\\Migrations\\MigrateCommand.php(98): Illuminate\\Database\\Migrations\\Migrator->usingConnection(NULL, Object(Closure))
#16 C:\\laragon\\www\\lprosarc2\\vendor\\laravel\\framework\\src\\Illuminate\\Container\\BoundMethod.php(36): Illuminate\\Database\\Console\\Migrations\\MigrateCommand->handle()
#17 C:\\laragon\\www\\lprosarc2\\vendor\\laravel\\framework\\src\\Illuminate\\Container\\Util.php(40): Illuminate\\Container\\BoundMethod::Illuminate\\Container\\{closure}()
#18 C:\\laragon\\www\\lprosarc2\\vendor\\laravel\\framework\\src\\Illuminate\\Container\\BoundMethod.php(93): Illuminate\\Container\\Util::unwrapIfClosure(Object(Closure))
#19 C:\\laragon\\www\\lprosarc2\\vendor\\laravel\\framework\\src\\Illuminate\\Container\\BoundMethod.php(37): Illuminate\\Container\\BoundMethod::callBoundMethod(Object(Illuminate\\Foundation\\Application), Array, Object(Closure))
#20 C:\\laragon\\www\\lprosarc2\\vendor\\laravel\\framework\\src\\Illuminate\\Container\\Container.php(653): Illuminate\\Container\\BoundMethod::call(Object(Illuminate\\Foundation\\Application), Array, Array, NULL)
#21 C:\\laragon\\www\\lprosarc2\\vendor\\laravel\\framework\\src\\Illuminate\\Console\\Command.php(136): Illuminate\\Container\\Container->call(Array)
#22 C:\\laragon\\www\\lprosarc2\\vendor\\symfony\\console\\Command\\Command.php(298): Illuminate\\Console\\Command->execute(Object(Symfony\\Component\\Console\\Input\\ArgvInput), Object(Illuminate\\Console\\OutputStyle))
#23 C:\\laragon\\www\\lprosarc2\\vendor\\laravel\\framework\\src\\Illuminate\\Console\\Command.php(121): Symfony\\Component\\Console\\Command\\Command->run(Object(Symfony\\Component\\Console\\Input\\ArgvInput), Object(Illuminate\\Console\\OutputStyle))
#24 C:\\laragon\\www\\lprosarc2\\vendor\\symfony\\console\\Application.php(1040): Illuminate\\Console\\Command->run(Object(Symfony\\Component\\Console\\Input\\ArgvInput), Object(Symfony\\Component\\Console\\Output\\ConsoleOutput))
#25 C:\\laragon\\www\\lprosarc2\\vendor\\symfony\\console\\Application.php(301): Symfony\\Component\\Console\\Application->doRunCommand(Object(Illuminate\\Database\\Console\\Migrations\\MigrateCommand), Object(Symfony\\Component\\Console\\Input\\ArgvInput), Object(Symfony\\Component\\Console\\Output\\ConsoleOutput))
#26 C:\\laragon\\www\\lprosarc2\\vendor\\symfony\\console\\Application.php(171): Symfony\\Component\\Console\\Application->doRun(Object(Symfony\\Component\\Console\\Input\\ArgvInput), Object(Symfony\\Component\\Console\\Output\\ConsoleOutput))
#27 C:\\laragon\\www\\lprosarc2\\vendor\\laravel\\framework\\src\\Illuminate\\Console\\Application.php(94): Symfony\\Component\\Console\\Application->run(Object(Symfony\\Component\\Console\\Input\\ArgvInput), Object(Symfony\\Component\\Console\\Output\\ConsoleOutput))
#28 C:\\laragon\\www\\lprosarc2\\vendor\\laravel\\framework\\src\\Illuminate\\Foundation\\Console\\Kernel.php(129): Illuminate\\Console\\Application->run(Object(Symfony\\Component\\Console\\Input\\ArgvInput), Object(Symfony\\Component\\Console\\Output\\ConsoleOutput))
#29 C:\\laragon\\www\\lprosarc2\\artisan(37): Illuminate\\Foundation\\Console\\Kernel->handle(Object(Symfony\\Component\\Console\\Input\\ArgvInput), Object(Symfony\\Component\\Console\\Output\\ConsoleOutput))
#30 {main}

[previous exception] [object] (Doctrine\\DBAL\\Driver\\PDO\\Exception(code: 42S01): SQLSTATE[42S01]: Base table or view already exists: 1050 Table 'failed_jobs' already exists at C:\\laragon\\www\\lprosarc2\\vendor\\doctrine\\dbal\\lib\\Doctrine\\DBAL\\Driver\\PDO\\Exception.php:18)
[stacktrace]
#0 C:\\laragon\\www\\lprosarc2\\vendor\\doctrine\\dbal\\lib\\Doctrine\\DBAL\\Driver\\PDOStatement.php(119): Doctrine\\DBAL\\Driver\\PDO\\Exception::new(Object(PDOException))
#1 C:\\laragon\\www\\lprosarc2\\vendor\\laravel\\framework\\src\\Illuminate\\Database\\Connection.php(501): Doctrine\\DBAL\\Driver\\PDOStatement->execute()
#2 C:\\laragon\\www\\lprosarc2\\vendor\\laravel\\framework\\src\\Illuminate\\Database\\Connection.php(705): Illuminate\\Database\\Connection->Illuminate\\Database\\{closure}('create table `f...', Array)
#3 C:\\laragon\\www\\lprosarc2\\vendor\\laravel\\framework\\src\\Illuminate\\Database\\Connection.php(672): Illuminate\\Database\\Connection->runQueryCallback('create table `f...', Array, Object(Closure))
#4 C:\\laragon\\www\\lprosarc2\\vendor\\laravel\\framework\\src\\Illuminate\\Database\\Connection.php(502): Illuminate\\Database\\Connection->run('create table `f...', Array, Object(Closure))
#5 C:\\laragon\\www\\lprosarc2\\vendor\\laravel\\framework\\src\\Illuminate\\Database\\Schema\\Blueprint.php(109): Illuminate\\Database\\Connection->statement('create table `f...')
#6 C:\\laragon\\www\\lprosarc2\\vendor\\laravel\\framework\\src\\Illuminate\\Database\\Schema\\Builder.php(364): Illuminate\\Database\\Schema\\Blueprint->build(Object(Illuminate\\Database\\MySqlConnection), Object(Illuminate\\Database\\Schema\\Grammars\\MySqlGrammar))
#7 C:\\laragon\\www\\lprosarc2\\vendor\\laravel\\framework\\src\\Illuminate\\Database\\Schema\\Builder.php(227): Illuminate\\Database\\Schema\\Builder->build(Object(Illuminate\\Database\\Schema\\Blueprint))
#8 C:\\laragon\\www\\lprosarc2\\vendor\\laravel\\framework\\src\\Illuminate\\Support\\Facades\\Facade.php(261): Illuminate\\Database\\Schema\\Builder->create('failed_jobs', Object(Closure))
#9 C:\\laragon\\www\\lprosarc2\\database\\migrations\\2019_08_19_000000_create_failed_jobs_table.php(24): Illuminate\\Support\\Facades\\Facade::__callStatic('create', Array)
#10 C:\\laragon\\www\\lprosarc2\\vendor\\laravel\\framework\\src\\Illuminate\\Database\\Migrations\\Migrator.php(472): CreateFailedJobsTable->up()
#11 C:\\laragon\\www\\lprosarc2\\vendor\\laravel\\framework\\src\\Illuminate\\Database\\Migrations\\Migrator.php(394): Illuminate\\Database\\Migrations\\Migrator->runMethod(Object(Illuminate\\Database\\MySqlConnection), Object(CreateFailedJobsTable), 'up')
#12 C:\\laragon\\www\\lprosarc2\\vendor\\laravel\\framework\\src\\Illuminate\\Database\\Migrations\\Migrator.php(403): Illuminate\\Database\\Migrations\\Migrator->Illuminate\\Database\\Migrations\\{closure}()
#13 C:\\laragon\\www\\lprosarc2\\vendor\\laravel\\framework\\src\\Illuminate\\Database\\Migrations\\Migrator.php(202): Illuminate\\Database\\Migrations\\Migrator->runMigration(Object(CreateFailedJobsTable), 'up')
#14 C:\\laragon\\www\\lprosarc2\\vendor\\laravel\\framework\\src\\Illuminate\\Database\\Migrations\\Migrator.php(167): Illuminate\\Database\\Migrations\\Migrator->runUp('C:\\\\laragon\\\\www\\\\...', 20, false)
#15 C:\\laragon\\www\\lprosarc2\\vendor\\laravel\\framework\\src\\Illuminate\\Database\\Migrations\\Migrator.php(112): Illuminate\\Database\\Migrations\\Migrator->runPending(Array, Array)
#16 C:\\laragon\\www\\lprosarc2\\vendor\\laravel\\framework\\src\\Illuminate\\Database\\Console\\Migrations\\MigrateCommand.php(86): Illuminate\\Database\\Migrations\\Migrator->run(Array, Array)
#17 C:\\laragon\\www\\lprosarc2\\vendor\\laravel\\framework\\src\\Illuminate\\Database\\Migrations\\Migrator.php(606): Illuminate\\Database\\Console\\Migrations\\MigrateCommand->Illuminate\\Database\\Console\\Migrations\\{closure}()
#18 C:\\laragon\\www\\lprosarc2\\vendor\\laravel\\framework\\src\\Illuminate\\Database\\Console\\Migrations\\MigrateCommand.php(98): Illuminate\\Database\\Migrations\\Migrator->usingConnection(NULL, Object(Closure))
#19 C:\\laragon\\www\\lprosarc2\\vendor\\laravel\\framework\\src\\Illuminate\\Container\\BoundMethod.php(36): Illuminate\\Database\\Console\\Migrations\\MigrateCommand->handle()
#20 C:\\laragon\\www\\lprosarc2\\vendor\\laravel\\framework\\src\\Illuminate\\Container\\Util.php(40): Illuminate\\Container\\BoundMethod::Illuminate\\Container\\{closure}()
#21 C:\\laragon\\www\\lprosarc2\\vendor\\laravel\\framework\\src\\Illuminate\\Container\\BoundMethod.php(93): Illuminate\\Container\\Util::unwrapIfClosure(Object(Closure))
#22 C:\\laragon\\www\\lprosarc2\\vendor\\laravel\\framework\\src\\Illuminate\\Container\\BoundMethod.php(37): Illuminate\\Container\\BoundMethod::callBoundMethod(Object(Illuminate\\Foundation\\Application), Array, Object(Closure))
#23 C:\\laragon\\www\\lprosarc2\\vendor\\laravel\\framework\\src\\Illuminate\\Container\\Container.php(653): Illuminate\\Container\\BoundMethod::call(Object(Illuminate\\Foundation\\Application), Array, Array, NULL)
#24 C:\\laragon\\www\\lprosarc2\\vendor\\laravel\\framework\\src\\Illuminate\\Console\\Command.php(136): Illuminate\\Container\\Container->call(Array)
#25 C:\\laragon\\www\\lprosarc2\\vendor\\symfony\\console\\Command\\Command.php(298): Illuminate\\Console\\Command->execute(Object(Symfony\\Component\\Console\\Input\\ArgvInput), Object(Illuminate\\Console\\OutputStyle))
#26 C:\\laragon\\www\\lprosarc2\\vendor\\laravel\\framework\\src\\Illuminate\\Console\\Command.php(121): Symfony\\Component\\Console\\Command\\Command->run(Object(Symfony\\Component\\Console\\Input\\ArgvInput), Object(Illuminate\\Console\\OutputStyle))
#27 C:\\laragon\\www\\lprosarc2\\vendor\\symfony\\console\\Application.php(1040): Illuminate\\Console\\Command->run(Object(Symfony\\Component\\Console\\Input\\ArgvInput), Object(Symfony\\Component\\Console\\Output\\ConsoleOutput))
#28 C:\\laragon\\www\\lprosarc2\\vendor\\symfony\\console\\Application.php(301): Symfony\\Component\\Console\\Application->doRunCommand(Object(Illuminate\\Database\\Console\\Migrations\\MigrateCommand), Object(Symfony\\Component\\Console\\Input\\ArgvInput), Object(Symfony\\Component\\Console\\Output\\ConsoleOutput))
#29 C:\\laragon\\www\\lprosarc2\\vendor\\symfony\\console\\Application.php(171): Symfony\\Component\\Console\\Application->doRun(Object(Symfony\\Component\\Console\\Input\\ArgvInput), Object(Symfony\\Component\\Console\\Output\\ConsoleOutput))
#30 C:\\laragon\\www\\lprosarc2\\vendor\\laravel\\framework\\src\\Illuminate\\Console\\Application.php(94): Symfony\\Component\\Console\\Application->run(Object(Symfony\\Component\\Console\\Input\\ArgvInput), Object(Symfony\\Component\\Console\\Output\\ConsoleOutput))
#31 C:\\laragon\\www\\lprosarc2\\vendor\\laravel\\framework\\src\\Illuminate\\Foundation\\Console\\Kernel.php(129): Illuminate\\Console\\Application->run(Object(Symfony\\Component\\Console\\Input\\ArgvInput), Object(Symfony\\Component\\Console\\Output\\ConsoleOutput))
#32 C:\\laragon\\www\\lprosarc2\\artisan(37): Illuminate\\Foundation\\Console\\Kernel->handle(Object(Symfony\\Component\\Console\\Input\\ArgvInput), Object(Symfony\\Component\\Console\\Output\\ConsoleOutput))
#33 {main}

[previous exception] [object] (PDOException(code: 42S01): SQLSTATE[42S01]: Base table or view already exists: 1050 Table 'failed_jobs' already exists at C:\\laragon\\www\\lprosarc2\\vendor\\doctrine\\dbal\\lib\\Doctrine\\DBAL\\Driver\\PDOStatement.php:117)
[stacktrace]
#0 C:\\laragon\\www\\lprosarc2\\vendor\\doctrine\\dbal\\lib\\Doctrine\\DBAL\\Driver\\PDOStatement.php(117): PDOStatement->execute(NULL)
#1 C:\\laragon\\www\\lprosarc2\\vendor\\laravel\\framework\\src\\Illuminate\\Database\\Connection.php(501): Doctrine\\DBAL\\Driver\\PDOStatement->execute()
#2 C:\\laragon\\www\\lprosarc2\\vendor\\laravel\\framework\\src\\Illuminate\\Database\\Connection.php(705): Illuminate\\Database\\Connection->Illuminate\\Database\\{closure}('create table `f...', Array)
#3 C:\\laragon\\www\\lprosarc2\\vendor\\laravel\\framework\\src\\Illuminate\\Database\\Connection.php(672): Illuminate\\Database\\Connection->runQueryCallback('create table `f...', Array, Object(Closure))
#4 C:\\laragon\\www\\lprosarc2\\vendor\\laravel\\framework\\src\\Illuminate\\Database\\Connection.php(502): Illuminate\\Database\\Connection->run('create table `f...', Array, Object(Closure))
#5 C:\\laragon\\www\\lprosarc2\\vendor\\laravel\\framework\\src\\Illuminate\\Database\\Schema\\Blueprint.php(109): Illuminate\\Database\\Connection->statement('create table `f...')
#6 C:\\laragon\\www\\lprosarc2\\vendor\\laravel\\framework\\src\\Illuminate\\Database\\Schema\\Builder.php(364): Illuminate\\Database\\Schema\\Blueprint->build(Object(Illuminate\\Database\\MySqlConnection), Object(Illuminate\\Database\\Schema\\Grammars\\MySqlGrammar))
#7 C:\\laragon\\www\\lprosarc2\\vendor\\laravel\\framework\\src\\Illuminate\\Database\\Schema\\Builder.php(227): Illuminate\\Database\\Schema\\Builder->build(Object(Illuminate\\Database\\Schema\\Blueprint))
#8 C:\\laragon\\www\\lprosarc2\\vendor\\laravel\\framework\\src\\Illuminate\\Support\\Facades\\Facade.php(261): Illuminate\\Database\\Schema\\Builder->create('failed_jobs', Object(Closure))
#9 C:\\laragon\\www\\lprosarc2\\database\\migrations\\2019_08_19_000000_create_failed_jobs_table.php(24): Illuminate\\Support\\Facades\\Facade::__callStatic('create', Array)
#10 C:\\laragon\\www\\lprosarc2\\vendor\\laravel\\framework\\src\\Illuminate\\Database\\Migrations\\Migrator.php(472): CreateFailedJobsTable->up()
#11 C:\\laragon\\www\\lprosarc2\\vendor\\laravel\\framework\\src\\Illuminate\\Database\\Migrations\\Migrator.php(394): Illuminate\\Database\\Migrations\\Migrator->runMethod(Object(Illuminate\\Database\\MySqlConnection), Object(CreateFailedJobsTable), 'up')
#12 C:\\laragon\\www\\lprosarc2\\vendor\\laravel\\framework\\src\\Illuminate\\Database\\Migrations\\Migrator.php(403): Illuminate\\Database\\Migrations\\Migrator->Illuminate\\Database\\Migrations\\{closure}()
#13 C:\\laragon\\www\\lprosarc2\\vendor\\laravel\\framework\\src\\Illuminate\\Database\\Migrations\\Migrator.php(202): Illuminate\\Database\\Migrations\\Migrator->runMigration(Object(CreateFailedJobsTable), 'up')
#14 C:\\laragon\\www\\lprosarc2\\vendor\\laravel\\framework\\src\\Illuminate\\Database\\Migrations\\Migrator.php(167): Illuminate\\Database\\Migrations\\Migrator->runUp('C:\\\\laragon\\\\www\\\\...', 20, false)
#15 C:\\laragon\\www\\lprosarc2\\vendor\\laravel\\framework\\src\\Illuminate\\Database\\Migrations\\Migrator.php(112): Illuminate\\Database\\Migrations\\Migrator->runPending(Array, Array)
#16 C:\\laragon\\www\\lprosarc2\\vendor\\laravel\\framework\\src\\Illuminate\\Database\\Console\\Migrations\\MigrateCommand.php(86): Illuminate\\Database\\Migrations\\Migrator->run(Array, Array)
#17 C:\\laragon\\www\\lprosarc2\\vendor\\laravel\\framework\\src\\Illuminate\\Database\\Migrations\\Migrator.php(606): Illuminate\\Database\\Console\\Migrations\\MigrateCommand->Illuminate\\Database\\Console\\Migrations\\{closure}()
#18 C:\\laragon\\www\\lprosarc2\\vendor\\laravel\\framework\\src\\Illuminate\\Database\\Console\\Migrations\\MigrateCommand.php(98): Illuminate\\Database\\Migrations\\Migrator->usingConnection(NULL, Object(Closure))
#19 C:\\laragon\\www\\lprosarc2\\vendor\\laravel\\framework\\src\\Illuminate\\Container\\BoundMethod.php(36): Illuminate\\Database\\Console\\Migrations\\MigrateCommand->handle()
#20 C:\\laragon\\www\\lprosarc2\\vendor\\laravel\\framework\\src\\Illuminate\\Container\\Util.php(40): Illuminate\\Container\\BoundMethod::Illuminate\\Container\\{closure}()
#21 C:\\laragon\\www\\lprosarc2\\vendor\\laravel\\framework\\src\\Illuminate\\Container\\BoundMethod.php(93): Illuminate\\Container\\Util::unwrapIfClosure(Object(Closure))
#22 C:\\laragon\\www\\lprosarc2\\vendor\\laravel\\framework\\src\\Illuminate\\Container\\BoundMethod.php(37): Illuminate\\Container\\BoundMethod::callBoundMethod(Object(Illuminate\\Foundation\\Application), Array, Object(Closure))
#23 C:\\laragon\\www\\lprosarc2\\vendor\\laravel\\framework\\src\\Illuminate\\Container\\Container.php(653): Illuminate\\Container\\BoundMethod::call(Object(Illuminate\\Foundation\\Application), Array, Array, NULL)
#24 C:\\laragon\\www\\lprosarc2\\vendor\\laravel\\framework\\src\\Illuminate\\Console\\Command.php(136): Illuminate\\Container\\Container->call(Array)
#25 C:\\laragon\\www\\lprosarc2\\vendor\\symfony\\console\\Command\\Command.php(298): Illuminate\\Console\\Command->execute(Object(Symfony\\Component\\Console\\Input\\ArgvInput), Object(Illuminate\\Console\\OutputStyle))
#26 C:\\laragon\\www\\lprosarc2\\vendor\\laravel\\framework\\src\\Illuminate\\Console\\Command.php(121): Symfony\\Component\\Console\\Command\\Command->run(Object(Symfony\\Component\\Console\\Input\\ArgvInput), Object(Illuminate\\Console\\OutputStyle))
#27 C:\\laragon\\www\\lprosarc2\\vendor\\symfony\\console\\Application.php(1040): Illuminate\\Console\\Command->run(Object(Symfony\\Component\\Console\\Input\\ArgvInput), Object(Symfony\\Component\\Console\\Output\\ConsoleOutput))
#28 C:\\laragon\\www\\lprosarc2\\vendor\\symfony\\console\\Application.php(301): Symfony\\Component\\Console\\Application->doRunCommand(Object(Illuminate\\Database\\Console\\Migrations\\MigrateCommand), Object(Symfony\\Component\\Console\\Input\\ArgvInput), Object(Symfony\\Component\\Console\\Output\\ConsoleOutput))
#29 C:\\laragon\\www\\lprosarc2\\vendor\\symfony\\console\\Application.php(171): Symfony\\Component\\Console\\Application->doRun(Object(Symfony\\Component\\Console\\Input\\ArgvInput), Object(Symfony\\Component\\Console\\Output\\ConsoleOutput))
#30 C:\\laragon\\www\\lprosarc2\\vendor\\laravel\\framework\\src\\Illuminate\\Console\\Application.php(94): Symfony\\Component\\Console\\Application->run(Object(Symfony\\Component\\Console\\Input\\ArgvInput), Object(Symfony\\Component\\Console\\Output\\ConsoleOutput))
#31 C:\\laragon\\www\\lprosarc2\\vendor\\laravel\\framework\\src\\Illuminate\\Foundation\\Console\\Kernel.php(129): Illuminate\\Console\\Application->run(Object(Symfony\\Component\\Console\\Input\\ArgvInput), Object(Symfony\\Component\\Console\\Output\\ConsoleOutput))
#32 C:\\laragon\\www\\lprosarc2\\artisan(37): Illuminate\\Foundation\\Console\\Kernel->handle(Object(Symfony\\Component\\Console\\Input\\ArgvInput), Object(Symfony\\Component\\Console\\Output\\ConsoleOutput))
#33 {main}
"} 
[2024-07-30 10:12:28] local.ERROR: There are no commands defined in the "jobs" namespace. {"exception":"[object] (Symfony\\Component\\Console\\Exception\\NamespaceNotFoundException(code: 0): There are no commands defined in the \"jobs\" namespace. at C:\\laragon\\www\\lprosarc2\\vendor\\symfony\\console\\Application.php:650)
[stacktrace]
#0 C:\\laragon\\www\\lprosarc2\\vendor\\symfony\\console\\Application.php(701): Symfony\\Component\\Console\\Application->findNamespace('jobs')
#1 C:\\laragon\\www\\lprosarc2\\vendor\\symfony\\console\\Application.php(259): Symfony\\Component\\Console\\Application->find('jobs:update-uui...')
#2 C:\\laragon\\www\\lprosarc2\\vendor\\symfony\\console\\Application.php(171): Symfony\\Component\\Console\\Application->doRun(Object(Symfony\\Component\\Console\\Input\\ArgvInput), Object(Symfony\\Component\\Console\\Output\\ConsoleOutput))
#3 C:\\laragon\\www\\lprosarc2\\vendor\\laravel\\framework\\src\\Illuminate\\Console\\Application.php(94): Symfony\\Component\\Console\\Application->run(Object(Symfony\\Component\\Console\\Input\\ArgvInput), Object(Symfony\\Component\\Console\\Output\\ConsoleOutput))
#4 C:\\laragon\\www\\lprosarc2\\vendor\\laravel\\framework\\src\\Illuminate\\Foundation\\Console\\Kernel.php(129): Illuminate\\Console\\Application->run(Object(Symfony\\Component\\Console\\Input\\ArgvInput), Object(Symfony\\Component\\Console\\Output\\ConsoleOutput))
#5 C:\\laragon\\www\\lprosarc2\\artisan(37): Illuminate\\Foundation\\Console\\Kernel->handle(Object(Symfony\\Component\\Console\\Input\\ArgvInput), Object(Symfony\\Component\\Console\\Output\\ConsoleOutput))
#6 {main}
"} 
