[2025-08-06 14:03:39] local.ERROR: SQLSTATE[42S21]: Column already exists: 1060 Duplicate column name 'CliCategoria' (Connection: mysql, SQL: create table `clientes` (`ID_Cli` int unsigned not null auto_increment primary key, `CliNit` varchar(20) not null, `CliName` varchar(255) not null, `CliShortname` varchar(255) not null, `CliCategoria` varchar(255) not null, `CliDelete` varchar(255) not null, `CliComercial` varchar(255) not null, `CliRut` varchar(255) not null, `CliCamaraComercio` varchar(255) not null, `CliRepresentanteLegal` varchar(255) not null, `CliCertificaionBancaria` varchar(255) not null, `CliCertificaionComercial` varchar(255) not null, `CliCertificaionComercial2` varchar(255) not null, `CliType` varchar(32) null, `CliCategoria` varchar(32) not null, `CliAuditable` tinyint(1) not null, `created_at` timestamp null, `updated_at` timestamp null, `CliSlug` varchar(255) not null, `CliStatus` varchar(255) not null, `TipoFacturacion` varchar(255) not null default 'Contado') default character set utf8 collate 'utf8_unicode_ci' engine = InnoDB) {"exception":"[object] (Illuminate\\Database\\QueryException(code: 42S21): SQLSTATE[42S21]: Column already exists: 1060 Duplicate column name 'CliCategoria' (Connection: mysql, SQL: create table `clientes` (`ID_Cli` int unsigned not null auto_increment primary key, `CliNit` varchar(20) not null, `CliName` varchar(255) not null, `CliShortname` varchar(255) not null, `CliCategoria` varchar(255) not null, `CliDelete` varchar(255) not null, `CliComercial` varchar(255) not null, `CliRut` varchar(255) not null, `CliCamaraComercio` varchar(255) not null, `CliRepresentanteLegal` varchar(255) not null, `CliCertificaionBancaria` varchar(255) not null, `CliCertificaionComercial` varchar(255) not null, `CliCertificaionComercial2` varchar(255) not null, `CliType` varchar(32) null, `CliCategoria` varchar(32) not null, `CliAuditable` tinyint(1) not null, `created_at` timestamp null, `updated_at` timestamp null, `CliSlug` varchar(255) not null, `CliStatus` varchar(255) not null, `TipoFacturacion` varchar(255) not null default 'Contado') default character set utf8 collate 'utf8_unicode_ci' engine = InnoDB) at C:\\laragon\\www\\lprosarc2\\vendor\\laravel\\framework\\src\\Illuminate\\Database\\Connection.php:825)
[stacktrace]
#0 C:\\laragon\\www\\lprosarc2\\vendor\\laravel\\framework\\src\\Illuminate\\Database\\Connection.php(779): Illuminate\\Database\\Connection->runQueryCallback('create table `c...', Array, Object(Closure))
#1 C:\\laragon\\www\\lprosarc2\\vendor\\laravel\\framework\\src\\Illuminate\\Database\\Connection.php(560): Illuminate\\Database\\Connection->run('create table `c...', Array, Object(Closure))
#2 C:\\laragon\\www\\lprosarc2\\vendor\\laravel\\framework\\src\\Illuminate\\Database\\Schema\\Blueprint.php(117): Illuminate\\Database\\Connection->statement('create table `c...')
#3 C:\\laragon\\www\\lprosarc2\\vendor\\laravel\\framework\\src\\Illuminate\\Database\\Schema\\Builder.php(565): Illuminate\\Database\\Schema\\Blueprint->build(Object(Illuminate\\Database\\MySqlConnection), Object(Illuminate\\Database\\Schema\\Grammars\\MySqlGrammar))
#4 C:\\laragon\\www\\lprosarc2\\vendor\\laravel\\framework\\src\\Illuminate\\Database\\Schema\\Builder.php(419): Illuminate\\Database\\Schema\\Builder->build(Object(Illuminate\\Database\\Schema\\Blueprint))
#5 C:\\laragon\\www\\lprosarc2\\vendor\\laravel\\framework\\src\\Illuminate\\Support\\Facades\\Facade.php(357): Illuminate\\Database\\Schema\\Builder->create('clientes', Object(Closure))
#6 C:\\laragon\\www\\lprosarc2\\database\\migrations\\2018_12_17_213252_create_clientes_table.php(16): Illuminate\\Support\\Facades\\Facade::__callStatic('create', Array)
#7 C:\\laragon\\www\\lprosarc2\\vendor\\laravel\\framework\\src\\Illuminate\\Database\\Migrations\\Migrator.php(475): CreateClientesTable->up()
#8 C:\\laragon\\www\\lprosarc2\\vendor\\laravel\\framework\\src\\Illuminate\\Database\\Migrations\\Migrator.php(400): Illuminate\\Database\\Migrations\\Migrator->runMethod(Object(Illuminate\\Database\\MySqlConnection), Object(CreateClientesTable), 'up')
#9 C:\\laragon\\www\\lprosarc2\\vendor\\laravel\\framework\\src\\Illuminate\\Database\\Migrations\\Migrator.php(409): Illuminate\\Database\\Migrations\\Migrator->Illuminate\\Database\\Migrations\\{closure}()
#10 C:\\laragon\\www\\lprosarc2\\vendor\\laravel\\framework\\src\\Illuminate\\Database\\Migrations\\Migrator.php(212): Illuminate\\Database\\Migrations\\Migrator->runMigration(Object(CreateClientesTable), 'up')
#11 C:\\laragon\\www\\lprosarc2\\vendor\\laravel\\framework\\src\\Illuminate\\Console\\View\\Components\\Task.php(40): Illuminate\\Database\\Migrations\\Migrator->Illuminate\\Database\\Migrations\\{closure}()
#12 C:\\laragon\\www\\lprosarc2\\vendor\\laravel\\framework\\src\\Illuminate\\Database\\Migrations\\Migrator.php(736): Illuminate\\Console\\View\\Components\\Task->render('2018_12_17_2132...', Object(Closure))
#13 C:\\laragon\\www\\lprosarc2\\vendor\\laravel\\framework\\src\\Illuminate\\Database\\Migrations\\Migrator.php(212): Illuminate\\Database\\Migrations\\Migrator->write('Illuminate\\\\Cons...', '2018_12_17_2132...', Object(Closure))
#14 C:\\laragon\\www\\lprosarc2\\vendor\\laravel\\framework\\src\\Illuminate\\Database\\Migrations\\Migrator.php(179): Illuminate\\Database\\Migrations\\Migrator->runUp('C:\\\\laragon\\\\www\\\\...', 1, false)
#15 C:\\laragon\\www\\lprosarc2\\vendor\\laravel\\framework\\src\\Illuminate\\Database\\Migrations\\Migrator.php(122): Illuminate\\Database\\Migrations\\Migrator->runPending(Array, Array)
#16 C:\\laragon\\www\\lprosarc2\\vendor\\laravel\\framework\\src\\Illuminate\\Database\\Console\\Migrations\\MigrateCommand.php(116): Illuminate\\Database\\Migrations\\Migrator->run(Array, Array)
#17 C:\\laragon\\www\\lprosarc2\\vendor\\laravel\\framework\\src\\Illuminate\\Database\\Migrations\\Migrator.php(615): Illuminate\\Database\\Console\\Migrations\\MigrateCommand->Illuminate\\Database\\Console\\Migrations\\{closure}()
#18 C:\\laragon\\www\\lprosarc2\\vendor\\laravel\\framework\\src\\Illuminate\\Database\\Console\\Migrations\\MigrateCommand.php(109): Illuminate\\Database\\Migrations\\Migrator->usingConnection(NULL, Object(Closure))
#19 C:\\laragon\\www\\lprosarc2\\vendor\\laravel\\framework\\src\\Illuminate\\Database\\Console\\Migrations\\MigrateCommand.php(88): Illuminate\\Database\\Console\\Migrations\\MigrateCommand->runMigrations()
#20 C:\\laragon\\www\\lprosarc2\\vendor\\laravel\\framework\\src\\Illuminate\\Container\\BoundMethod.php(36): Illuminate\\Database\\Console\\Migrations\\MigrateCommand->handle()
#21 C:\\laragon\\www\\lprosarc2\\vendor\\laravel\\framework\\src\\Illuminate\\Container\\Util.php(41): Illuminate\\Container\\BoundMethod::Illuminate\\Container\\{closure}()
#22 C:\\laragon\\www\\lprosarc2\\vendor\\laravel\\framework\\src\\Illuminate\\Container\\BoundMethod.php(93): Illuminate\\Container\\Util::unwrapIfClosure(Object(Closure))
#23 C:\\laragon\\www\\lprosarc2\\vendor\\laravel\\framework\\src\\Illuminate\\Container\\BoundMethod.php(35): Illuminate\\Container\\BoundMethod::callBoundMethod(Object(Illuminate\\Foundation\\Application), Array, Object(Closure))
#24 C:\\laragon\\www\\lprosarc2\\vendor\\laravel\\framework\\src\\Illuminate\\Container\\Container.php(690): Illuminate\\Container\\BoundMethod::call(Object(Illuminate\\Foundation\\Application), Array, Array, NULL)
#25 C:\\laragon\\www\\lprosarc2\\vendor\\laravel\\framework\\src\\Illuminate\\Console\\Command.php(213): Illuminate\\Container\\Container->call(Array)
#26 C:\\laragon\\www\\lprosarc2\\vendor\\symfony\\console\\Command\\Command.php(279): Illuminate\\Console\\Command->execute(Object(Symfony\\Component\\Console\\Input\\ArgvInput), Object(Illuminate\\Console\\OutputStyle))
#27 C:\\laragon\\www\\lprosarc2\\vendor\\laravel\\framework\\src\\Illuminate\\Console\\Command.php(182): Symfony\\Component\\Console\\Command\\Command->run(Object(Symfony\\Component\\Console\\Input\\ArgvInput), Object(Illuminate\\Console\\OutputStyle))
#28 C:\\laragon\\www\\lprosarc2\\vendor\\symfony\\console\\Application.php(1047): Illuminate\\Console\\Command->run(Object(Symfony\\Component\\Console\\Input\\ArgvInput), Object(Symfony\\Component\\Console\\Output\\ConsoleOutput))
#29 C:\\laragon\\www\\lprosarc2\\vendor\\symfony\\console\\Application.php(316): Symfony\\Component\\Console\\Application->doRunCommand(Object(Illuminate\\Database\\Console\\Migrations\\MigrateCommand), Object(Symfony\\Component\\Console\\Input\\ArgvInput), Object(Symfony\\Component\\Console\\Output\\ConsoleOutput))
#30 C:\\laragon\\www\\lprosarc2\\vendor\\symfony\\console\\Application.php(167): Symfony\\Component\\Console\\Application->doRun(Object(Symfony\\Component\\Console\\Input\\ArgvInput), Object(Symfony\\Component\\Console\\Output\\ConsoleOutput))
#31 C:\\laragon\\www\\lprosarc2\\vendor\\laravel\\framework\\src\\Illuminate\\Foundation\\Console\\Kernel.php(197): Symfony\\Component\\Console\\Application->run(Object(Symfony\\Component\\Console\\Input\\ArgvInput), Object(Symfony\\Component\\Console\\Output\\ConsoleOutput))
#32 C:\\laragon\\www\\lprosarc2\\artisan(35): Illuminate\\Foundation\\Console\\Kernel->handle(Object(Symfony\\Component\\Console\\Input\\ArgvInput), Object(Symfony\\Component\\Console\\Output\\ConsoleOutput))
#33 {main}

[previous exception] [object] (PDOException(code: 42S21): SQLSTATE[42S21]: Column already exists: 1060 Duplicate column name 'CliCategoria' at C:\\laragon\\www\\lprosarc2\\vendor\\laravel\\framework\\src\\Illuminate\\Database\\Connection.php:571)
[stacktrace]
#0 C:\\laragon\\www\\lprosarc2\\vendor\\laravel\\framework\\src\\Illuminate\\Database\\Connection.php(571): PDOStatement->execute()
#1 C:\\laragon\\www\\lprosarc2\\vendor\\laravel\\framework\\src\\Illuminate\\Database\\Connection.php(812): Illuminate\\Database\\Connection->Illuminate\\Database\\{closure}('create table `c...', Array)
#2 C:\\laragon\\www\\lprosarc2\\vendor\\laravel\\framework\\src\\Illuminate\\Database\\Connection.php(779): Illuminate\\Database\\Connection->runQueryCallback('create table `c...', Array, Object(Closure))
#3 C:\\laragon\\www\\lprosarc2\\vendor\\laravel\\framework\\src\\Illuminate\\Database\\Connection.php(560): Illuminate\\Database\\Connection->run('create table `c...', Array, Object(Closure))
#4 C:\\laragon\\www\\lprosarc2\\vendor\\laravel\\framework\\src\\Illuminate\\Database\\Schema\\Blueprint.php(117): Illuminate\\Database\\Connection->statement('create table `c...')
#5 C:\\laragon\\www\\lprosarc2\\vendor\\laravel\\framework\\src\\Illuminate\\Database\\Schema\\Builder.php(565): Illuminate\\Database\\Schema\\Blueprint->build(Object(Illuminate\\Database\\MySqlConnection), Object(Illuminate\\Database\\Schema\\Grammars\\MySqlGrammar))
#6 C:\\laragon\\www\\lprosarc2\\vendor\\laravel\\framework\\src\\Illuminate\\Database\\Schema\\Builder.php(419): Illuminate\\Database\\Schema\\Builder->build(Object(Illuminate\\Database\\Schema\\Blueprint))
#7 C:\\laragon\\www\\lprosarc2\\vendor\\laravel\\framework\\src\\Illuminate\\Support\\Facades\\Facade.php(357): Illuminate\\Database\\Schema\\Builder->create('clientes', Object(Closure))
#8 C:\\laragon\\www\\lprosarc2\\database\\migrations\\2018_12_17_213252_create_clientes_table.php(16): Illuminate\\Support\\Facades\\Facade::__callStatic('create', Array)
#9 C:\\laragon\\www\\lprosarc2\\vendor\\laravel\\framework\\src\\Illuminate\\Database\\Migrations\\Migrator.php(475): CreateClientesTable->up()
#10 C:\\laragon\\www\\lprosarc2\\vendor\\laravel\\framework\\src\\Illuminate\\Database\\Migrations\\Migrator.php(400): Illuminate\\Database\\Migrations\\Migrator->runMethod(Object(Illuminate\\Database\\MySqlConnection), Object(CreateClientesTable), 'up')
#11 C:\\laragon\\www\\lprosarc2\\vendor\\laravel\\framework\\src\\Illuminate\\Database\\Migrations\\Migrator.php(409): Illuminate\\Database\\Migrations\\Migrator->Illuminate\\Database\\Migrations\\{closure}()
#12 C:\\laragon\\www\\lprosarc2\\vendor\\laravel\\framework\\src\\Illuminate\\Database\\Migrations\\Migrator.php(212): Illuminate\\Database\\Migrations\\Migrator->runMigration(Object(CreateClientesTable), 'up')
#13 C:\\laragon\\www\\lprosarc2\\vendor\\laravel\\framework\\src\\Illuminate\\Console\\View\\Components\\Task.php(40): Illuminate\\Database\\Migrations\\Migrator->Illuminate\\Database\\Migrations\\{closure}()
#14 C:\\laragon\\www\\lprosarc2\\vendor\\laravel\\framework\\src\\Illuminate\\Database\\Migrations\\Migrator.php(736): Illuminate\\Console\\View\\Components\\Task->render('2018_12_17_2132...', Object(Closure))
#15 C:\\laragon\\www\\lprosarc2\\vendor\\laravel\\framework\\src\\Illuminate\\Database\\Migrations\\Migrator.php(212): Illuminate\\Database\\Migrations\\Migrator->write('Illuminate\\\\Cons...', '2018_12_17_2132...', Object(Closure))
#16 C:\\laragon\\www\\lprosarc2\\vendor\\laravel\\framework\\src\\Illuminate\\Database\\Migrations\\Migrator.php(179): Illuminate\\Database\\Migrations\\Migrator->runUp('C:\\\\laragon\\\\www\\\\...', 1, false)
#17 C:\\laragon\\www\\lprosarc2\\vendor\\laravel\\framework\\src\\Illuminate\\Database\\Migrations\\Migrator.php(122): Illuminate\\Database\\Migrations\\Migrator->runPending(Array, Array)
#18 C:\\laragon\\www\\lprosarc2\\vendor\\laravel\\framework\\src\\Illuminate\\Database\\Console\\Migrations\\MigrateCommand.php(116): Illuminate\\Database\\Migrations\\Migrator->run(Array, Array)
#19 C:\\laragon\\www\\lprosarc2\\vendor\\laravel\\framework\\src\\Illuminate\\Database\\Migrations\\Migrator.php(615): Illuminate\\Database\\Console\\Migrations\\MigrateCommand->Illuminate\\Database\\Console\\Migrations\\{closure}()
#20 C:\\laragon\\www\\lprosarc2\\vendor\\laravel\\framework\\src\\Illuminate\\Database\\Console\\Migrations\\MigrateCommand.php(109): Illuminate\\Database\\Migrations\\Migrator->usingConnection(NULL, Object(Closure))
#21 C:\\laragon\\www\\lprosarc2\\vendor\\laravel\\framework\\src\\Illuminate\\Database\\Console\\Migrations\\MigrateCommand.php(88): Illuminate\\Database\\Console\\Migrations\\MigrateCommand->runMigrations()
#22 C:\\laragon\\www\\lprosarc2\\vendor\\laravel\\framework\\src\\Illuminate\\Container\\BoundMethod.php(36): Illuminate\\Database\\Console\\Migrations\\MigrateCommand->handle()
#23 C:\\laragon\\www\\lprosarc2\\vendor\\laravel\\framework\\src\\Illuminate\\Container\\Util.php(41): Illuminate\\Container\\BoundMethod::Illuminate\\Container\\{closure}()
#24 C:\\laragon\\www\\lprosarc2\\vendor\\laravel\\framework\\src\\Illuminate\\Container\\BoundMethod.php(93): Illuminate\\Container\\Util::unwrapIfClosure(Object(Closure))
#25 C:\\laragon\\www\\lprosarc2\\vendor\\laravel\\framework\\src\\Illuminate\\Container\\BoundMethod.php(35): Illuminate\\Container\\BoundMethod::callBoundMethod(Object(Illuminate\\Foundation\\Application), Array, Object(Closure))
#26 C:\\laragon\\www\\lprosarc2\\vendor\\laravel\\framework\\src\\Illuminate\\Container\\Container.php(690): Illuminate\\Container\\BoundMethod::call(Object(Illuminate\\Foundation\\Application), Array, Array, NULL)
#27 C:\\laragon\\www\\lprosarc2\\vendor\\laravel\\framework\\src\\Illuminate\\Console\\Command.php(213): Illuminate\\Container\\Container->call(Array)
#28 C:\\laragon\\www\\lprosarc2\\vendor\\symfony\\console\\Command\\Command.php(279): Illuminate\\Console\\Command->execute(Object(Symfony\\Component\\Console\\Input\\ArgvInput), Object(Illuminate\\Console\\OutputStyle))
#29 C:\\laragon\\www\\lprosarc2\\vendor\\laravel\\framework\\src\\Illuminate\\Console\\Command.php(182): Symfony\\Component\\Console\\Command\\Command->run(Object(Symfony\\Component\\Console\\Input\\ArgvInput), Object(Illuminate\\Console\\OutputStyle))
#30 C:\\laragon\\www\\lprosarc2\\vendor\\symfony\\console\\Application.php(1047): Illuminate\\Console\\Command->run(Object(Symfony\\Component\\Console\\Input\\ArgvInput), Object(Symfony\\Component\\Console\\Output\\ConsoleOutput))
#31 C:\\laragon\\www\\lprosarc2\\vendor\\symfony\\console\\Application.php(316): Symfony\\Component\\Console\\Application->doRunCommand(Object(Illuminate\\Database\\Console\\Migrations\\MigrateCommand), Object(Symfony\\Component\\Console\\Input\\ArgvInput), Object(Symfony\\Component\\Console\\Output\\ConsoleOutput))
#32 C:\\laragon\\www\\lprosarc2\\vendor\\symfony\\console\\Application.php(167): Symfony\\Component\\Console\\Application->doRun(Object(Symfony\\Component\\Console\\Input\\ArgvInput), Object(Symfony\\Component\\Console\\Output\\ConsoleOutput))
#33 C:\\laragon\\www\\lprosarc2\\vendor\\laravel\\framework\\src\\Illuminate\\Foundation\\Console\\Kernel.php(197): Symfony\\Component\\Console\\Application->run(Object(Symfony\\Component\\Console\\Input\\ArgvInput), Object(Symfony\\Component\\Console\\Output\\ConsoleOutput))
#34 C:\\laragon\\www\\lprosarc2\\artisan(35): Illuminate\\Foundation\\Console\\Kernel->handle(Object(Symfony\\Component\\Console\\Input\\ArgvInput), Object(Symfony\\Component\\Console\\Output\\ConsoleOutput))
#35 {main}
"} 
[2025-08-06 14:09:05] local.ERROR: SQLSTATE[42S21]: Column already exists: 1060 Duplicate column name 'CliDelete' (Connection: mysql, SQL: alter table `clientes` add `CliDelete` tinyint(1) not null) {"exception":"[object] (Illuminate\\Database\\QueryException(code: 42S21): SQLSTATE[42S21]: Column already exists: 1060 Duplicate column name 'CliDelete' (Connection: mysql, SQL: alter table `clientes` add `CliDelete` tinyint(1) not null) at C:\\laragon\\www\\lprosarc2\\vendor\\laravel\\framework\\src\\Illuminate\\Database\\Connection.php:825)
[stacktrace]
#0 C:\\laragon\\www\\lprosarc2\\vendor\\laravel\\framework\\src\\Illuminate\\Database\\Connection.php(779): Illuminate\\Database\\Connection->runQueryCallback('alter table `cl...', Array, Object(Closure))
#1 C:\\laragon\\www\\lprosarc2\\vendor\\laravel\\framework\\src\\Illuminate\\Database\\Connection.php(560): Illuminate\\Database\\Connection->run('alter table `cl...', Array, Object(Closure))
#2 C:\\laragon\\www\\lprosarc2\\vendor\\laravel\\framework\\src\\Illuminate\\Database\\Schema\\Blueprint.php(117): Illuminate\\Database\\Connection->statement('alter table `cl...')
#3 C:\\laragon\\www\\lprosarc2\\vendor\\laravel\\framework\\src\\Illuminate\\Database\\Schema\\Builder.php(565): Illuminate\\Database\\Schema\\Blueprint->build(Object(Illuminate\\Database\\MySqlConnection), Object(Illuminate\\Database\\Schema\\Grammars\\MySqlGrammar))
#4 C:\\laragon\\www\\lprosarc2\\vendor\\laravel\\framework\\src\\Illuminate\\Database\\Schema\\Builder.php(407): Illuminate\\Database\\Schema\\Builder->build(Object(Illuminate\\Database\\Schema\\Blueprint))
#5 C:\\laragon\\www\\lprosarc2\\vendor\\laravel\\framework\\src\\Illuminate\\Support\\Facades\\Facade.php(357): Illuminate\\Database\\Schema\\Builder->table('clientes', Object(Closure))
#6 C:\\laragon\\www\\lprosarc2\\database\\migrations\\2019_03_12_120609_add_delete_and_drop_colum_clientes_table.php(16): Illuminate\\Support\\Facades\\Facade::__callStatic('table', Array)
#7 C:\\laragon\\www\\lprosarc2\\vendor\\laravel\\framework\\src\\Illuminate\\Database\\Migrations\\Migrator.php(475): AddDeleteAndDropColumClientesTable->up()
#8 C:\\laragon\\www\\lprosarc2\\vendor\\laravel\\framework\\src\\Illuminate\\Database\\Migrations\\Migrator.php(400): Illuminate\\Database\\Migrations\\Migrator->runMethod(Object(Illuminate\\Database\\MySqlConnection), Object(AddDeleteAndDropColumClientesTable), 'up')
#9 C:\\laragon\\www\\lprosarc2\\vendor\\laravel\\framework\\src\\Illuminate\\Database\\Migrations\\Migrator.php(409): Illuminate\\Database\\Migrations\\Migrator->Illuminate\\Database\\Migrations\\{closure}()
#10 C:\\laragon\\www\\lprosarc2\\vendor\\laravel\\framework\\src\\Illuminate\\Database\\Migrations\\Migrator.php(212): Illuminate\\Database\\Migrations\\Migrator->runMigration(Object(AddDeleteAndDropColumClientesTable), 'up')
#11 C:\\laragon\\www\\lprosarc2\\vendor\\laravel\\framework\\src\\Illuminate\\Console\\View\\Components\\Task.php(40): Illuminate\\Database\\Migrations\\Migrator->Illuminate\\Database\\Migrations\\{closure}()
#12 C:\\laragon\\www\\lprosarc2\\vendor\\laravel\\framework\\src\\Illuminate\\Database\\Migrations\\Migrator.php(736): Illuminate\\Console\\View\\Components\\Task->render('2019_03_12_1206...', Object(Closure))
#13 C:\\laragon\\www\\lprosarc2\\vendor\\laravel\\framework\\src\\Illuminate\\Database\\Migrations\\Migrator.php(212): Illuminate\\Database\\Migrations\\Migrator->write('Illuminate\\\\Cons...', '2019_03_12_1206...', Object(Closure))
#14 C:\\laragon\\www\\lprosarc2\\vendor\\laravel\\framework\\src\\Illuminate\\Database\\Migrations\\Migrator.php(179): Illuminate\\Database\\Migrations\\Migrator->runUp('C:\\\\laragon\\\\www\\\\...', 2, false)
#15 C:\\laragon\\www\\lprosarc2\\vendor\\laravel\\framework\\src\\Illuminate\\Database\\Migrations\\Migrator.php(122): Illuminate\\Database\\Migrations\\Migrator->runPending(Array, Array)
#16 C:\\laragon\\www\\lprosarc2\\vendor\\laravel\\framework\\src\\Illuminate\\Database\\Console\\Migrations\\MigrateCommand.php(116): Illuminate\\Database\\Migrations\\Migrator->run(Array, Array)
#17 C:\\laragon\\www\\lprosarc2\\vendor\\laravel\\framework\\src\\Illuminate\\Database\\Migrations\\Migrator.php(615): Illuminate\\Database\\Console\\Migrations\\MigrateCommand->Illuminate\\Database\\Console\\Migrations\\{closure}()
#18 C:\\laragon\\www\\lprosarc2\\vendor\\laravel\\framework\\src\\Illuminate\\Database\\Console\\Migrations\\MigrateCommand.php(109): Illuminate\\Database\\Migrations\\Migrator->usingConnection(NULL, Object(Closure))
#19 C:\\laragon\\www\\lprosarc2\\vendor\\laravel\\framework\\src\\Illuminate\\Database\\Console\\Migrations\\MigrateCommand.php(88): Illuminate\\Database\\Console\\Migrations\\MigrateCommand->runMigrations()
#20 C:\\laragon\\www\\lprosarc2\\vendor\\laravel\\framework\\src\\Illuminate\\Container\\BoundMethod.php(36): Illuminate\\Database\\Console\\Migrations\\MigrateCommand->handle()
#21 C:\\laragon\\www\\lprosarc2\\vendor\\laravel\\framework\\src\\Illuminate\\Container\\Util.php(41): Illuminate\\Container\\BoundMethod::Illuminate\\Container\\{closure}()
#22 C:\\laragon\\www\\lprosarc2\\vendor\\laravel\\framework\\src\\Illuminate\\Container\\BoundMethod.php(93): Illuminate\\Container\\Util::unwrapIfClosure(Object(Closure))
#23 C:\\laragon\\www\\lprosarc2\\vendor\\laravel\\framework\\src\\Illuminate\\Container\\BoundMethod.php(35): Illuminate\\Container\\BoundMethod::callBoundMethod(Object(Illuminate\\Foundation\\Application), Array, Object(Closure))
#24 C:\\laragon\\www\\lprosarc2\\vendor\\laravel\\framework\\src\\Illuminate\\Container\\Container.php(690): Illuminate\\Container\\BoundMethod::call(Object(Illuminate\\Foundation\\Application), Array, Array, NULL)
#25 C:\\laragon\\www\\lprosarc2\\vendor\\laravel\\framework\\src\\Illuminate\\Console\\Command.php(213): Illuminate\\Container\\Container->call(Array)
#26 C:\\laragon\\www\\lprosarc2\\vendor\\symfony\\console\\Command\\Command.php(279): Illuminate\\Console\\Command->execute(Object(Symfony\\Component\\Console\\Input\\ArgvInput), Object(Illuminate\\Console\\OutputStyle))
#27 C:\\laragon\\www\\lprosarc2\\vendor\\laravel\\framework\\src\\Illuminate\\Console\\Command.php(182): Symfony\\Component\\Console\\Command\\Command->run(Object(Symfony\\Component\\Console\\Input\\ArgvInput), Object(Illuminate\\Console\\OutputStyle))
#28 C:\\laragon\\www\\lprosarc2\\vendor\\symfony\\console\\Application.php(1047): Illuminate\\Console\\Command->run(Object(Symfony\\Component\\Console\\Input\\ArgvInput), Object(Symfony\\Component\\Console\\Output\\ConsoleOutput))
#29 C:\\laragon\\www\\lprosarc2\\vendor\\symfony\\console\\Application.php(316): Symfony\\Component\\Console\\Application->doRunCommand(Object(Illuminate\\Database\\Console\\Migrations\\MigrateCommand), Object(Symfony\\Component\\Console\\Input\\ArgvInput), Object(Symfony\\Component\\Console\\Output\\ConsoleOutput))
#30 C:\\laragon\\www\\lprosarc2\\vendor\\symfony\\console\\Application.php(167): Symfony\\Component\\Console\\Application->doRun(Object(Symfony\\Component\\Console\\Input\\ArgvInput), Object(Symfony\\Component\\Console\\Output\\ConsoleOutput))
#31 C:\\laragon\\www\\lprosarc2\\vendor\\laravel\\framework\\src\\Illuminate\\Foundation\\Console\\Kernel.php(197): Symfony\\Component\\Console\\Application->run(Object(Symfony\\Component\\Console\\Input\\ArgvInput), Object(Symfony\\Component\\Console\\Output\\ConsoleOutput))
#32 C:\\laragon\\www\\lprosarc2\\artisan(35): Illuminate\\Foundation\\Console\\Kernel->handle(Object(Symfony\\Component\\Console\\Input\\ArgvInput), Object(Symfony\\Component\\Console\\Output\\ConsoleOutput))
#33 {main}

[previous exception] [object] (PDOException(code: 42S21): SQLSTATE[42S21]: Column already exists: 1060 Duplicate column name 'CliDelete' at C:\\laragon\\www\\lprosarc2\\vendor\\laravel\\framework\\src\\Illuminate\\Database\\Connection.php:571)
[stacktrace]
#0 C:\\laragon\\www\\lprosarc2\\vendor\\laravel\\framework\\src\\Illuminate\\Database\\Connection.php(571): PDOStatement->execute()
#1 C:\\laragon\\www\\lprosarc2\\vendor\\laravel\\framework\\src\\Illuminate\\Database\\Connection.php(812): Illuminate\\Database\\Connection->Illuminate\\Database\\{closure}('alter table `cl...', Array)
#2 C:\\laragon\\www\\lprosarc2\\vendor\\laravel\\framework\\src\\Illuminate\\Database\\Connection.php(779): Illuminate\\Database\\Connection->runQueryCallback('alter table `cl...', Array, Object(Closure))
#3 C:\\laragon\\www\\lprosarc2\\vendor\\laravel\\framework\\src\\Illuminate\\Database\\Connection.php(560): Illuminate\\Database\\Connection->run('alter table `cl...', Array, Object(Closure))
#4 C:\\laragon\\www\\lprosarc2\\vendor\\laravel\\framework\\src\\Illuminate\\Database\\Schema\\Blueprint.php(117): Illuminate\\Database\\Connection->statement('alter table `cl...')
#5 C:\\laragon\\www\\lprosarc2\\vendor\\laravel\\framework\\src\\Illuminate\\Database\\Schema\\Builder.php(565): Illuminate\\Database\\Schema\\Blueprint->build(Object(Illuminate\\Database\\MySqlConnection), Object(Illuminate\\Database\\Schema\\Grammars\\MySqlGrammar))
#6 C:\\laragon\\www\\lprosarc2\\vendor\\laravel\\framework\\src\\Illuminate\\Database\\Schema\\Builder.php(407): Illuminate\\Database\\Schema\\Builder->build(Object(Illuminate\\Database\\Schema\\Blueprint))
#7 C:\\laragon\\www\\lprosarc2\\vendor\\laravel\\framework\\src\\Illuminate\\Support\\Facades\\Facade.php(357): Illuminate\\Database\\Schema\\Builder->table('clientes', Object(Closure))
#8 C:\\laragon\\www\\lprosarc2\\database\\migrations\\2019_03_12_120609_add_delete_and_drop_colum_clientes_table.php(16): Illuminate\\Support\\Facades\\Facade::__callStatic('table', Array)
#9 C:\\laragon\\www\\lprosarc2\\vendor\\laravel\\framework\\src\\Illuminate\\Database\\Migrations\\Migrator.php(475): AddDeleteAndDropColumClientesTable->up()
#10 C:\\laragon\\www\\lprosarc2\\vendor\\laravel\\framework\\src\\Illuminate\\Database\\Migrations\\Migrator.php(400): Illuminate\\Database\\Migrations\\Migrator->runMethod(Object(Illuminate\\Database\\MySqlConnection), Object(AddDeleteAndDropColumClientesTable), 'up')
#11 C:\\laragon\\www\\lprosarc2\\vendor\\laravel\\framework\\src\\Illuminate\\Database\\Migrations\\Migrator.php(409): Illuminate\\Database\\Migrations\\Migrator->Illuminate\\Database\\Migrations\\{closure}()
#12 C:\\laragon\\www\\lprosarc2\\vendor\\laravel\\framework\\src\\Illuminate\\Database\\Migrations\\Migrator.php(212): Illuminate\\Database\\Migrations\\Migrator->runMigration(Object(AddDeleteAndDropColumClientesTable), 'up')
#13 C:\\laragon\\www\\lprosarc2\\vendor\\laravel\\framework\\src\\Illuminate\\Console\\View\\Components\\Task.php(40): Illuminate\\Database\\Migrations\\Migrator->Illuminate\\Database\\Migrations\\{closure}()
#14 C:\\laragon\\www\\lprosarc2\\vendor\\laravel\\framework\\src\\Illuminate\\Database\\Migrations\\Migrator.php(736): Illuminate\\Console\\View\\Components\\Task->render('2019_03_12_1206...', Object(Closure))
#15 C:\\laragon\\www\\lprosarc2\\vendor\\laravel\\framework\\src\\Illuminate\\Database\\Migrations\\Migrator.php(212): Illuminate\\Database\\Migrations\\Migrator->write('Illuminate\\\\Cons...', '2019_03_12_1206...', Object(Closure))
#16 C:\\laragon\\www\\lprosarc2\\vendor\\laravel\\framework\\src\\Illuminate\\Database\\Migrations\\Migrator.php(179): Illuminate\\Database\\Migrations\\Migrator->runUp('C:\\\\laragon\\\\www\\\\...', 2, false)
#17 C:\\laragon\\www\\lprosarc2\\vendor\\laravel\\framework\\src\\Illuminate\\Database\\Migrations\\Migrator.php(122): Illuminate\\Database\\Migrations\\Migrator->runPending(Array, Array)
#18 C:\\laragon\\www\\lprosarc2\\vendor\\laravel\\framework\\src\\Illuminate\\Database\\Console\\Migrations\\MigrateCommand.php(116): Illuminate\\Database\\Migrations\\Migrator->run(Array, Array)
#19 C:\\laragon\\www\\lprosarc2\\vendor\\laravel\\framework\\src\\Illuminate\\Database\\Migrations\\Migrator.php(615): Illuminate\\Database\\Console\\Migrations\\MigrateCommand->Illuminate\\Database\\Console\\Migrations\\{closure}()
#20 C:\\laragon\\www\\lprosarc2\\vendor\\laravel\\framework\\src\\Illuminate\\Database\\Console\\Migrations\\MigrateCommand.php(109): Illuminate\\Database\\Migrations\\Migrator->usingConnection(NULL, Object(Closure))
#21 C:\\laragon\\www\\lprosarc2\\vendor\\laravel\\framework\\src\\Illuminate\\Database\\Console\\Migrations\\MigrateCommand.php(88): Illuminate\\Database\\Console\\Migrations\\MigrateCommand->runMigrations()
#22 C:\\laragon\\www\\lprosarc2\\vendor\\laravel\\framework\\src\\Illuminate\\Container\\BoundMethod.php(36): Illuminate\\Database\\Console\\Migrations\\MigrateCommand->handle()
#23 C:\\laragon\\www\\lprosarc2\\vendor\\laravel\\framework\\src\\Illuminate\\Container\\Util.php(41): Illuminate\\Container\\BoundMethod::Illuminate\\Container\\{closure}()
#24 C:\\laragon\\www\\lprosarc2\\vendor\\laravel\\framework\\src\\Illuminate\\Container\\BoundMethod.php(93): Illuminate\\Container\\Util::unwrapIfClosure(Object(Closure))
#25 C:\\laragon\\www\\lprosarc2\\vendor\\laravel\\framework\\src\\Illuminate\\Container\\BoundMethod.php(35): Illuminate\\Container\\BoundMethod::callBoundMethod(Object(Illuminate\\Foundation\\Application), Array, Object(Closure))
#26 C:\\laragon\\www\\lprosarc2\\vendor\\laravel\\framework\\src\\Illuminate\\Container\\Container.php(690): Illuminate\\Container\\BoundMethod::call(Object(Illuminate\\Foundation\\Application), Array, Array, NULL)
#27 C:\\laragon\\www\\lprosarc2\\vendor\\laravel\\framework\\src\\Illuminate\\Console\\Command.php(213): Illuminate\\Container\\Container->call(Array)
#28 C:\\laragon\\www\\lprosarc2\\vendor\\symfony\\console\\Command\\Command.php(279): Illuminate\\Console\\Command->execute(Object(Symfony\\Component\\Console\\Input\\ArgvInput), Object(Illuminate\\Console\\OutputStyle))
#29 C:\\laragon\\www\\lprosarc2\\vendor\\laravel\\framework\\src\\Illuminate\\Console\\Command.php(182): Symfony\\Component\\Console\\Command\\Command->run(Object(Symfony\\Component\\Console\\Input\\ArgvInput), Object(Illuminate\\Console\\OutputStyle))
#30 C:\\laragon\\www\\lprosarc2\\vendor\\symfony\\console\\Application.php(1047): Illuminate\\Console\\Command->run(Object(Symfony\\Component\\Console\\Input\\ArgvInput), Object(Symfony\\Component\\Console\\Output\\ConsoleOutput))
#31 C:\\laragon\\www\\lprosarc2\\vendor\\symfony\\console\\Application.php(316): Symfony\\Component\\Console\\Application->doRunCommand(Object(Illuminate\\Database\\Console\\Migrations\\MigrateCommand), Object(Symfony\\Component\\Console\\Input\\ArgvInput), Object(Symfony\\Component\\Console\\Output\\ConsoleOutput))
#32 C:\\laragon\\www\\lprosarc2\\vendor\\symfony\\console\\Application.php(167): Symfony\\Component\\Console\\Application->doRun(Object(Symfony\\Component\\Console\\Input\\ArgvInput), Object(Symfony\\Component\\Console\\Output\\ConsoleOutput))
#33 C:\\laragon\\www\\lprosarc2\\vendor\\laravel\\framework\\src\\Illuminate\\Foundation\\Console\\Kernel.php(197): Symfony\\Component\\Console\\Application->run(Object(Symfony\\Component\\Console\\Input\\ArgvInput), Object(Symfony\\Component\\Console\\Output\\ConsoleOutput))
#34 C:\\laragon\\www\\lprosarc2\\artisan(35): Illuminate\\Foundation\\Console\\Kernel->handle(Object(Symfony\\Component\\Console\\Input\\ArgvInput), Object(Symfony\\Component\\Console\\Output\\ConsoleOutput))
#35 {main}
"} 
[2025-08-06 14:09:50] local.ERROR: SQLSTATE[42S21]: Column already exists: 1060 Duplicate column name 'CliDelete' (Connection: mysql, SQL: alter table `clientes` add `CliDelete` tinyint(1) not null) {"exception":"[object] (Illuminate\\Database\\QueryException(code: 42S21): SQLSTATE[42S21]: Column already exists: 1060 Duplicate column name 'CliDelete' (Connection: mysql, SQL: alter table `clientes` add `CliDelete` tinyint(1) not null) at C:\\laragon\\www\\lprosarc2\\vendor\\laravel\\framework\\src\\Illuminate\\Database\\Connection.php:825)
[stacktrace]
#0 C:\\laragon\\www\\lprosarc2\\vendor\\laravel\\framework\\src\\Illuminate\\Database\\Connection.php(779): Illuminate\\Database\\Connection->runQueryCallback('alter table `cl...', Array, Object(Closure))
#1 C:\\laragon\\www\\lprosarc2\\vendor\\laravel\\framework\\src\\Illuminate\\Database\\Connection.php(560): Illuminate\\Database\\Connection->run('alter table `cl...', Array, Object(Closure))
#2 C:\\laragon\\www\\lprosarc2\\vendor\\laravel\\framework\\src\\Illuminate\\Database\\Schema\\Blueprint.php(117): Illuminate\\Database\\Connection->statement('alter table `cl...')
#3 C:\\laragon\\www\\lprosarc2\\vendor\\laravel\\framework\\src\\Illuminate\\Database\\Schema\\Builder.php(565): Illuminate\\Database\\Schema\\Blueprint->build(Object(Illuminate\\Database\\MySqlConnection), Object(Illuminate\\Database\\Schema\\Grammars\\MySqlGrammar))
#4 C:\\laragon\\www\\lprosarc2\\vendor\\laravel\\framework\\src\\Illuminate\\Database\\Schema\\Builder.php(407): Illuminate\\Database\\Schema\\Builder->build(Object(Illuminate\\Database\\Schema\\Blueprint))
#5 C:\\laragon\\www\\lprosarc2\\vendor\\laravel\\framework\\src\\Illuminate\\Support\\Facades\\Facade.php(357): Illuminate\\Database\\Schema\\Builder->table('clientes', Object(Closure))
#6 C:\\laragon\\www\\lprosarc2\\database\\migrations\\2019_03_12_120609_add_delete_and_drop_colum_clientes_table.php(16): Illuminate\\Support\\Facades\\Facade::__callStatic('table', Array)
#7 C:\\laragon\\www\\lprosarc2\\vendor\\laravel\\framework\\src\\Illuminate\\Database\\Migrations\\Migrator.php(475): AddDeleteAndDropColumClientesTable->up()
#8 C:\\laragon\\www\\lprosarc2\\vendor\\laravel\\framework\\src\\Illuminate\\Database\\Migrations\\Migrator.php(400): Illuminate\\Database\\Migrations\\Migrator->runMethod(Object(Illuminate\\Database\\MySqlConnection), Object(AddDeleteAndDropColumClientesTable), 'up')
#9 C:\\laragon\\www\\lprosarc2\\vendor\\laravel\\framework\\src\\Illuminate\\Database\\Migrations\\Migrator.php(409): Illuminate\\Database\\Migrations\\Migrator->Illuminate\\Database\\Migrations\\{closure}()
#10 C:\\laragon\\www\\lprosarc2\\vendor\\laravel\\framework\\src\\Illuminate\\Database\\Migrations\\Migrator.php(212): Illuminate\\Database\\Migrations\\Migrator->runMigration(Object(AddDeleteAndDropColumClientesTable), 'up')
#11 C:\\laragon\\www\\lprosarc2\\vendor\\laravel\\framework\\src\\Illuminate\\Console\\View\\Components\\Task.php(40): Illuminate\\Database\\Migrations\\Migrator->Illuminate\\Database\\Migrations\\{closure}()
#12 C:\\laragon\\www\\lprosarc2\\vendor\\laravel\\framework\\src\\Illuminate\\Database\\Migrations\\Migrator.php(736): Illuminate\\Console\\View\\Components\\Task->render('2019_03_12_1206...', Object(Closure))
#13 C:\\laragon\\www\\lprosarc2\\vendor\\laravel\\framework\\src\\Illuminate\\Database\\Migrations\\Migrator.php(212): Illuminate\\Database\\Migrations\\Migrator->write('Illuminate\\\\Cons...', '2019_03_12_1206...', Object(Closure))
#14 C:\\laragon\\www\\lprosarc2\\vendor\\laravel\\framework\\src\\Illuminate\\Database\\Migrations\\Migrator.php(179): Illuminate\\Database\\Migrations\\Migrator->runUp('C:\\\\laragon\\\\www\\\\...', 3, false)
#15 C:\\laragon\\www\\lprosarc2\\vendor\\laravel\\framework\\src\\Illuminate\\Database\\Migrations\\Migrator.php(122): Illuminate\\Database\\Migrations\\Migrator->runPending(Array, Array)
#16 C:\\laragon\\www\\lprosarc2\\vendor\\laravel\\framework\\src\\Illuminate\\Database\\Console\\Migrations\\MigrateCommand.php(116): Illuminate\\Database\\Migrations\\Migrator->run(Array, Array)
#17 C:\\laragon\\www\\lprosarc2\\vendor\\laravel\\framework\\src\\Illuminate\\Database\\Migrations\\Migrator.php(615): Illuminate\\Database\\Console\\Migrations\\MigrateCommand->Illuminate\\Database\\Console\\Migrations\\{closure}()
#18 C:\\laragon\\www\\lprosarc2\\vendor\\laravel\\framework\\src\\Illuminate\\Database\\Console\\Migrations\\MigrateCommand.php(109): Illuminate\\Database\\Migrations\\Migrator->usingConnection(NULL, Object(Closure))
#19 C:\\laragon\\www\\lprosarc2\\vendor\\laravel\\framework\\src\\Illuminate\\Database\\Console\\Migrations\\MigrateCommand.php(88): Illuminate\\Database\\Console\\Migrations\\MigrateCommand->runMigrations()
#20 C:\\laragon\\www\\lprosarc2\\vendor\\laravel\\framework\\src\\Illuminate\\Container\\BoundMethod.php(36): Illuminate\\Database\\Console\\Migrations\\MigrateCommand->handle()
#21 C:\\laragon\\www\\lprosarc2\\vendor\\laravel\\framework\\src\\Illuminate\\Container\\Util.php(41): Illuminate\\Container\\BoundMethod::Illuminate\\Container\\{closure}()
#22 C:\\laragon\\www\\lprosarc2\\vendor\\laravel\\framework\\src\\Illuminate\\Container\\BoundMethod.php(93): Illuminate\\Container\\Util::unwrapIfClosure(Object(Closure))
#23 C:\\laragon\\www\\lprosarc2\\vendor\\laravel\\framework\\src\\Illuminate\\Container\\BoundMethod.php(35): Illuminate\\Container\\BoundMethod::callBoundMethod(Object(Illuminate\\Foundation\\Application), Array, Object(Closure))
#24 C:\\laragon\\www\\lprosarc2\\vendor\\laravel\\framework\\src\\Illuminate\\Container\\Container.php(690): Illuminate\\Container\\BoundMethod::call(Object(Illuminate\\Foundation\\Application), Array, Array, NULL)
#25 C:\\laragon\\www\\lprosarc2\\vendor\\laravel\\framework\\src\\Illuminate\\Console\\Command.php(213): Illuminate\\Container\\Container->call(Array)
#26 C:\\laragon\\www\\lprosarc2\\vendor\\symfony\\console\\Command\\Command.php(279): Illuminate\\Console\\Command->execute(Object(Symfony\\Component\\Console\\Input\\ArgvInput), Object(Illuminate\\Console\\OutputStyle))
#27 C:\\laragon\\www\\lprosarc2\\vendor\\laravel\\framework\\src\\Illuminate\\Console\\Command.php(182): Symfony\\Component\\Console\\Command\\Command->run(Object(Symfony\\Component\\Console\\Input\\ArgvInput), Object(Illuminate\\Console\\OutputStyle))
#28 C:\\laragon\\www\\lprosarc2\\vendor\\symfony\\console\\Application.php(1047): Illuminate\\Console\\Command->run(Object(Symfony\\Component\\Console\\Input\\ArgvInput), Object(Symfony\\Component\\Console\\Output\\ConsoleOutput))
#29 C:\\laragon\\www\\lprosarc2\\vendor\\symfony\\console\\Application.php(316): Symfony\\Component\\Console\\Application->doRunCommand(Object(Illuminate\\Database\\Console\\Migrations\\MigrateCommand), Object(Symfony\\Component\\Console\\Input\\ArgvInput), Object(Symfony\\Component\\Console\\Output\\ConsoleOutput))
#30 C:\\laragon\\www\\lprosarc2\\vendor\\symfony\\console\\Application.php(167): Symfony\\Component\\Console\\Application->doRun(Object(Symfony\\Component\\Console\\Input\\ArgvInput), Object(Symfony\\Component\\Console\\Output\\ConsoleOutput))
#31 C:\\laragon\\www\\lprosarc2\\vendor\\laravel\\framework\\src\\Illuminate\\Foundation\\Console\\Kernel.php(197): Symfony\\Component\\Console\\Application->run(Object(Symfony\\Component\\Console\\Input\\ArgvInput), Object(Symfony\\Component\\Console\\Output\\ConsoleOutput))
#32 C:\\laragon\\www\\lprosarc2\\artisan(35): Illuminate\\Foundation\\Console\\Kernel->handle(Object(Symfony\\Component\\Console\\Input\\ArgvInput), Object(Symfony\\Component\\Console\\Output\\ConsoleOutput))
#33 {main}

[previous exception] [object] (PDOException(code: 42S21): SQLSTATE[42S21]: Column already exists: 1060 Duplicate column name 'CliDelete' at C:\\laragon\\www\\lprosarc2\\vendor\\laravel\\framework\\src\\Illuminate\\Database\\Connection.php:571)
[stacktrace]
#0 C:\\laragon\\www\\lprosarc2\\vendor\\laravel\\framework\\src\\Illuminate\\Database\\Connection.php(571): PDOStatement->execute()
#1 C:\\laragon\\www\\lprosarc2\\vendor\\laravel\\framework\\src\\Illuminate\\Database\\Connection.php(812): Illuminate\\Database\\Connection->Illuminate\\Database\\{closure}('alter table `cl...', Array)
#2 C:\\laragon\\www\\lprosarc2\\vendor\\laravel\\framework\\src\\Illuminate\\Database\\Connection.php(779): Illuminate\\Database\\Connection->runQueryCallback('alter table `cl...', Array, Object(Closure))
#3 C:\\laragon\\www\\lprosarc2\\vendor\\laravel\\framework\\src\\Illuminate\\Database\\Connection.php(560): Illuminate\\Database\\Connection->run('alter table `cl...', Array, Object(Closure))
#4 C:\\laragon\\www\\lprosarc2\\vendor\\laravel\\framework\\src\\Illuminate\\Database\\Schema\\Blueprint.php(117): Illuminate\\Database\\Connection->statement('alter table `cl...')
#5 C:\\laragon\\www\\lprosarc2\\vendor\\laravel\\framework\\src\\Illuminate\\Database\\Schema\\Builder.php(565): Illuminate\\Database\\Schema\\Blueprint->build(Object(Illuminate\\Database\\MySqlConnection), Object(Illuminate\\Database\\Schema\\Grammars\\MySqlGrammar))
#6 C:\\laragon\\www\\lprosarc2\\vendor\\laravel\\framework\\src\\Illuminate\\Database\\Schema\\Builder.php(407): Illuminate\\Database\\Schema\\Builder->build(Object(Illuminate\\Database\\Schema\\Blueprint))
#7 C:\\laragon\\www\\lprosarc2\\vendor\\laravel\\framework\\src\\Illuminate\\Support\\Facades\\Facade.php(357): Illuminate\\Database\\Schema\\Builder->table('clientes', Object(Closure))
#8 C:\\laragon\\www\\lprosarc2\\database\\migrations\\2019_03_12_120609_add_delete_and_drop_colum_clientes_table.php(16): Illuminate\\Support\\Facades\\Facade::__callStatic('table', Array)
#9 C:\\laragon\\www\\lprosarc2\\vendor\\laravel\\framework\\src\\Illuminate\\Database\\Migrations\\Migrator.php(475): AddDeleteAndDropColumClientesTable->up()
#10 C:\\laragon\\www\\lprosarc2\\vendor\\laravel\\framework\\src\\Illuminate\\Database\\Migrations\\Migrator.php(400): Illuminate\\Database\\Migrations\\Migrator->runMethod(Object(Illuminate\\Database\\MySqlConnection), Object(AddDeleteAndDropColumClientesTable), 'up')
#11 C:\\laragon\\www\\lprosarc2\\vendor\\laravel\\framework\\src\\Illuminate\\Database\\Migrations\\Migrator.php(409): Illuminate\\Database\\Migrations\\Migrator->Illuminate\\Database\\Migrations\\{closure}()
#12 C:\\laragon\\www\\lprosarc2\\vendor\\laravel\\framework\\src\\Illuminate\\Database\\Migrations\\Migrator.php(212): Illuminate\\Database\\Migrations\\Migrator->runMigration(Object(AddDeleteAndDropColumClientesTable), 'up')
#13 C:\\laragon\\www\\lprosarc2\\vendor\\laravel\\framework\\src\\Illuminate\\Console\\View\\Components\\Task.php(40): Illuminate\\Database\\Migrations\\Migrator->Illuminate\\Database\\Migrations\\{closure}()
#14 C:\\laragon\\www\\lprosarc2\\vendor\\laravel\\framework\\src\\Illuminate\\Database\\Migrations\\Migrator.php(736): Illuminate\\Console\\View\\Components\\Task->render('2019_03_12_1206...', Object(Closure))
#15 C:\\laragon\\www\\lprosarc2\\vendor\\laravel\\framework\\src\\Illuminate\\Database\\Migrations\\Migrator.php(212): Illuminate\\Database\\Migrations\\Migrator->write('Illuminate\\\\Cons...', '2019_03_12_1206...', Object(Closure))
#16 C:\\laragon\\www\\lprosarc2\\vendor\\laravel\\framework\\src\\Illuminate\\Database\\Migrations\\Migrator.php(179): Illuminate\\Database\\Migrations\\Migrator->runUp('C:\\\\laragon\\\\www\\\\...', 3, false)
#17 C:\\laragon\\www\\lprosarc2\\vendor\\laravel\\framework\\src\\Illuminate\\Database\\Migrations\\Migrator.php(122): Illuminate\\Database\\Migrations\\Migrator->runPending(Array, Array)
#18 C:\\laragon\\www\\lprosarc2\\vendor\\laravel\\framework\\src\\Illuminate\\Database\\Console\\Migrations\\MigrateCommand.php(116): Illuminate\\Database\\Migrations\\Migrator->run(Array, Array)
#19 C:\\laragon\\www\\lprosarc2\\vendor\\laravel\\framework\\src\\Illuminate\\Database\\Migrations\\Migrator.php(615): Illuminate\\Database\\Console\\Migrations\\MigrateCommand->Illuminate\\Database\\Console\\Migrations\\{closure}()
#20 C:\\laragon\\www\\lprosarc2\\vendor\\laravel\\framework\\src\\Illuminate\\Database\\Console\\Migrations\\MigrateCommand.php(109): Illuminate\\Database\\Migrations\\Migrator->usingConnection(NULL, Object(Closure))
#21 C:\\laragon\\www\\lprosarc2\\vendor\\laravel\\framework\\src\\Illuminate\\Database\\Console\\Migrations\\MigrateCommand.php(88): Illuminate\\Database\\Console\\Migrations\\MigrateCommand->runMigrations()
#22 C:\\laragon\\www\\lprosarc2\\vendor\\laravel\\framework\\src\\Illuminate\\Container\\BoundMethod.php(36): Illuminate\\Database\\Console\\Migrations\\MigrateCommand->handle()
#23 C:\\laragon\\www\\lprosarc2\\vendor\\laravel\\framework\\src\\Illuminate\\Container\\Util.php(41): Illuminate\\Container\\BoundMethod::Illuminate\\Container\\{closure}()
#24 C:\\laragon\\www\\lprosarc2\\vendor\\laravel\\framework\\src\\Illuminate\\Container\\BoundMethod.php(93): Illuminate\\Container\\Util::unwrapIfClosure(Object(Closure))
#25 C:\\laragon\\www\\lprosarc2\\vendor\\laravel\\framework\\src\\Illuminate\\Container\\BoundMethod.php(35): Illuminate\\Container\\BoundMethod::callBoundMethod(Object(Illuminate\\Foundation\\Application), Array, Object(Closure))
#26 C:\\laragon\\www\\lprosarc2\\vendor\\laravel\\framework\\src\\Illuminate\\Container\\Container.php(690): Illuminate\\Container\\BoundMethod::call(Object(Illuminate\\Foundation\\Application), Array, Array, NULL)
#27 C:\\laragon\\www\\lprosarc2\\vendor\\laravel\\framework\\src\\Illuminate\\Console\\Command.php(213): Illuminate\\Container\\Container->call(Array)
#28 C:\\laragon\\www\\lprosarc2\\vendor\\symfony\\console\\Command\\Command.php(279): Illuminate\\Console\\Command->execute(Object(Symfony\\Component\\Console\\Input\\ArgvInput), Object(Illuminate\\Console\\OutputStyle))
#29 C:\\laragon\\www\\lprosarc2\\vendor\\laravel\\framework\\src\\Illuminate\\Console\\Command.php(182): Symfony\\Component\\Console\\Command\\Command->run(Object(Symfony\\Component\\Console\\Input\\ArgvInput), Object(Illuminate\\Console\\OutputStyle))
#30 C:\\laragon\\www\\lprosarc2\\vendor\\symfony\\console\\Application.php(1047): Illuminate\\Console\\Command->run(Object(Symfony\\Component\\Console\\Input\\ArgvInput), Object(Symfony\\Component\\Console\\Output\\ConsoleOutput))
#31 C:\\laragon\\www\\lprosarc2\\vendor\\symfony\\console\\Application.php(316): Symfony\\Component\\Console\\Application->doRunCommand(Object(Illuminate\\Database\\Console\\Migrations\\MigrateCommand), Object(Symfony\\Component\\Console\\Input\\ArgvInput), Object(Symfony\\Component\\Console\\Output\\ConsoleOutput))
#32 C:\\laragon\\www\\lprosarc2\\vendor\\symfony\\console\\Application.php(167): Symfony\\Component\\Console\\Application->doRun(Object(Symfony\\Component\\Console\\Input\\ArgvInput), Object(Symfony\\Component\\Console\\Output\\ConsoleOutput))
#33 C:\\laragon\\www\\lprosarc2\\vendor\\laravel\\framework\\src\\Illuminate\\Foundation\\Console\\Kernel.php(197): Symfony\\Component\\Console\\Application->run(Object(Symfony\\Component\\Console\\Input\\ArgvInput), Object(Symfony\\Component\\Console\\Output\\ConsoleOutput))
#34 C:\\laragon\\www\\lprosarc2\\artisan(35): Illuminate\\Foundation\\Console\\Kernel->handle(Object(Symfony\\Component\\Console\\Input\\ArgvInput), Object(Symfony\\Component\\Console\\Output\\ConsoleOutput))
#35 {main}
"} 
[2025-08-06 14:11:01] local.ERROR: Method Illuminate\Database\Schema\Blueprint::unsignedDecimal does not exist. {"exception":"[object] (BadMethodCallException(code: 0): Method Illuminate\\Database\\Schema\\Blueprint::unsignedDecimal does not exist. at C:\\laragon\\www\\lprosarc2\\vendor\\laravel\\framework\\src\\Illuminate\\Macroable\\Traits\\Macroable.php:115)
[stacktrace]
#0 C:\\laragon\\www\\lprosarc2\\database\\migrations\\2019_03_29_082343_add_colums_solicitud_residuos_table.php(20): Illuminate\\Database\\Schema\\Blueprint->__call('unsignedDecimal', Array)
#1 C:\\laragon\\www\\lprosarc2\\vendor\\laravel\\framework\\src\\Illuminate\\Database\\Schema\\Blueprint.php(103): AddColumsSolicitudResiduosTable->{closure}(Object(Illuminate\\Database\\Schema\\Blueprint))
#2 [internal function]: Illuminate\\Database\\Schema\\Blueprint->__construct('solicitud_resid...', Object(Closure), '')
#3 C:\\laragon\\www\\lprosarc2\\vendor\\laravel\\framework\\src\\Illuminate\\Container\\Container.php(983): ReflectionClass->newInstanceArgs(Array)
#4 C:\\laragon\\www\\lprosarc2\\vendor\\laravel\\framework\\src\\Illuminate\\Container\\Container.php(815): Illuminate\\Container\\Container->build('Illuminate\\\\Data...')
#5 C:\\laragon\\www\\lprosarc2\\vendor\\laravel\\framework\\src\\Illuminate\\Foundation\\Application.php(1046): Illuminate\\Container\\Container->resolve('Illuminate\\\\Data...', Array, true)
#6 C:\\laragon\\www\\lprosarc2\\vendor\\laravel\\framework\\src\\Illuminate\\Container\\Container.php(751): Illuminate\\Foundation\\Application->resolve('Illuminate\\\\Data...', Array)
#7 C:\\laragon\\www\\lprosarc2\\vendor\\laravel\\framework\\src\\Illuminate\\Foundation\\Application.php(1028): Illuminate\\Container\\Container->make('Illuminate\\\\Data...', Array)
#8 C:\\laragon\\www\\lprosarc2\\vendor\\laravel\\framework\\src\\Illuminate\\Database\\Schema\\Builder.php(585): Illuminate\\Foundation\\Application->make('Illuminate\\\\Data...', Array)
#9 C:\\laragon\\www\\lprosarc2\\vendor\\laravel\\framework\\src\\Illuminate\\Database\\Schema\\Builder.php(407): Illuminate\\Database\\Schema\\Builder->createBlueprint('solicitud_resid...', Object(Closure))
#10 C:\\laragon\\www\\lprosarc2\\vendor\\laravel\\framework\\src\\Illuminate\\Support\\Facades\\Facade.php(357): Illuminate\\Database\\Schema\\Builder->table('solicitud_resid...', Object(Closure))
#11 C:\\laragon\\www\\lprosarc2\\database\\migrations\\2019_03_29_082343_add_colums_solicitud_residuos_table.php(16): Illuminate\\Support\\Facades\\Facade::__callStatic('table', Array)
#12 C:\\laragon\\www\\lprosarc2\\vendor\\laravel\\framework\\src\\Illuminate\\Database\\Migrations\\Migrator.php(475): AddColumsSolicitudResiduosTable->up()
#13 C:\\laragon\\www\\lprosarc2\\vendor\\laravel\\framework\\src\\Illuminate\\Database\\Migrations\\Migrator.php(400): Illuminate\\Database\\Migrations\\Migrator->runMethod(Object(Illuminate\\Database\\MySqlConnection), Object(AddColumsSolicitudResiduosTable), 'up')
#14 C:\\laragon\\www\\lprosarc2\\vendor\\laravel\\framework\\src\\Illuminate\\Database\\Migrations\\Migrator.php(409): Illuminate\\Database\\Migrations\\Migrator->Illuminate\\Database\\Migrations\\{closure}()
#15 C:\\laragon\\www\\lprosarc2\\vendor\\laravel\\framework\\src\\Illuminate\\Database\\Migrations\\Migrator.php(212): Illuminate\\Database\\Migrations\\Migrator->runMigration(Object(AddColumsSolicitudResiduosTable), 'up')
#16 C:\\laragon\\www\\lprosarc2\\vendor\\laravel\\framework\\src\\Illuminate\\Console\\View\\Components\\Task.php(40): Illuminate\\Database\\Migrations\\Migrator->Illuminate\\Database\\Migrations\\{closure}()
#17 C:\\laragon\\www\\lprosarc2\\vendor\\laravel\\framework\\src\\Illuminate\\Database\\Migrations\\Migrator.php(736): Illuminate\\Console\\View\\Components\\Task->render('2019_03_29_0823...', Object(Closure))
#18 C:\\laragon\\www\\lprosarc2\\vendor\\laravel\\framework\\src\\Illuminate\\Database\\Migrations\\Migrator.php(212): Illuminate\\Database\\Migrations\\Migrator->write('Illuminate\\\\Cons...', '2019_03_29_0823...', Object(Closure))
#19 C:\\laragon\\www\\lprosarc2\\vendor\\laravel\\framework\\src\\Illuminate\\Database\\Migrations\\Migrator.php(179): Illuminate\\Database\\Migrations\\Migrator->runUp('C:\\\\laragon\\\\www\\\\...', 1, false)
#20 C:\\laragon\\www\\lprosarc2\\vendor\\laravel\\framework\\src\\Illuminate\\Database\\Migrations\\Migrator.php(122): Illuminate\\Database\\Migrations\\Migrator->runPending(Array, Array)
#21 C:\\laragon\\www\\lprosarc2\\vendor\\laravel\\framework\\src\\Illuminate\\Database\\Console\\Migrations\\MigrateCommand.php(116): Illuminate\\Database\\Migrations\\Migrator->run(Array, Array)
#22 C:\\laragon\\www\\lprosarc2\\vendor\\laravel\\framework\\src\\Illuminate\\Database\\Migrations\\Migrator.php(615): Illuminate\\Database\\Console\\Migrations\\MigrateCommand->Illuminate\\Database\\Console\\Migrations\\{closure}()
#23 C:\\laragon\\www\\lprosarc2\\vendor\\laravel\\framework\\src\\Illuminate\\Database\\Console\\Migrations\\MigrateCommand.php(109): Illuminate\\Database\\Migrations\\Migrator->usingConnection(NULL, Object(Closure))
#24 C:\\laragon\\www\\lprosarc2\\vendor\\laravel\\framework\\src\\Illuminate\\Database\\Console\\Migrations\\MigrateCommand.php(88): Illuminate\\Database\\Console\\Migrations\\MigrateCommand->runMigrations()
#25 C:\\laragon\\www\\lprosarc2\\vendor\\laravel\\framework\\src\\Illuminate\\Container\\BoundMethod.php(36): Illuminate\\Database\\Console\\Migrations\\MigrateCommand->handle()
#26 C:\\laragon\\www\\lprosarc2\\vendor\\laravel\\framework\\src\\Illuminate\\Container\\Util.php(41): Illuminate\\Container\\BoundMethod::Illuminate\\Container\\{closure}()
#27 C:\\laragon\\www\\lprosarc2\\vendor\\laravel\\framework\\src\\Illuminate\\Container\\BoundMethod.php(93): Illuminate\\Container\\Util::unwrapIfClosure(Object(Closure))
#28 C:\\laragon\\www\\lprosarc2\\vendor\\laravel\\framework\\src\\Illuminate\\Container\\BoundMethod.php(35): Illuminate\\Container\\BoundMethod::callBoundMethod(Object(Illuminate\\Foundation\\Application), Array, Object(Closure))
#29 C:\\laragon\\www\\lprosarc2\\vendor\\laravel\\framework\\src\\Illuminate\\Container\\Container.php(690): Illuminate\\Container\\BoundMethod::call(Object(Illuminate\\Foundation\\Application), Array, Array, NULL)
#30 C:\\laragon\\www\\lprosarc2\\vendor\\laravel\\framework\\src\\Illuminate\\Console\\Command.php(213): Illuminate\\Container\\Container->call(Array)
#31 C:\\laragon\\www\\lprosarc2\\vendor\\symfony\\console\\Command\\Command.php(279): Illuminate\\Console\\Command->execute(Object(Symfony\\Component\\Console\\Input\\ArrayInput), Object(Illuminate\\Console\\OutputStyle))
#32 C:\\laragon\\www\\lprosarc2\\vendor\\laravel\\framework\\src\\Illuminate\\Console\\Command.php(182): Symfony\\Component\\Console\\Command\\Command->run(Object(Symfony\\Component\\Console\\Input\\ArrayInput), Object(Illuminate\\Console\\OutputStyle))
#33 C:\\laragon\\www\\lprosarc2\\vendor\\laravel\\framework\\src\\Illuminate\\Console\\Concerns\\CallsCommands.php(67): Illuminate\\Console\\Command->run(Object(Symfony\\Component\\Console\\Input\\ArrayInput), Object(Illuminate\\Console\\OutputStyle))
#34 C:\\laragon\\www\\lprosarc2\\vendor\\laravel\\framework\\src\\Illuminate\\Console\\Concerns\\CallsCommands.php(28): Illuminate\\Console\\Command->runCommand('migrate', Array, Object(Illuminate\\Console\\OutputStyle))
#35 C:\\laragon\\www\\lprosarc2\\vendor\\laravel\\framework\\src\\Illuminate\\Database\\Console\\Migrations\\FreshCommand.php(82): Illuminate\\Console\\Command->call('migrate', Array)
#36 C:\\laragon\\www\\lprosarc2\\vendor\\laravel\\framework\\src\\Illuminate\\Container\\BoundMethod.php(36): Illuminate\\Database\\Console\\Migrations\\FreshCommand->handle()
#37 C:\\laragon\\www\\lprosarc2\\vendor\\laravel\\framework\\src\\Illuminate\\Container\\Util.php(41): Illuminate\\Container\\BoundMethod::Illuminate\\Container\\{closure}()
#38 C:\\laragon\\www\\lprosarc2\\vendor\\laravel\\framework\\src\\Illuminate\\Container\\BoundMethod.php(93): Illuminate\\Container\\Util::unwrapIfClosure(Object(Closure))
#39 C:\\laragon\\www\\lprosarc2\\vendor\\laravel\\framework\\src\\Illuminate\\Container\\BoundMethod.php(35): Illuminate\\Container\\BoundMethod::callBoundMethod(Object(Illuminate\\Foundation\\Application), Array, Object(Closure))
#40 C:\\laragon\\www\\lprosarc2\\vendor\\laravel\\framework\\src\\Illuminate\\Container\\Container.php(690): Illuminate\\Container\\BoundMethod::call(Object(Illuminate\\Foundation\\Application), Array, Array, NULL)
#41 C:\\laragon\\www\\lprosarc2\\vendor\\laravel\\framework\\src\\Illuminate\\Console\\Command.php(213): Illuminate\\Container\\Container->call(Array)
#42 C:\\laragon\\www\\lprosarc2\\vendor\\symfony\\console\\Command\\Command.php(279): Illuminate\\Console\\Command->execute(Object(Symfony\\Component\\Console\\Input\\ArgvInput), Object(Illuminate\\Console\\OutputStyle))
#43 C:\\laragon\\www\\lprosarc2\\vendor\\laravel\\framework\\src\\Illuminate\\Console\\Command.php(182): Symfony\\Component\\Console\\Command\\Command->run(Object(Symfony\\Component\\Console\\Input\\ArgvInput), Object(Illuminate\\Console\\OutputStyle))
#44 C:\\laragon\\www\\lprosarc2\\vendor\\symfony\\console\\Application.php(1047): Illuminate\\Console\\Command->run(Object(Symfony\\Component\\Console\\Input\\ArgvInput), Object(Symfony\\Component\\Console\\Output\\ConsoleOutput))
#45 C:\\laragon\\www\\lprosarc2\\vendor\\symfony\\console\\Application.php(316): Symfony\\Component\\Console\\Application->doRunCommand(Object(Illuminate\\Database\\Console\\Migrations\\FreshCommand), Object(Symfony\\Component\\Console\\Input\\ArgvInput), Object(Symfony\\Component\\Console\\Output\\ConsoleOutput))
#46 C:\\laragon\\www\\lprosarc2\\vendor\\symfony\\console\\Application.php(167): Symfony\\Component\\Console\\Application->doRun(Object(Symfony\\Component\\Console\\Input\\ArgvInput), Object(Symfony\\Component\\Console\\Output\\ConsoleOutput))
#47 C:\\laragon\\www\\lprosarc2\\vendor\\laravel\\framework\\src\\Illuminate\\Foundation\\Console\\Kernel.php(197): Symfony\\Component\\Console\\Application->run(Object(Symfony\\Component\\Console\\Input\\ArgvInput), Object(Symfony\\Component\\Console\\Output\\ConsoleOutput))
#48 C:\\laragon\\www\\lprosarc2\\artisan(35): Illuminate\\Foundation\\Console\\Kernel->handle(Object(Symfony\\Component\\Console\\Input\\ArgvInput), Object(Symfony\\Component\\Console\\Output\\ConsoleOutput))
#49 {main}
"} 
[2025-08-06 14:11:33] local.ERROR: SQLSTATE[42S21]: Column already exists: 1060 Duplicate column name 'CliComercial' (Connection: mysql, SQL: alter table `clientes` add `CliComercial` int unsigned null) {"exception":"[object] (Illuminate\\Database\\QueryException(code: 42S21): SQLSTATE[42S21]: Column already exists: 1060 Duplicate column name 'CliComercial' (Connection: mysql, SQL: alter table `clientes` add `CliComercial` int unsigned null) at C:\\laragon\\www\\lprosarc2\\vendor\\laravel\\framework\\src\\Illuminate\\Database\\Connection.php:825)
[stacktrace]
#0 C:\\laragon\\www\\lprosarc2\\vendor\\laravel\\framework\\src\\Illuminate\\Database\\Connection.php(779): Illuminate\\Database\\Connection->runQueryCallback('alter table `cl...', Array, Object(Closure))
#1 C:\\laragon\\www\\lprosarc2\\vendor\\laravel\\framework\\src\\Illuminate\\Database\\Connection.php(560): Illuminate\\Database\\Connection->run('alter table `cl...', Array, Object(Closure))
#2 C:\\laragon\\www\\lprosarc2\\vendor\\laravel\\framework\\src\\Illuminate\\Database\\Schema\\Blueprint.php(117): Illuminate\\Database\\Connection->statement('alter table `cl...')
#3 C:\\laragon\\www\\lprosarc2\\vendor\\laravel\\framework\\src\\Illuminate\\Database\\Schema\\Builder.php(565): Illuminate\\Database\\Schema\\Blueprint->build(Object(Illuminate\\Database\\MySqlConnection), Object(Illuminate\\Database\\Schema\\Grammars\\MySqlGrammar))
#4 C:\\laragon\\www\\lprosarc2\\vendor\\laravel\\framework\\src\\Illuminate\\Database\\Schema\\Builder.php(407): Illuminate\\Database\\Schema\\Builder->build(Object(Illuminate\\Database\\Schema\\Blueprint))
#5 C:\\laragon\\www\\lprosarc2\\vendor\\laravel\\framework\\src\\Illuminate\\Support\\Facades\\Facade.php(357): Illuminate\\Database\\Schema\\Builder->table('clientes', Object(Closure))
#6 C:\\laragon\\www\\lprosarc2\\database\\migrations\\2019_07_23_082954_add_column_clientes_table.php(16): Illuminate\\Support\\Facades\\Facade::__callStatic('table', Array)
#7 C:\\laragon\\www\\lprosarc2\\vendor\\laravel\\framework\\src\\Illuminate\\Database\\Migrations\\Migrator.php(475): AddColumnClientesTable->up()
#8 C:\\laragon\\www\\lprosarc2\\vendor\\laravel\\framework\\src\\Illuminate\\Database\\Migrations\\Migrator.php(400): Illuminate\\Database\\Migrations\\Migrator->runMethod(Object(Illuminate\\Database\\MySqlConnection), Object(AddColumnClientesTable), 'up')
#9 C:\\laragon\\www\\lprosarc2\\vendor\\laravel\\framework\\src\\Illuminate\\Database\\Migrations\\Migrator.php(409): Illuminate\\Database\\Migrations\\Migrator->Illuminate\\Database\\Migrations\\{closure}()
#10 C:\\laragon\\www\\lprosarc2\\vendor\\laravel\\framework\\src\\Illuminate\\Database\\Migrations\\Migrator.php(212): Illuminate\\Database\\Migrations\\Migrator->runMigration(Object(AddColumnClientesTable), 'up')
#11 C:\\laragon\\www\\lprosarc2\\vendor\\laravel\\framework\\src\\Illuminate\\Console\\View\\Components\\Task.php(40): Illuminate\\Database\\Migrations\\Migrator->Illuminate\\Database\\Migrations\\{closure}()
#12 C:\\laragon\\www\\lprosarc2\\vendor\\laravel\\framework\\src\\Illuminate\\Database\\Migrations\\Migrator.php(736): Illuminate\\Console\\View\\Components\\Task->render('2019_07_23_0829...', Object(Closure))
#13 C:\\laragon\\www\\lprosarc2\\vendor\\laravel\\framework\\src\\Illuminate\\Database\\Migrations\\Migrator.php(212): Illuminate\\Database\\Migrations\\Migrator->write('Illuminate\\\\Cons...', '2019_07_23_0829...', Object(Closure))
#14 C:\\laragon\\www\\lprosarc2\\vendor\\laravel\\framework\\src\\Illuminate\\Database\\Migrations\\Migrator.php(179): Illuminate\\Database\\Migrations\\Migrator->runUp('C:\\\\laragon\\\\www\\\\...', 2, false)
#15 C:\\laragon\\www\\lprosarc2\\vendor\\laravel\\framework\\src\\Illuminate\\Database\\Migrations\\Migrator.php(122): Illuminate\\Database\\Migrations\\Migrator->runPending(Array, Array)
#16 C:\\laragon\\www\\lprosarc2\\vendor\\laravel\\framework\\src\\Illuminate\\Database\\Console\\Migrations\\MigrateCommand.php(116): Illuminate\\Database\\Migrations\\Migrator->run(Array, Array)
#17 C:\\laragon\\www\\lprosarc2\\vendor\\laravel\\framework\\src\\Illuminate\\Database\\Migrations\\Migrator.php(615): Illuminate\\Database\\Console\\Migrations\\MigrateCommand->Illuminate\\Database\\Console\\Migrations\\{closure}()
#18 C:\\laragon\\www\\lprosarc2\\vendor\\laravel\\framework\\src\\Illuminate\\Database\\Console\\Migrations\\MigrateCommand.php(109): Illuminate\\Database\\Migrations\\Migrator->usingConnection(NULL, Object(Closure))
#19 C:\\laragon\\www\\lprosarc2\\vendor\\laravel\\framework\\src\\Illuminate\\Database\\Console\\Migrations\\MigrateCommand.php(88): Illuminate\\Database\\Console\\Migrations\\MigrateCommand->runMigrations()
#20 C:\\laragon\\www\\lprosarc2\\vendor\\laravel\\framework\\src\\Illuminate\\Container\\BoundMethod.php(36): Illuminate\\Database\\Console\\Migrations\\MigrateCommand->handle()
#21 C:\\laragon\\www\\lprosarc2\\vendor\\laravel\\framework\\src\\Illuminate\\Container\\Util.php(41): Illuminate\\Container\\BoundMethod::Illuminate\\Container\\{closure}()
#22 C:\\laragon\\www\\lprosarc2\\vendor\\laravel\\framework\\src\\Illuminate\\Container\\BoundMethod.php(93): Illuminate\\Container\\Util::unwrapIfClosure(Object(Closure))
#23 C:\\laragon\\www\\lprosarc2\\vendor\\laravel\\framework\\src\\Illuminate\\Container\\BoundMethod.php(35): Illuminate\\Container\\BoundMethod::callBoundMethod(Object(Illuminate\\Foundation\\Application), Array, Object(Closure))
#24 C:\\laragon\\www\\lprosarc2\\vendor\\laravel\\framework\\src\\Illuminate\\Container\\Container.php(690): Illuminate\\Container\\BoundMethod::call(Object(Illuminate\\Foundation\\Application), Array, Array, NULL)
#25 C:\\laragon\\www\\lprosarc2\\vendor\\laravel\\framework\\src\\Illuminate\\Console\\Command.php(213): Illuminate\\Container\\Container->call(Array)
#26 C:\\laragon\\www\\lprosarc2\\vendor\\symfony\\console\\Command\\Command.php(279): Illuminate\\Console\\Command->execute(Object(Symfony\\Component\\Console\\Input\\ArgvInput), Object(Illuminate\\Console\\OutputStyle))
#27 C:\\laragon\\www\\lprosarc2\\vendor\\laravel\\framework\\src\\Illuminate\\Console\\Command.php(182): Symfony\\Component\\Console\\Command\\Command->run(Object(Symfony\\Component\\Console\\Input\\ArgvInput), Object(Illuminate\\Console\\OutputStyle))
#28 C:\\laragon\\www\\lprosarc2\\vendor\\symfony\\console\\Application.php(1047): Illuminate\\Console\\Command->run(Object(Symfony\\Component\\Console\\Input\\ArgvInput), Object(Symfony\\Component\\Console\\Output\\ConsoleOutput))
#29 C:\\laragon\\www\\lprosarc2\\vendor\\symfony\\console\\Application.php(316): Symfony\\Component\\Console\\Application->doRunCommand(Object(Illuminate\\Database\\Console\\Migrations\\MigrateCommand), Object(Symfony\\Component\\Console\\Input\\ArgvInput), Object(Symfony\\Component\\Console\\Output\\ConsoleOutput))
#30 C:\\laragon\\www\\lprosarc2\\vendor\\symfony\\console\\Application.php(167): Symfony\\Component\\Console\\Application->doRun(Object(Symfony\\Component\\Console\\Input\\ArgvInput), Object(Symfony\\Component\\Console\\Output\\ConsoleOutput))
#31 C:\\laragon\\www\\lprosarc2\\vendor\\laravel\\framework\\src\\Illuminate\\Foundation\\Console\\Kernel.php(197): Symfony\\Component\\Console\\Application->run(Object(Symfony\\Component\\Console\\Input\\ArgvInput), Object(Symfony\\Component\\Console\\Output\\ConsoleOutput))
#32 C:\\laragon\\www\\lprosarc2\\artisan(35): Illuminate\\Foundation\\Console\\Kernel->handle(Object(Symfony\\Component\\Console\\Input\\ArgvInput), Object(Symfony\\Component\\Console\\Output\\ConsoleOutput))
#33 {main}

[previous exception] [object] (PDOException(code: 42S21): SQLSTATE[42S21]: Column already exists: 1060 Duplicate column name 'CliComercial' at C:\\laragon\\www\\lprosarc2\\vendor\\laravel\\framework\\src\\Illuminate\\Database\\Connection.php:571)
[stacktrace]
#0 C:\\laragon\\www\\lprosarc2\\vendor\\laravel\\framework\\src\\Illuminate\\Database\\Connection.php(571): PDOStatement->execute()
#1 C:\\laragon\\www\\lprosarc2\\vendor\\laravel\\framework\\src\\Illuminate\\Database\\Connection.php(812): Illuminate\\Database\\Connection->Illuminate\\Database\\{closure}('alter table `cl...', Array)
#2 C:\\laragon\\www\\lprosarc2\\vendor\\laravel\\framework\\src\\Illuminate\\Database\\Connection.php(779): Illuminate\\Database\\Connection->runQueryCallback('alter table `cl...', Array, Object(Closure))
#3 C:\\laragon\\www\\lprosarc2\\vendor\\laravel\\framework\\src\\Illuminate\\Database\\Connection.php(560): Illuminate\\Database\\Connection->run('alter table `cl...', Array, Object(Closure))
#4 C:\\laragon\\www\\lprosarc2\\vendor\\laravel\\framework\\src\\Illuminate\\Database\\Schema\\Blueprint.php(117): Illuminate\\Database\\Connection->statement('alter table `cl...')
#5 C:\\laragon\\www\\lprosarc2\\vendor\\laravel\\framework\\src\\Illuminate\\Database\\Schema\\Builder.php(565): Illuminate\\Database\\Schema\\Blueprint->build(Object(Illuminate\\Database\\MySqlConnection), Object(Illuminate\\Database\\Schema\\Grammars\\MySqlGrammar))
#6 C:\\laragon\\www\\lprosarc2\\vendor\\laravel\\framework\\src\\Illuminate\\Database\\Schema\\Builder.php(407): Illuminate\\Database\\Schema\\Builder->build(Object(Illuminate\\Database\\Schema\\Blueprint))
#7 C:\\laragon\\www\\lprosarc2\\vendor\\laravel\\framework\\src\\Illuminate\\Support\\Facades\\Facade.php(357): Illuminate\\Database\\Schema\\Builder->table('clientes', Object(Closure))
#8 C:\\laragon\\www\\lprosarc2\\database\\migrations\\2019_07_23_082954_add_column_clientes_table.php(16): Illuminate\\Support\\Facades\\Facade::__callStatic('table', Array)
#9 C:\\laragon\\www\\lprosarc2\\vendor\\laravel\\framework\\src\\Illuminate\\Database\\Migrations\\Migrator.php(475): AddColumnClientesTable->up()
#10 C:\\laragon\\www\\lprosarc2\\vendor\\laravel\\framework\\src\\Illuminate\\Database\\Migrations\\Migrator.php(400): Illuminate\\Database\\Migrations\\Migrator->runMethod(Object(Illuminate\\Database\\MySqlConnection), Object(AddColumnClientesTable), 'up')
#11 C:\\laragon\\www\\lprosarc2\\vendor\\laravel\\framework\\src\\Illuminate\\Database\\Migrations\\Migrator.php(409): Illuminate\\Database\\Migrations\\Migrator->Illuminate\\Database\\Migrations\\{closure}()
#12 C:\\laragon\\www\\lprosarc2\\vendor\\laravel\\framework\\src\\Illuminate\\Database\\Migrations\\Migrator.php(212): Illuminate\\Database\\Migrations\\Migrator->runMigration(Object(AddColumnClientesTable), 'up')
#13 C:\\laragon\\www\\lprosarc2\\vendor\\laravel\\framework\\src\\Illuminate\\Console\\View\\Components\\Task.php(40): Illuminate\\Database\\Migrations\\Migrator->Illuminate\\Database\\Migrations\\{closure}()
#14 C:\\laragon\\www\\lprosarc2\\vendor\\laravel\\framework\\src\\Illuminate\\Database\\Migrations\\Migrator.php(736): Illuminate\\Console\\View\\Components\\Task->render('2019_07_23_0829...', Object(Closure))
#15 C:\\laragon\\www\\lprosarc2\\vendor\\laravel\\framework\\src\\Illuminate\\Database\\Migrations\\Migrator.php(212): Illuminate\\Database\\Migrations\\Migrator->write('Illuminate\\\\Cons...', '2019_07_23_0829...', Object(Closure))
#16 C:\\laragon\\www\\lprosarc2\\vendor\\laravel\\framework\\src\\Illuminate\\Database\\Migrations\\Migrator.php(179): Illuminate\\Database\\Migrations\\Migrator->runUp('C:\\\\laragon\\\\www\\\\...', 2, false)
#17 C:\\laragon\\www\\lprosarc2\\vendor\\laravel\\framework\\src\\Illuminate\\Database\\Migrations\\Migrator.php(122): Illuminate\\Database\\Migrations\\Migrator->runPending(Array, Array)
#18 C:\\laragon\\www\\lprosarc2\\vendor\\laravel\\framework\\src\\Illuminate\\Database\\Console\\Migrations\\MigrateCommand.php(116): Illuminate\\Database\\Migrations\\Migrator->run(Array, Array)
#19 C:\\laragon\\www\\lprosarc2\\vendor\\laravel\\framework\\src\\Illuminate\\Database\\Migrations\\Migrator.php(615): Illuminate\\Database\\Console\\Migrations\\MigrateCommand->Illuminate\\Database\\Console\\Migrations\\{closure}()
#20 C:\\laragon\\www\\lprosarc2\\vendor\\laravel\\framework\\src\\Illuminate\\Database\\Console\\Migrations\\MigrateCommand.php(109): Illuminate\\Database\\Migrations\\Migrator->usingConnection(NULL, Object(Closure))
#21 C:\\laragon\\www\\lprosarc2\\vendor\\laravel\\framework\\src\\Illuminate\\Database\\Console\\Migrations\\MigrateCommand.php(88): Illuminate\\Database\\Console\\Migrations\\MigrateCommand->runMigrations()
#22 C:\\laragon\\www\\lprosarc2\\vendor\\laravel\\framework\\src\\Illuminate\\Container\\BoundMethod.php(36): Illuminate\\Database\\Console\\Migrations\\MigrateCommand->handle()
#23 C:\\laragon\\www\\lprosarc2\\vendor\\laravel\\framework\\src\\Illuminate\\Container\\Util.php(41): Illuminate\\Container\\BoundMethod::Illuminate\\Container\\{closure}()
#24 C:\\laragon\\www\\lprosarc2\\vendor\\laravel\\framework\\src\\Illuminate\\Container\\BoundMethod.php(93): Illuminate\\Container\\Util::unwrapIfClosure(Object(Closure))
#25 C:\\laragon\\www\\lprosarc2\\vendor\\laravel\\framework\\src\\Illuminate\\Container\\BoundMethod.php(35): Illuminate\\Container\\BoundMethod::callBoundMethod(Object(Illuminate\\Foundation\\Application), Array, Object(Closure))
#26 C:\\laragon\\www\\lprosarc2\\vendor\\laravel\\framework\\src\\Illuminate\\Container\\Container.php(690): Illuminate\\Container\\BoundMethod::call(Object(Illuminate\\Foundation\\Application), Array, Array, NULL)
#27 C:\\laragon\\www\\lprosarc2\\vendor\\laravel\\framework\\src\\Illuminate\\Console\\Command.php(213): Illuminate\\Container\\Container->call(Array)
#28 C:\\laragon\\www\\lprosarc2\\vendor\\symfony\\console\\Command\\Command.php(279): Illuminate\\Console\\Command->execute(Object(Symfony\\Component\\Console\\Input\\ArgvInput), Object(Illuminate\\Console\\OutputStyle))
#29 C:\\laragon\\www\\lprosarc2\\vendor\\laravel\\framework\\src\\Illuminate\\Console\\Command.php(182): Symfony\\Component\\Console\\Command\\Command->run(Object(Symfony\\Component\\Console\\Input\\ArgvInput), Object(Illuminate\\Console\\OutputStyle))
#30 C:\\laragon\\www\\lprosarc2\\vendor\\symfony\\console\\Application.php(1047): Illuminate\\Console\\Command->run(Object(Symfony\\Component\\Console\\Input\\ArgvInput), Object(Symfony\\Component\\Console\\Output\\ConsoleOutput))
#31 C:\\laragon\\www\\lprosarc2\\vendor\\symfony\\console\\Application.php(316): Symfony\\Component\\Console\\Application->doRunCommand(Object(Illuminate\\Database\\Console\\Migrations\\MigrateCommand), Object(Symfony\\Component\\Console\\Input\\ArgvInput), Object(Symfony\\Component\\Console\\Output\\ConsoleOutput))
#32 C:\\laragon\\www\\lprosarc2\\vendor\\symfony\\console\\Application.php(167): Symfony\\Component\\Console\\Application->doRun(Object(Symfony\\Component\\Console\\Input\\ArgvInput), Object(Symfony\\Component\\Console\\Output\\ConsoleOutput))
#33 C:\\laragon\\www\\lprosarc2\\vendor\\laravel\\framework\\src\\Illuminate\\Foundation\\Console\\Kernel.php(197): Symfony\\Component\\Console\\Application->run(Object(Symfony\\Component\\Console\\Input\\ArgvInput), Object(Symfony\\Component\\Console\\Output\\ConsoleOutput))
#34 C:\\laragon\\www\\lprosarc2\\artisan(35): Illuminate\\Foundation\\Console\\Kernel->handle(Object(Symfony\\Component\\Console\\Input\\ArgvInput), Object(Symfony\\Component\\Console\\Output\\ConsoleOutput))
#35 {main}
"} 
[2025-08-06 14:12:09] local.ERROR: SQLSTATE[42S21]: Column already exists: 1060 Duplicate column name 'CliComercial' (Connection: mysql, SQL: alter table `clientes` add `CliComercial` int unsigned null) {"exception":"[object] (Illuminate\\Database\\QueryException(code: 42S21): SQLSTATE[42S21]: Column already exists: 1060 Duplicate column name 'CliComercial' (Connection: mysql, SQL: alter table `clientes` add `CliComercial` int unsigned null) at C:\\laragon\\www\\lprosarc2\\vendor\\laravel\\framework\\src\\Illuminate\\Database\\Connection.php:825)
[stacktrace]
#0 C:\\laragon\\www\\lprosarc2\\vendor\\laravel\\framework\\src\\Illuminate\\Database\\Connection.php(779): Illuminate\\Database\\Connection->runQueryCallback('alter table `cl...', Array, Object(Closure))
#1 C:\\laragon\\www\\lprosarc2\\vendor\\laravel\\framework\\src\\Illuminate\\Database\\Connection.php(560): Illuminate\\Database\\Connection->run('alter table `cl...', Array, Object(Closure))
#2 C:\\laragon\\www\\lprosarc2\\vendor\\laravel\\framework\\src\\Illuminate\\Database\\Schema\\Blueprint.php(117): Illuminate\\Database\\Connection->statement('alter table `cl...')
#3 C:\\laragon\\www\\lprosarc2\\vendor\\laravel\\framework\\src\\Illuminate\\Database\\Schema\\Builder.php(565): Illuminate\\Database\\Schema\\Blueprint->build(Object(Illuminate\\Database\\MySqlConnection), Object(Illuminate\\Database\\Schema\\Grammars\\MySqlGrammar))
#4 C:\\laragon\\www\\lprosarc2\\vendor\\laravel\\framework\\src\\Illuminate\\Database\\Schema\\Builder.php(407): Illuminate\\Database\\Schema\\Builder->build(Object(Illuminate\\Database\\Schema\\Blueprint))
#5 C:\\laragon\\www\\lprosarc2\\vendor\\laravel\\framework\\src\\Illuminate\\Support\\Facades\\Facade.php(357): Illuminate\\Database\\Schema\\Builder->table('clientes', Object(Closure))
#6 C:\\laragon\\www\\lprosarc2\\database\\migrations\\2019_07_23_082954_add_column_clientes_table.php(16): Illuminate\\Support\\Facades\\Facade::__callStatic('table', Array)
#7 C:\\laragon\\www\\lprosarc2\\vendor\\laravel\\framework\\src\\Illuminate\\Database\\Migrations\\Migrator.php(475): AddColumnClientesTable->up()
#8 C:\\laragon\\www\\lprosarc2\\vendor\\laravel\\framework\\src\\Illuminate\\Database\\Migrations\\Migrator.php(400): Illuminate\\Database\\Migrations\\Migrator->runMethod(Object(Illuminate\\Database\\MySqlConnection), Object(AddColumnClientesTable), 'up')
#9 C:\\laragon\\www\\lprosarc2\\vendor\\laravel\\framework\\src\\Illuminate\\Database\\Migrations\\Migrator.php(409): Illuminate\\Database\\Migrations\\Migrator->Illuminate\\Database\\Migrations\\{closure}()
#10 C:\\laragon\\www\\lprosarc2\\vendor\\laravel\\framework\\src\\Illuminate\\Database\\Migrations\\Migrator.php(212): Illuminate\\Database\\Migrations\\Migrator->runMigration(Object(AddColumnClientesTable), 'up')
#11 C:\\laragon\\www\\lprosarc2\\vendor\\laravel\\framework\\src\\Illuminate\\Console\\View\\Components\\Task.php(40): Illuminate\\Database\\Migrations\\Migrator->Illuminate\\Database\\Migrations\\{closure}()
#12 C:\\laragon\\www\\lprosarc2\\vendor\\laravel\\framework\\src\\Illuminate\\Database\\Migrations\\Migrator.php(736): Illuminate\\Console\\View\\Components\\Task->render('2019_07_23_0829...', Object(Closure))
#13 C:\\laragon\\www\\lprosarc2\\vendor\\laravel\\framework\\src\\Illuminate\\Database\\Migrations\\Migrator.php(212): Illuminate\\Database\\Migrations\\Migrator->write('Illuminate\\\\Cons...', '2019_07_23_0829...', Object(Closure))
#14 C:\\laragon\\www\\lprosarc2\\vendor\\laravel\\framework\\src\\Illuminate\\Database\\Migrations\\Migrator.php(179): Illuminate\\Database\\Migrations\\Migrator->runUp('C:\\\\laragon\\\\www\\\\...', 3, false)
#15 C:\\laragon\\www\\lprosarc2\\vendor\\laravel\\framework\\src\\Illuminate\\Database\\Migrations\\Migrator.php(122): Illuminate\\Database\\Migrations\\Migrator->runPending(Array, Array)
#16 C:\\laragon\\www\\lprosarc2\\vendor\\laravel\\framework\\src\\Illuminate\\Database\\Console\\Migrations\\MigrateCommand.php(116): Illuminate\\Database\\Migrations\\Migrator->run(Array, Array)
#17 C:\\laragon\\www\\lprosarc2\\vendor\\laravel\\framework\\src\\Illuminate\\Database\\Migrations\\Migrator.php(615): Illuminate\\Database\\Console\\Migrations\\MigrateCommand->Illuminate\\Database\\Console\\Migrations\\{closure}()
#18 C:\\laragon\\www\\lprosarc2\\vendor\\laravel\\framework\\src\\Illuminate\\Database\\Console\\Migrations\\MigrateCommand.php(109): Illuminate\\Database\\Migrations\\Migrator->usingConnection(NULL, Object(Closure))
#19 C:\\laragon\\www\\lprosarc2\\vendor\\laravel\\framework\\src\\Illuminate\\Database\\Console\\Migrations\\MigrateCommand.php(88): Illuminate\\Database\\Console\\Migrations\\MigrateCommand->runMigrations()
#20 C:\\laragon\\www\\lprosarc2\\vendor\\laravel\\framework\\src\\Illuminate\\Container\\BoundMethod.php(36): Illuminate\\Database\\Console\\Migrations\\MigrateCommand->handle()
#21 C:\\laragon\\www\\lprosarc2\\vendor\\laravel\\framework\\src\\Illuminate\\Container\\Util.php(41): Illuminate\\Container\\BoundMethod::Illuminate\\Container\\{closure}()
#22 C:\\laragon\\www\\lprosarc2\\vendor\\laravel\\framework\\src\\Illuminate\\Container\\BoundMethod.php(93): Illuminate\\Container\\Util::unwrapIfClosure(Object(Closure))
#23 C:\\laragon\\www\\lprosarc2\\vendor\\laravel\\framework\\src\\Illuminate\\Container\\BoundMethod.php(35): Illuminate\\Container\\BoundMethod::callBoundMethod(Object(Illuminate\\Foundation\\Application), Array, Object(Closure))
#24 C:\\laragon\\www\\lprosarc2\\vendor\\laravel\\framework\\src\\Illuminate\\Container\\Container.php(690): Illuminate\\Container\\BoundMethod::call(Object(Illuminate\\Foundation\\Application), Array, Array, NULL)
#25 C:\\laragon\\www\\lprosarc2\\vendor\\laravel\\framework\\src\\Illuminate\\Console\\Command.php(213): Illuminate\\Container\\Container->call(Array)
#26 C:\\laragon\\www\\lprosarc2\\vendor\\symfony\\console\\Command\\Command.php(279): Illuminate\\Console\\Command->execute(Object(Symfony\\Component\\Console\\Input\\ArgvInput), Object(Illuminate\\Console\\OutputStyle))
#27 C:\\laragon\\www\\lprosarc2\\vendor\\laravel\\framework\\src\\Illuminate\\Console\\Command.php(182): Symfony\\Component\\Console\\Command\\Command->run(Object(Symfony\\Component\\Console\\Input\\ArgvInput), Object(Illuminate\\Console\\OutputStyle))
#28 C:\\laragon\\www\\lprosarc2\\vendor\\symfony\\console\\Application.php(1047): Illuminate\\Console\\Command->run(Object(Symfony\\Component\\Console\\Input\\ArgvInput), Object(Symfony\\Component\\Console\\Output\\ConsoleOutput))
#29 C:\\laragon\\www\\lprosarc2\\vendor\\symfony\\console\\Application.php(316): Symfony\\Component\\Console\\Application->doRunCommand(Object(Illuminate\\Database\\Console\\Migrations\\MigrateCommand), Object(Symfony\\Component\\Console\\Input\\ArgvInput), Object(Symfony\\Component\\Console\\Output\\ConsoleOutput))
#30 C:\\laragon\\www\\lprosarc2\\vendor\\symfony\\console\\Application.php(167): Symfony\\Component\\Console\\Application->doRun(Object(Symfony\\Component\\Console\\Input\\ArgvInput), Object(Symfony\\Component\\Console\\Output\\ConsoleOutput))
#31 C:\\laragon\\www\\lprosarc2\\vendor\\laravel\\framework\\src\\Illuminate\\Foundation\\Console\\Kernel.php(197): Symfony\\Component\\Console\\Application->run(Object(Symfony\\Component\\Console\\Input\\ArgvInput), Object(Symfony\\Component\\Console\\Output\\ConsoleOutput))
#32 C:\\laragon\\www\\lprosarc2\\artisan(35): Illuminate\\Foundation\\Console\\Kernel->handle(Object(Symfony\\Component\\Console\\Input\\ArgvInput), Object(Symfony\\Component\\Console\\Output\\ConsoleOutput))
#33 {main}

[previous exception] [object] (PDOException(code: 42S21): SQLSTATE[42S21]: Column already exists: 1060 Duplicate column name 'CliComercial' at C:\\laragon\\www\\lprosarc2\\vendor\\laravel\\framework\\src\\Illuminate\\Database\\Connection.php:571)
[stacktrace]
#0 C:\\laragon\\www\\lprosarc2\\vendor\\laravel\\framework\\src\\Illuminate\\Database\\Connection.php(571): PDOStatement->execute()
#1 C:\\laragon\\www\\lprosarc2\\vendor\\laravel\\framework\\src\\Illuminate\\Database\\Connection.php(812): Illuminate\\Database\\Connection->Illuminate\\Database\\{closure}('alter table `cl...', Array)
#2 C:\\laragon\\www\\lprosarc2\\vendor\\laravel\\framework\\src\\Illuminate\\Database\\Connection.php(779): Illuminate\\Database\\Connection->runQueryCallback('alter table `cl...', Array, Object(Closure))
#3 C:\\laragon\\www\\lprosarc2\\vendor\\laravel\\framework\\src\\Illuminate\\Database\\Connection.php(560): Illuminate\\Database\\Connection->run('alter table `cl...', Array, Object(Closure))
#4 C:\\laragon\\www\\lprosarc2\\vendor\\laravel\\framework\\src\\Illuminate\\Database\\Schema\\Blueprint.php(117): Illuminate\\Database\\Connection->statement('alter table `cl...')
#5 C:\\laragon\\www\\lprosarc2\\vendor\\laravel\\framework\\src\\Illuminate\\Database\\Schema\\Builder.php(565): Illuminate\\Database\\Schema\\Blueprint->build(Object(Illuminate\\Database\\MySqlConnection), Object(Illuminate\\Database\\Schema\\Grammars\\MySqlGrammar))
#6 C:\\laragon\\www\\lprosarc2\\vendor\\laravel\\framework\\src\\Illuminate\\Database\\Schema\\Builder.php(407): Illuminate\\Database\\Schema\\Builder->build(Object(Illuminate\\Database\\Schema\\Blueprint))
#7 C:\\laragon\\www\\lprosarc2\\vendor\\laravel\\framework\\src\\Illuminate\\Support\\Facades\\Facade.php(357): Illuminate\\Database\\Schema\\Builder->table('clientes', Object(Closure))
#8 C:\\laragon\\www\\lprosarc2\\database\\migrations\\2019_07_23_082954_add_column_clientes_table.php(16): Illuminate\\Support\\Facades\\Facade::__callStatic('table', Array)
#9 C:\\laragon\\www\\lprosarc2\\vendor\\laravel\\framework\\src\\Illuminate\\Database\\Migrations\\Migrator.php(475): AddColumnClientesTable->up()
#10 C:\\laragon\\www\\lprosarc2\\vendor\\laravel\\framework\\src\\Illuminate\\Database\\Migrations\\Migrator.php(400): Illuminate\\Database\\Migrations\\Migrator->runMethod(Object(Illuminate\\Database\\MySqlConnection), Object(AddColumnClientesTable), 'up')
#11 C:\\laragon\\www\\lprosarc2\\vendor\\laravel\\framework\\src\\Illuminate\\Database\\Migrations\\Migrator.php(409): Illuminate\\Database\\Migrations\\Migrator->Illuminate\\Database\\Migrations\\{closure}()
#12 C:\\laragon\\www\\lprosarc2\\vendor\\laravel\\framework\\src\\Illuminate\\Database\\Migrations\\Migrator.php(212): Illuminate\\Database\\Migrations\\Migrator->runMigration(Object(AddColumnClientesTable), 'up')
#13 C:\\laragon\\www\\lprosarc2\\vendor\\laravel\\framework\\src\\Illuminate\\Console\\View\\Components\\Task.php(40): Illuminate\\Database\\Migrations\\Migrator->Illuminate\\Database\\Migrations\\{closure}()
#14 C:\\laragon\\www\\lprosarc2\\vendor\\laravel\\framework\\src\\Illuminate\\Database\\Migrations\\Migrator.php(736): Illuminate\\Console\\View\\Components\\Task->render('2019_07_23_0829...', Object(Closure))
#15 C:\\laragon\\www\\lprosarc2\\vendor\\laravel\\framework\\src\\Illuminate\\Database\\Migrations\\Migrator.php(212): Illuminate\\Database\\Migrations\\Migrator->write('Illuminate\\\\Cons...', '2019_07_23_0829...', Object(Closure))
#16 C:\\laragon\\www\\lprosarc2\\vendor\\laravel\\framework\\src\\Illuminate\\Database\\Migrations\\Migrator.php(179): Illuminate\\Database\\Migrations\\Migrator->runUp('C:\\\\laragon\\\\www\\\\...', 3, false)
#17 C:\\laragon\\www\\lprosarc2\\vendor\\laravel\\framework\\src\\Illuminate\\Database\\Migrations\\Migrator.php(122): Illuminate\\Database\\Migrations\\Migrator->runPending(Array, Array)
#18 C:\\laragon\\www\\lprosarc2\\vendor\\laravel\\framework\\src\\Illuminate\\Database\\Console\\Migrations\\MigrateCommand.php(116): Illuminate\\Database\\Migrations\\Migrator->run(Array, Array)
#19 C:\\laragon\\www\\lprosarc2\\vendor\\laravel\\framework\\src\\Illuminate\\Database\\Migrations\\Migrator.php(615): Illuminate\\Database\\Console\\Migrations\\MigrateCommand->Illuminate\\Database\\Console\\Migrations\\{closure}()
#20 C:\\laragon\\www\\lprosarc2\\vendor\\laravel\\framework\\src\\Illuminate\\Database\\Console\\Migrations\\MigrateCommand.php(109): Illuminate\\Database\\Migrations\\Migrator->usingConnection(NULL, Object(Closure))
#21 C:\\laragon\\www\\lprosarc2\\vendor\\laravel\\framework\\src\\Illuminate\\Database\\Console\\Migrations\\MigrateCommand.php(88): Illuminate\\Database\\Console\\Migrations\\MigrateCommand->runMigrations()
#22 C:\\laragon\\www\\lprosarc2\\vendor\\laravel\\framework\\src\\Illuminate\\Container\\BoundMethod.php(36): Illuminate\\Database\\Console\\Migrations\\MigrateCommand->handle()
#23 C:\\laragon\\www\\lprosarc2\\vendor\\laravel\\framework\\src\\Illuminate\\Container\\Util.php(41): Illuminate\\Container\\BoundMethod::Illuminate\\Container\\{closure}()
#24 C:\\laragon\\www\\lprosarc2\\vendor\\laravel\\framework\\src\\Illuminate\\Container\\BoundMethod.php(93): Illuminate\\Container\\Util::unwrapIfClosure(Object(Closure))
#25 C:\\laragon\\www\\lprosarc2\\vendor\\laravel\\framework\\src\\Illuminate\\Container\\BoundMethod.php(35): Illuminate\\Container\\BoundMethod::callBoundMethod(Object(Illuminate\\Foundation\\Application), Array, Object(Closure))
#26 C:\\laragon\\www\\lprosarc2\\vendor\\laravel\\framework\\src\\Illuminate\\Container\\Container.php(690): Illuminate\\Container\\BoundMethod::call(Object(Illuminate\\Foundation\\Application), Array, Array, NULL)
#27 C:\\laragon\\www\\lprosarc2\\vendor\\laravel\\framework\\src\\Illuminate\\Console\\Command.php(213): Illuminate\\Container\\Container->call(Array)
#28 C:\\laragon\\www\\lprosarc2\\vendor\\symfony\\console\\Command\\Command.php(279): Illuminate\\Console\\Command->execute(Object(Symfony\\Component\\Console\\Input\\ArgvInput), Object(Illuminate\\Console\\OutputStyle))
#29 C:\\laragon\\www\\lprosarc2\\vendor\\laravel\\framework\\src\\Illuminate\\Console\\Command.php(182): Symfony\\Component\\Console\\Command\\Command->run(Object(Symfony\\Component\\Console\\Input\\ArgvInput), Object(Illuminate\\Console\\OutputStyle))
#30 C:\\laragon\\www\\lprosarc2\\vendor\\symfony\\console\\Application.php(1047): Illuminate\\Console\\Command->run(Object(Symfony\\Component\\Console\\Input\\ArgvInput), Object(Symfony\\Component\\Console\\Output\\ConsoleOutput))
#31 C:\\laragon\\www\\lprosarc2\\vendor\\symfony\\console\\Application.php(316): Symfony\\Component\\Console\\Application->doRunCommand(Object(Illuminate\\Database\\Console\\Migrations\\MigrateCommand), Object(Symfony\\Component\\Console\\Input\\ArgvInput), Object(Symfony\\Component\\Console\\Output\\ConsoleOutput))
#32 C:\\laragon\\www\\lprosarc2\\vendor\\symfony\\console\\Application.php(167): Symfony\\Component\\Console\\Application->doRun(Object(Symfony\\Component\\Console\\Input\\ArgvInput), Object(Symfony\\Component\\Console\\Output\\ConsoleOutput))
#33 C:\\laragon\\www\\lprosarc2\\vendor\\laravel\\framework\\src\\Illuminate\\Foundation\\Console\\Kernel.php(197): Symfony\\Component\\Console\\Application->run(Object(Symfony\\Component\\Console\\Input\\ArgvInput), Object(Symfony\\Component\\Console\\Output\\ConsoleOutput))
#34 C:\\laragon\\www\\lprosarc2\\artisan(35): Illuminate\\Foundation\\Console\\Kernel->handle(Object(Symfony\\Component\\Console\\Input\\ArgvInput), Object(Symfony\\Component\\Console\\Output\\ConsoleOutput))
#35 {main}
"} 
[2025-08-06 14:12:45] local.ERROR: SQLSTATE[42S21]: Column already exists: 1060 Duplicate column name 'CliRut' (Connection: mysql, SQL: alter table `clientes` add `CliRut` varchar(255) null) {"exception":"[object] (Illuminate\\Database\\QueryException(code: 42S21): SQLSTATE[42S21]: Column already exists: 1060 Duplicate column name 'CliRut' (Connection: mysql, SQL: alter table `clientes` add `CliRut` varchar(255) null) at C:\\laragon\\www\\lprosarc2\\vendor\\laravel\\framework\\src\\Illuminate\\Database\\Connection.php:825)
[stacktrace]
#0 C:\\laragon\\www\\lprosarc2\\vendor\\laravel\\framework\\src\\Illuminate\\Database\\Connection.php(779): Illuminate\\Database\\Connection->runQueryCallback('alter table `cl...', Array, Object(Closure))
#1 C:\\laragon\\www\\lprosarc2\\vendor\\laravel\\framework\\src\\Illuminate\\Database\\Connection.php(560): Illuminate\\Database\\Connection->run('alter table `cl...', Array, Object(Closure))
#2 C:\\laragon\\www\\lprosarc2\\vendor\\laravel\\framework\\src\\Illuminate\\Database\\Schema\\Blueprint.php(117): Illuminate\\Database\\Connection->statement('alter table `cl...')
#3 C:\\laragon\\www\\lprosarc2\\vendor\\laravel\\framework\\src\\Illuminate\\Database\\Schema\\Builder.php(565): Illuminate\\Database\\Schema\\Blueprint->build(Object(Illuminate\\Database\\MySqlConnection), Object(Illuminate\\Database\\Schema\\Grammars\\MySqlGrammar))
#4 C:\\laragon\\www\\lprosarc2\\vendor\\laravel\\framework\\src\\Illuminate\\Database\\Schema\\Builder.php(407): Illuminate\\Database\\Schema\\Builder->build(Object(Illuminate\\Database\\Schema\\Blueprint))
#5 C:\\laragon\\www\\lprosarc2\\vendor\\laravel\\framework\\src\\Illuminate\\Support\\Facades\\Facade.php(357): Illuminate\\Database\\Schema\\Builder->table('clientes', Object(Closure))
#6 C:\\laragon\\www\\lprosarc2\\database\\migrations\\2019_07_24_092750_add_column_to_clientes_table.php(16): Illuminate\\Support\\Facades\\Facade::__callStatic('table', Array)
#7 C:\\laragon\\www\\lprosarc2\\vendor\\laravel\\framework\\src\\Illuminate\\Database\\Migrations\\Migrator.php(475): AddColumnToClientesTable->up()
#8 C:\\laragon\\www\\lprosarc2\\vendor\\laravel\\framework\\src\\Illuminate\\Database\\Migrations\\Migrator.php(400): Illuminate\\Database\\Migrations\\Migrator->runMethod(Object(Illuminate\\Database\\MySqlConnection), Object(AddColumnToClientesTable), 'up')
#9 C:\\laragon\\www\\lprosarc2\\vendor\\laravel\\framework\\src\\Illuminate\\Database\\Migrations\\Migrator.php(409): Illuminate\\Database\\Migrations\\Migrator->Illuminate\\Database\\Migrations\\{closure}()
#10 C:\\laragon\\www\\lprosarc2\\vendor\\laravel\\framework\\src\\Illuminate\\Database\\Migrations\\Migrator.php(212): Illuminate\\Database\\Migrations\\Migrator->runMigration(Object(AddColumnToClientesTable), 'up')
#11 C:\\laragon\\www\\lprosarc2\\vendor\\laravel\\framework\\src\\Illuminate\\Console\\View\\Components\\Task.php(40): Illuminate\\Database\\Migrations\\Migrator->Illuminate\\Database\\Migrations\\{closure}()
#12 C:\\laragon\\www\\lprosarc2\\vendor\\laravel\\framework\\src\\Illuminate\\Database\\Migrations\\Migrator.php(736): Illuminate\\Console\\View\\Components\\Task->render('2019_07_24_0927...', Object(Closure))
#13 C:\\laragon\\www\\lprosarc2\\vendor\\laravel\\framework\\src\\Illuminate\\Database\\Migrations\\Migrator.php(212): Illuminate\\Database\\Migrations\\Migrator->write('Illuminate\\\\Cons...', '2019_07_24_0927...', Object(Closure))
#14 C:\\laragon\\www\\lprosarc2\\vendor\\laravel\\framework\\src\\Illuminate\\Database\\Migrations\\Migrator.php(179): Illuminate\\Database\\Migrations\\Migrator->runUp('C:\\\\laragon\\\\www\\\\...', 3, false)
#15 C:\\laragon\\www\\lprosarc2\\vendor\\laravel\\framework\\src\\Illuminate\\Database\\Migrations\\Migrator.php(122): Illuminate\\Database\\Migrations\\Migrator->runPending(Array, Array)
#16 C:\\laragon\\www\\lprosarc2\\vendor\\laravel\\framework\\src\\Illuminate\\Database\\Console\\Migrations\\MigrateCommand.php(116): Illuminate\\Database\\Migrations\\Migrator->run(Array, Array)
#17 C:\\laragon\\www\\lprosarc2\\vendor\\laravel\\framework\\src\\Illuminate\\Database\\Migrations\\Migrator.php(615): Illuminate\\Database\\Console\\Migrations\\MigrateCommand->Illuminate\\Database\\Console\\Migrations\\{closure}()
#18 C:\\laragon\\www\\lprosarc2\\vendor\\laravel\\framework\\src\\Illuminate\\Database\\Console\\Migrations\\MigrateCommand.php(109): Illuminate\\Database\\Migrations\\Migrator->usingConnection(NULL, Object(Closure))
#19 C:\\laragon\\www\\lprosarc2\\vendor\\laravel\\framework\\src\\Illuminate\\Database\\Console\\Migrations\\MigrateCommand.php(88): Illuminate\\Database\\Console\\Migrations\\MigrateCommand->runMigrations()
#20 C:\\laragon\\www\\lprosarc2\\vendor\\laravel\\framework\\src\\Illuminate\\Container\\BoundMethod.php(36): Illuminate\\Database\\Console\\Migrations\\MigrateCommand->handle()
#21 C:\\laragon\\www\\lprosarc2\\vendor\\laravel\\framework\\src\\Illuminate\\Container\\Util.php(41): Illuminate\\Container\\BoundMethod::Illuminate\\Container\\{closure}()
#22 C:\\laragon\\www\\lprosarc2\\vendor\\laravel\\framework\\src\\Illuminate\\Container\\BoundMethod.php(93): Illuminate\\Container\\Util::unwrapIfClosure(Object(Closure))
#23 C:\\laragon\\www\\lprosarc2\\vendor\\laravel\\framework\\src\\Illuminate\\Container\\BoundMethod.php(35): Illuminate\\Container\\BoundMethod::callBoundMethod(Object(Illuminate\\Foundation\\Application), Array, Object(Closure))
#24 C:\\laragon\\www\\lprosarc2\\vendor\\laravel\\framework\\src\\Illuminate\\Container\\Container.php(690): Illuminate\\Container\\BoundMethod::call(Object(Illuminate\\Foundation\\Application), Array, Array, NULL)
#25 C:\\laragon\\www\\lprosarc2\\vendor\\laravel\\framework\\src\\Illuminate\\Console\\Command.php(213): Illuminate\\Container\\Container->call(Array)
#26 C:\\laragon\\www\\lprosarc2\\vendor\\symfony\\console\\Command\\Command.php(279): Illuminate\\Console\\Command->execute(Object(Symfony\\Component\\Console\\Input\\ArgvInput), Object(Illuminate\\Console\\OutputStyle))
#27 C:\\laragon\\www\\lprosarc2\\vendor\\laravel\\framework\\src\\Illuminate\\Console\\Command.php(182): Symfony\\Component\\Console\\Command\\Command->run(Object(Symfony\\Component\\Console\\Input\\ArgvInput), Object(Illuminate\\Console\\OutputStyle))
#28 C:\\laragon\\www\\lprosarc2\\vendor\\symfony\\console\\Application.php(1047): Illuminate\\Console\\Command->run(Object(Symfony\\Component\\Console\\Input\\ArgvInput), Object(Symfony\\Component\\Console\\Output\\ConsoleOutput))
#29 C:\\laragon\\www\\lprosarc2\\vendor\\symfony\\console\\Application.php(316): Symfony\\Component\\Console\\Application->doRunCommand(Object(Illuminate\\Database\\Console\\Migrations\\MigrateCommand), Object(Symfony\\Component\\Console\\Input\\ArgvInput), Object(Symfony\\Component\\Console\\Output\\ConsoleOutput))
#30 C:\\laragon\\www\\lprosarc2\\vendor\\symfony\\console\\Application.php(167): Symfony\\Component\\Console\\Application->doRun(Object(Symfony\\Component\\Console\\Input\\ArgvInput), Object(Symfony\\Component\\Console\\Output\\ConsoleOutput))
#31 C:\\laragon\\www\\lprosarc2\\vendor\\laravel\\framework\\src\\Illuminate\\Foundation\\Console\\Kernel.php(197): Symfony\\Component\\Console\\Application->run(Object(Symfony\\Component\\Console\\Input\\ArgvInput), Object(Symfony\\Component\\Console\\Output\\ConsoleOutput))
#32 C:\\laragon\\www\\lprosarc2\\artisan(35): Illuminate\\Foundation\\Console\\Kernel->handle(Object(Symfony\\Component\\Console\\Input\\ArgvInput), Object(Symfony\\Component\\Console\\Output\\ConsoleOutput))
#33 {main}

[previous exception] [object] (PDOException(code: 42S21): SQLSTATE[42S21]: Column already exists: 1060 Duplicate column name 'CliRut' at C:\\laragon\\www\\lprosarc2\\vendor\\laravel\\framework\\src\\Illuminate\\Database\\Connection.php:571)
[stacktrace]
#0 C:\\laragon\\www\\lprosarc2\\vendor\\laravel\\framework\\src\\Illuminate\\Database\\Connection.php(571): PDOStatement->execute()
#1 C:\\laragon\\www\\lprosarc2\\vendor\\laravel\\framework\\src\\Illuminate\\Database\\Connection.php(812): Illuminate\\Database\\Connection->Illuminate\\Database\\{closure}('alter table `cl...', Array)
#2 C:\\laragon\\www\\lprosarc2\\vendor\\laravel\\framework\\src\\Illuminate\\Database\\Connection.php(779): Illuminate\\Database\\Connection->runQueryCallback('alter table `cl...', Array, Object(Closure))
#3 C:\\laragon\\www\\lprosarc2\\vendor\\laravel\\framework\\src\\Illuminate\\Database\\Connection.php(560): Illuminate\\Database\\Connection->run('alter table `cl...', Array, Object(Closure))
#4 C:\\laragon\\www\\lprosarc2\\vendor\\laravel\\framework\\src\\Illuminate\\Database\\Schema\\Blueprint.php(117): Illuminate\\Database\\Connection->statement('alter table `cl...')
#5 C:\\laragon\\www\\lprosarc2\\vendor\\laravel\\framework\\src\\Illuminate\\Database\\Schema\\Builder.php(565): Illuminate\\Database\\Schema\\Blueprint->build(Object(Illuminate\\Database\\MySqlConnection), Object(Illuminate\\Database\\Schema\\Grammars\\MySqlGrammar))
#6 C:\\laragon\\www\\lprosarc2\\vendor\\laravel\\framework\\src\\Illuminate\\Database\\Schema\\Builder.php(407): Illuminate\\Database\\Schema\\Builder->build(Object(Illuminate\\Database\\Schema\\Blueprint))
#7 C:\\laragon\\www\\lprosarc2\\vendor\\laravel\\framework\\src\\Illuminate\\Support\\Facades\\Facade.php(357): Illuminate\\Database\\Schema\\Builder->table('clientes', Object(Closure))
#8 C:\\laragon\\www\\lprosarc2\\database\\migrations\\2019_07_24_092750_add_column_to_clientes_table.php(16): Illuminate\\Support\\Facades\\Facade::__callStatic('table', Array)
#9 C:\\laragon\\www\\lprosarc2\\vendor\\laravel\\framework\\src\\Illuminate\\Database\\Migrations\\Migrator.php(475): AddColumnToClientesTable->up()
#10 C:\\laragon\\www\\lprosarc2\\vendor\\laravel\\framework\\src\\Illuminate\\Database\\Migrations\\Migrator.php(400): Illuminate\\Database\\Migrations\\Migrator->runMethod(Object(Illuminate\\Database\\MySqlConnection), Object(AddColumnToClientesTable), 'up')
#11 C:\\laragon\\www\\lprosarc2\\vendor\\laravel\\framework\\src\\Illuminate\\Database\\Migrations\\Migrator.php(409): Illuminate\\Database\\Migrations\\Migrator->Illuminate\\Database\\Migrations\\{closure}()
#12 C:\\laragon\\www\\lprosarc2\\vendor\\laravel\\framework\\src\\Illuminate\\Database\\Migrations\\Migrator.php(212): Illuminate\\Database\\Migrations\\Migrator->runMigration(Object(AddColumnToClientesTable), 'up')
#13 C:\\laragon\\www\\lprosarc2\\vendor\\laravel\\framework\\src\\Illuminate\\Console\\View\\Components\\Task.php(40): Illuminate\\Database\\Migrations\\Migrator->Illuminate\\Database\\Migrations\\{closure}()
#14 C:\\laragon\\www\\lprosarc2\\vendor\\laravel\\framework\\src\\Illuminate\\Database\\Migrations\\Migrator.php(736): Illuminate\\Console\\View\\Components\\Task->render('2019_07_24_0927...', Object(Closure))
#15 C:\\laragon\\www\\lprosarc2\\vendor\\laravel\\framework\\src\\Illuminate\\Database\\Migrations\\Migrator.php(212): Illuminate\\Database\\Migrations\\Migrator->write('Illuminate\\\\Cons...', '2019_07_24_0927...', Object(Closure))
#16 C:\\laragon\\www\\lprosarc2\\vendor\\laravel\\framework\\src\\Illuminate\\Database\\Migrations\\Migrator.php(179): Illuminate\\Database\\Migrations\\Migrator->runUp('C:\\\\laragon\\\\www\\\\...', 3, false)
#17 C:\\laragon\\www\\lprosarc2\\vendor\\laravel\\framework\\src\\Illuminate\\Database\\Migrations\\Migrator.php(122): Illuminate\\Database\\Migrations\\Migrator->runPending(Array, Array)
#18 C:\\laragon\\www\\lprosarc2\\vendor\\laravel\\framework\\src\\Illuminate\\Database\\Console\\Migrations\\MigrateCommand.php(116): Illuminate\\Database\\Migrations\\Migrator->run(Array, Array)
#19 C:\\laragon\\www\\lprosarc2\\vendor\\laravel\\framework\\src\\Illuminate\\Database\\Migrations\\Migrator.php(615): Illuminate\\Database\\Console\\Migrations\\MigrateCommand->Illuminate\\Database\\Console\\Migrations\\{closure}()
#20 C:\\laragon\\www\\lprosarc2\\vendor\\laravel\\framework\\src\\Illuminate\\Database\\Console\\Migrations\\MigrateCommand.php(109): Illuminate\\Database\\Migrations\\Migrator->usingConnection(NULL, Object(Closure))
#21 C:\\laragon\\www\\lprosarc2\\vendor\\laravel\\framework\\src\\Illuminate\\Database\\Console\\Migrations\\MigrateCommand.php(88): Illuminate\\Database\\Console\\Migrations\\MigrateCommand->runMigrations()
#22 C:\\laragon\\www\\lprosarc2\\vendor\\laravel\\framework\\src\\Illuminate\\Container\\BoundMethod.php(36): Illuminate\\Database\\Console\\Migrations\\MigrateCommand->handle()
#23 C:\\laragon\\www\\lprosarc2\\vendor\\laravel\\framework\\src\\Illuminate\\Container\\Util.php(41): Illuminate\\Container\\BoundMethod::Illuminate\\Container\\{closure}()
#24 C:\\laragon\\www\\lprosarc2\\vendor\\laravel\\framework\\src\\Illuminate\\Container\\BoundMethod.php(93): Illuminate\\Container\\Util::unwrapIfClosure(Object(Closure))
#25 C:\\laragon\\www\\lprosarc2\\vendor\\laravel\\framework\\src\\Illuminate\\Container\\BoundMethod.php(35): Illuminate\\Container\\BoundMethod::callBoundMethod(Object(Illuminate\\Foundation\\Application), Array, Object(Closure))
#26 C:\\laragon\\www\\lprosarc2\\vendor\\laravel\\framework\\src\\Illuminate\\Container\\Container.php(690): Illuminate\\Container\\BoundMethod::call(Object(Illuminate\\Foundation\\Application), Array, Array, NULL)
#27 C:\\laragon\\www\\lprosarc2\\vendor\\laravel\\framework\\src\\Illuminate\\Console\\Command.php(213): Illuminate\\Container\\Container->call(Array)
#28 C:\\laragon\\www\\lprosarc2\\vendor\\symfony\\console\\Command\\Command.php(279): Illuminate\\Console\\Command->execute(Object(Symfony\\Component\\Console\\Input\\ArgvInput), Object(Illuminate\\Console\\OutputStyle))
#29 C:\\laragon\\www\\lprosarc2\\vendor\\laravel\\framework\\src\\Illuminate\\Console\\Command.php(182): Symfony\\Component\\Console\\Command\\Command->run(Object(Symfony\\Component\\Console\\Input\\ArgvInput), Object(Illuminate\\Console\\OutputStyle))
#30 C:\\laragon\\www\\lprosarc2\\vendor\\symfony\\console\\Application.php(1047): Illuminate\\Console\\Command->run(Object(Symfony\\Component\\Console\\Input\\ArgvInput), Object(Symfony\\Component\\Console\\Output\\ConsoleOutput))
#31 C:\\laragon\\www\\lprosarc2\\vendor\\symfony\\console\\Application.php(316): Symfony\\Component\\Console\\Application->doRunCommand(Object(Illuminate\\Database\\Console\\Migrations\\MigrateCommand), Object(Symfony\\Component\\Console\\Input\\ArgvInput), Object(Symfony\\Component\\Console\\Output\\ConsoleOutput))
#32 C:\\laragon\\www\\lprosarc2\\vendor\\symfony\\console\\Application.php(167): Symfony\\Component\\Console\\Application->doRun(Object(Symfony\\Component\\Console\\Input\\ArgvInput), Object(Symfony\\Component\\Console\\Output\\ConsoleOutput))
#33 C:\\laragon\\www\\lprosarc2\\vendor\\laravel\\framework\\src\\Illuminate\\Foundation\\Console\\Kernel.php(197): Symfony\\Component\\Console\\Application->run(Object(Symfony\\Component\\Console\\Input\\ArgvInput), Object(Symfony\\Component\\Console\\Output\\ConsoleOutput))
#34 C:\\laragon\\www\\lprosarc2\\artisan(35): Illuminate\\Foundation\\Console\\Kernel->handle(Object(Symfony\\Component\\Console\\Input\\ArgvInput), Object(Symfony\\Component\\Console\\Output\\ConsoleOutput))
#35 {main}
"} 
