[2024-08-09 12:15:34] local.ERROR: Undefined variable $Tratamiento {"view":{"view":"C:\\laragon\\www\\lprosarc2\\resources\\views\\solicitud-serv\\show.blade.php","data":{"errors":"<pre class=sf-dump id=sf-dump-561531707 data-indent-pad=\"  \"><span class=sf-dump-note>Illuminate\\Support\\ViewErrorBag</span> {<a class=sf-dump-ref>#2129</a><samp data-depth=1 class=sf-dump-expanded>
  #<span class=sf-dump-protected title=\"Protected property\">bags</span>: []
</samp>}
</pre><script>Sfdump(\"sf-dump-561531707\", {\"maxDepth\":3,\"maxStringLength\":160})</script>
","SolicitudServicio":"<pre class=sf-dump id=sf-dump-1850785275 data-indent-pad=\"  \">{<a class=sf-dump-ref>#2145</a><samp data-depth=1 class=sf-dump-expanded>
  +\"<span class=sf-dump-public title=\"Runtime added dynamic property\">ID_SolSer</span>\": <span class=sf-dump-num>46367</span>
  +\"<span class=sf-dump-public title=\"Runtime added dynamic property\">SolSerStatus</span>\": \"<span class=sf-dump-str title=\"13 characters\">No Conciliado</span>\"
  +\"<span class=sf-dump-public title=\"Runtime added dynamic property\">SolSerTipo</span>\": \"<span class=sf-dump-str title=\"7 characters\">Interno</span>\"
  +\"<span class=sf-dump-public title=\"Runtime added dynamic property\">SolSerAuditable</span>\": <span class=sf-dump-num>0</span>
  +\"<span class=sf-dump-public title=\"Runtime added dynamic property\">SolSerConductor</span>\": \"<span class=sf-dump-str title=\"24 characters\">SEBASTIAN HIGUERA MARI&#209;O</span>\"
  +\"<span class=sf-dump-public title=\"Runtime added dynamic property\">SolSerVehiculo</span>\": \"<span class=sf-dump-str title=\"7 characters\">WFR-524</span>\"
  +\"<span class=sf-dump-public title=\"Runtime added dynamic property\">SolSerFecha</span>\": <span class=sf-dump-const>null</span>
  +\"<span class=sf-dump-public title=\"Runtime added dynamic property\">SolSerSlug</span>\": \"<span class=sf-dump-str title=\"64 characters\">d8104ead3307bb6093a92e4fc48b93f167ec1756932f6f274334d363b8ed9b15</span>\"
  +\"<span class=sf-dump-public title=\"Runtime added dynamic property\">created_at</span>\": \"<span class=sf-dump-str title=\"19 characters\">2022-10-06 13:25:04</span>\"
  +\"<span class=sf-dump-public title=\"Runtime added dynamic property\">updated_at</span>\": \"<span class=sf-dump-str title=\"19 characters\">2024-02-15 10:58:58</span>\"
  +\"<span class=sf-dump-public title=\"Runtime added dynamic property\">SolSerDelete</span>\": <span class=sf-dump-num>0</span>
  +\"<span class=sf-dump-public title=\"Runtime added dynamic property\">SolResAuditoriaTipo</span>\": \"<span class=sf-dump-str title=\"12 characters\">No Auditable</span>\"
  +\"<span class=sf-dump-public title=\"Runtime added dynamic property\">SolSerNameTrans</span>\": \"<span class=sf-dump-str title=\"61 characters\">PROTECCI&#211;N SERVICIOS AMBIENTALES RESPEL DE COLOMBIA S.A. ESP.</span>\"
  +\"<span class=sf-dump-public title=\"Runtime added dynamic property\">SolSerNitTrans</span>\": \"<span class=sf-dump-str title=\"13 characters\">900.079.188-0</span>\"
  +\"<span class=sf-dump-public title=\"Runtime added dynamic property\">SolSerAdressTrans</span>\": \"<span class=sf-dump-str title=\"39 characters\">KM 6 V&#205;A LA MESA SUB ESTACI&#211;N BALSILLAS</span>\"
  +\"<span class=sf-dump-public title=\"Runtime added dynamic property\">SolSerCityTrans</span>\": <span class=sf-dump-num>584</span>
  +\"<span class=sf-dump-public title=\"Runtime added dynamic property\">SolSerTypeCollect</span>\": \"<span class=sf-dump-str title=\"2 characters\">98</span>\"
  +\"<span class=sf-dump-public title=\"Runtime added dynamic property\">SolSerCollectAddress</span>\": \"<span class=sf-dump-str title=\"3 characters\">220</span>\"
  +\"<span class=sf-dump-public title=\"Runtime added dynamic property\">FK_SolSerCollectMun</span>\": <span class=sf-dump-const>null</span>
  +\"<span class=sf-dump-public title=\"Runtime added dynamic property\">SolSerBascula</span>\": <span class=sf-dump-num>0</span>
  +\"<span class=sf-dump-public title=\"Runtime added dynamic property\">SolSerCapacitacion</span>\": <span class=sf-dump-num>0</span>
  +\"<span class=sf-dump-public title=\"Runtime added dynamic property\">SolSerMasPerson</span>\": <span class=sf-dump-num>0</span>
  +\"<span class=sf-dump-public title=\"Runtime added dynamic property\">SolSerVehicExclusive</span>\": <span class=sf-dump-num>0</span>
  +\"<span class=sf-dump-public title=\"Runtime added dynamic property\">SolSerPlatform</span>\": <span class=sf-dump-num>0</span>
  +\"<span class=sf-dump-public title=\"Runtime added dynamic property\">SolSerDevolucion</span>\": <span class=sf-dump-const>null</span>
  +\"<span class=sf-dump-public title=\"Runtime added dynamic property\">SolSerDevolucionTipo</span>\": <span class=sf-dump-const>null</span>
  +\"<span class=sf-dump-public title=\"Runtime added dynamic property\">FK_SolSerPersona</span>\": <span class=sf-dump-num>1</span>
  +\"<span class=sf-dump-public title=\"Runtime added dynamic property\">FK_SolSerCliente</span>\": <span class=sf-dump-num>145</span>
  +\"<span class=sf-dump-public title=\"Runtime added dynamic property\">SolSerDescript</span>\": \"<span class=sf-dump-str>.</span>\"
  +\"<span class=sf-dump-public title=\"Runtime added dynamic property\">SolSerSupport</span>\": <span class=sf-dump-const>null</span>
  +\"<span class=sf-dump-public title=\"Runtime added dynamic property\">SolServCertStatus</span>\": <span class=sf-dump-num>0</span>
  +\"<span class=sf-dump-public title=\"Runtime added dynamic property\">SolServMailCopia</span>\": \"<span class=sf-dump-str title=\"4 characters\">null</span>\"
  +\"<span class=sf-dump-public title=\"Runtime added dynamic property\">SolSerRMs</span>\": <span class=sf-dump-note>array:8</span> [<samp data-depth=2 class=sf-dump-compact>
    <span class=sf-dump-index>0</span> => \"<span class=sf-dump-str title=\"5 characters\">12356</span>\"
    <span class=sf-dump-index>1</span> => <span class=sf-dump-const>null</span>
    <span class=sf-dump-index>2</span> => <span class=sf-dump-const>null</span>
    <span class=sf-dump-index>3</span> => <span class=sf-dump-const>null</span>
    <span class=sf-dump-index>4</span> => <span class=sf-dump-const>null</span>
    <span class=sf-dump-index>5</span> => <span class=sf-dump-const>null</span>
    <span class=sf-dump-index>6</span> => <span class=sf-dump-const>null</span>
    <span class=sf-dump-index>7</span> => <span class=sf-dump-const>null</span>
  </samp>]
  +\"<span class=sf-dump-public title=\"Runtime added dynamic property\">SolSerTranspPrecio</span>\": \"<span class=sf-dump-str title=\"4 characters\">0.00</span>\"
  +\"<span class=sf-dump-public title=\"Runtime added dynamic property\">FK_ReciboSolserv</span>\": <span class=sf-dump-const>null</span>
  +\"<span class=sf-dump-public title=\"Runtime added dynamic property\">SolNumeroFactura</span>\": <span class=sf-dump-const>null</span>
  +\"<span class=sf-dump-public title=\"Runtime added dynamic property\">PersFirstName</span>\": \"<span class=sf-dump-str title=\"4 characters\">Luis</span>\"
  +\"<span class=sf-dump-public title=\"Runtime added dynamic property\">PersLastName</span>\": \"<span class=sf-dump-str title=\"18 characters\">De la hoz Ricaurte</span>\"
  +\"<span class=sf-dump-public title=\"Runtime added dynamic property\">PersEmail</span>\": \"<span class=sf-dump-str title=\"23 characters\">Sistemas@prosarc.com.co</span>\"
  +\"<span class=sf-dump-public title=\"Runtime added dynamic property\">Repetible</span>\": <span class=sf-dump-num>0</span>
  +\"<span class=sf-dump-public title=\"Runtime added dynamic property\">recepcion</span>\": \"<span class=sf-dump-str title=\"19 characters\">2022-10-07 09:00:00</span>\"
</samp>}
</pre><script>Sfdump(\"sf-dump-1850785275\", {\"maxDepth\":3,\"maxStringLength\":160})</script>
","Residuos":"<pre class=sf-dump id=sf-dump-296797123 data-indent-pad=\"  \"><span class=sf-dump-note>Illuminate\\Support\\Collection</span> {<a class=sf-dump-ref>#2193</a><samp data-depth=1 class=sf-dump-expanded>
  #<span class=sf-dump-protected title=\"Protected property\">items</span>: <span class=sf-dump-note>array:7</span> [<samp data-depth=2 class=sf-dump-compact>
    <span class=sf-dump-index>0</span> => {<a class=sf-dump-ref>#2196</a><samp data-depth=3 class=sf-dump-compact>
      +\"<span class=sf-dump-public title=\"Runtime added dynamic property\">ID_SolRes</span>\": <span class=sf-dump-num>41689</span>
      +\"<span class=sf-dump-public title=\"Runtime added dynamic property\">SolResKgEnviado</span>\": \"<span class=sf-dump-str title=\"6 characters\">160.00</span>\"
      +\"<span class=sf-dump-public title=\"Runtime added dynamic property\">SolResKgRecibido</span>\": \"<span class=sf-dump-str title=\"5 characters\">12.00</span>\"
      +\"<span class=sf-dump-public title=\"Runtime added dynamic property\">SolResKgConciliado</span>\": \"<span class=sf-dump-str title=\"5 characters\">12.00</span>\"
      +\"<span class=sf-dump-public title=\"Runtime added dynamic property\">SolResKgTratado</span>\": \"<span class=sf-dump-str title=\"4 characters\">0.00</span>\"
      +\"<span class=sf-dump-public title=\"Runtime added dynamic property\">created_at</span>\": \"<span class=sf-dump-str title=\"19 characters\">2022-02-02 19:57:22</span>\"
      +\"<span class=sf-dump-public title=\"Runtime added dynamic property\">updated_at</span>\": \"<span class=sf-dump-str title=\"19 characters\">2022-02-03 16:56:19</span>\"
      +\"<span class=sf-dump-public title=\"Runtime added dynamic property\">SolResDelete</span>\": <span class=sf-dump-num>0</span>
      +\"<span class=sf-dump-public title=\"Runtime added dynamic property\">SolResSlug</span>\": \"<span class=sf-dump-str title=\"64 characters\">55875dea95ce11b88cd669991c0c7647fcccf2456e7f43569a1d2501a1a033d3</span>\"
      +\"<span class=sf-dump-public title=\"Runtime added dynamic property\">FK_SolResSolSer</span>\": <span class=sf-dump-num>46367</span>
      +\"<span class=sf-dump-public title=\"Runtime added dynamic property\">SolResTypeUnidad</span>\": \"<span class=sf-dump-str title=\"6 characters\">Unidad</span>\"
      +\"<span class=sf-dump-public title=\"Runtime added dynamic property\">SolResCantiUnidad</span>\": \"<span class=sf-dump-str title=\"4 characters\">0.00</span>\"
      +\"<span class=sf-dump-public title=\"Runtime added dynamic property\">SolResEmbalaje</span>\": \"<span class=sf-dump-str title=\"12 characters\">Sacos/Bolsas</span>\"
      +\"<span class=sf-dump-public title=\"Runtime added dynamic property\">SolResAlto</span>\": <span class=sf-dump-const>null</span>
      +\"<span class=sf-dump-public title=\"Runtime added dynamic property\">SolResAncho</span>\": <span class=sf-dump-const>null</span>
      +\"<span class=sf-dump-public title=\"Runtime added dynamic property\">SolResProfundo</span>\": <span class=sf-dump-const>null</span>
      +\"<span class=sf-dump-public title=\"Runtime added dynamic property\">SolResFotoDescargue_Pesaje</span>\": <span class=sf-dump-num>0</span>
      +\"<span class=sf-dump-public title=\"Runtime added dynamic property\">SolResFotoTratamiento</span>\": <span class=sf-dump-num>0</span>
      +\"<span class=sf-dump-public title=\"Runtime added dynamic property\">SolResVideoDescargue_Pesaje</span>\": <span class=sf-dump-num>0</span>
      +\"<span class=sf-dump-public title=\"Runtime added dynamic property\">SolResVideoTratamiento</span>\": <span class=sf-dump-num>0</span>
      +\"<span class=sf-dump-public title=\"Runtime added dynamic property\">FK_SolResRg</span>\": <span class=sf-dump-num>9510</span>
      +\"<span class=sf-dump-public title=\"Runtime added dynamic property\">SolResCantiUnidadRecibida</span>\": \"<span class=sf-dump-str title=\"3 characters\">1.0</span>\"
      +\"<span class=sf-dump-public title=\"Runtime added dynamic property\">SolResCantiUnidadConciliada</span>\": \"<span class=sf-dump-str title=\"3 characters\">1.0</span>\"
      +\"<span class=sf-dump-public title=\"Runtime added dynamic property\">SolResCantiUnidadTratada</span>\": <span class=sf-dump-const>null</span>
      +\"<span class=sf-dump-public title=\"Runtime added dynamic property\">SolResDevolucion</span>\": <span class=sf-dump-num>0</span>
      +\"<span class=sf-dump-public title=\"Runtime added dynamic property\">SolResDevolCantidad</span>\": \"<span class=sf-dump-str>0</span>\"
      +\"<span class=sf-dump-public title=\"Runtime added dynamic property\">SolResAuditoria</span>\": <span class=sf-dump-num>0</span>
      +\"<span class=sf-dump-public title=\"Runtime added dynamic property\">SolResAuditoriaTipo</span>\": \"<span class=sf-dump-str>0</span>\"
      +\"<span class=sf-dump-public title=\"Runtime added dynamic property\">SolResPrecio</span>\": \"<span class=sf-dump-str title=\"4 characters\">0.00</span>\"
      +\"<span class=sf-dump-public title=\"Runtime added dynamic property\">FK_SolResRequerimiento</span>\": <span class=sf-dump-num>62289</span>
      +\"<span class=sf-dump-public title=\"Runtime added dynamic property\">SolResRM</span>\": \"<span class=sf-dump-str title=\"9 characters\">[&quot;12356&quot;]</span>\"
      +\"<span class=sf-dump-public title=\"Runtime added dynamic property\">auto_SolResFotoDescargue_Pesaje</span>\": <span class=sf-dump-num>0</span>
      +\"<span class=sf-dump-public title=\"Runtime added dynamic property\">auto_SolResFotoTratamiento</span>\": <span class=sf-dump-num>0</span>
      +\"<span class=sf-dump-public title=\"Runtime added dynamic property\">auto_SolResVideoDescargue_Pesaje</span>\": <span class=sf-dump-num>0</span>
      +\"<span class=sf-dump-public title=\"Runtime added dynamic property\">auto_SolResVideoTratamiento</span>\": <span class=sf-dump-num>0</span>
      +\"<span class=sf-dump-public title=\"Runtime added dynamic property\">auto_SolResDevolucion</span>\": <span class=sf-dump-num>0</span>
      +\"<span class=sf-dump-public title=\"Runtime added dynamic property\">auto_SolResAuditoria</span>\": <span class=sf-dump-num>0</span>
      +\"<span class=sf-dump-public title=\"Runtime added dynamic property\">SolResTypePrecio</span>\": <span class=sf-dump-num>0</span>
      +\"<span class=sf-dump-public title=\"Runtime added dynamic property\">FK_SGener</span>\": <span class=sf-dump-num>408</span>
      +\"<span class=sf-dump-public title=\"Runtime added dynamic property\">ID_Respel</span>\": <span class=sf-dump-num>7700</span>
      +\"<span class=sf-dump-public title=\"Runtime added dynamic property\">RespelName</span>\": \"<span class=sf-dump-str title=\"27 characters\">RESIDUOS ANATOMOPATOL&#211;GICOS</span>\"
      +\"<span class=sf-dump-public title=\"Runtime added dynamic property\">RespelDescrip</span>\": \"<span class=sf-dump-str title=\"39 characters\">Residuos de fluidos corporales o sangre</span>\"
      +\"<span class=sf-dump-public title=\"Runtime added dynamic property\">YRespelClasf4741</span>\": \"<span class=sf-dump-str title=\"2 characters\">Y1</span>\"
      +\"<span class=sf-dump-public title=\"Runtime added dynamic property\">ARespelClasf4741</span>\": <span class=sf-dump-const>null</span>
      +\"<span class=sf-dump-public title=\"Runtime added dynamic property\">RespelIgrosidad</span>\": \"<span class=sf-dump-str title=\"21 characters\">Pat&#243;geno - Infeccioso</span>\"
      +\"<span class=sf-dump-public title=\"Runtime added dynamic property\">RespelEstado</span>\": \"<span class=sf-dump-str title=\"6 characters\">S&#243;lido</span>\"
      +\"<span class=sf-dump-public title=\"Runtime added dynamic property\">RespelHojaSeguridad</span>\": \"<span class=sf-dump-str title=\"68 characters\">edbffb6a83ea3d33b393a3e675056065a4e03cec544687e07b4ee3226e23eed0.pdf</span>\"
      +\"<span class=sf-dump-public title=\"Runtime added dynamic property\">RespelTarj</span>\": \"<span class=sf-dump-str title=\"68 characters\">5e50c924490861ed08a722bc8f06b4cfd78374e43c8da440511540273c99bbcd.pdf</span>\"
      +\"<span class=sf-dump-public title=\"Runtime added dynamic property\">RespelStatus</span>\": \"<span class=sf-dump-str title=\"8 characters\">Aprobado</span>\"
      +\"<span class=sf-dump-public title=\"Runtime added dynamic property\">RespelSlug</span>\": \"<span class=sf-dump-str title=\"64 characters\">f051d382f123be3602792a697f8ba2660a871ba2c009ba285f9a5e9d1eda5786</span>\"
      +\"<span class=sf-dump-public title=\"Runtime added dynamic property\">RespelDelete</span>\": <span class=sf-dump-num>0</span>
      +\"<span class=sf-dump-public title=\"Runtime added dynamic property\">FK_RespelCoti</span>\": <span class=sf-dump-num>2986</span>
      +\"<span class=sf-dump-public title=\"Runtime added dynamic property\">RespelFoto</span>\": \"<span class=sf-dump-str title=\"68 characters\">893d12dc836e5d0c5b9b6e5357978136f2d593753a815fe244bb4eb5bbeb8c7f.png</span>\"
      +\"<span class=sf-dump-public title=\"Runtime added dynamic property\">SustanciaControlada</span>\": <span class=sf-dump-num>0</span>
      +\"<span class=sf-dump-public title=\"Runtime added dynamic property\">SustanciaControladaTipo</span>\": <span class=sf-dump-const>null</span>
      +\"<span class=sf-dump-public title=\"Runtime added dynamic property\">SustanciaControladaNombre</span>\": <span class=sf-dump-const>null</span>
      +\"<span class=sf-dump-public title=\"Runtime added dynamic property\">SustanciaControladaDocumento</span>\": <span class=sf-dump-const>null</span>
      +\"<span class=sf-dump-public title=\"Runtime added dynamic property\">RespelDeclaracion</span>\": <span class=sf-dump-num>1</span>
      +\"<span class=sf-dump-public title=\"Runtime added dynamic property\">AceiteUsado</span>\": <span class=sf-dump-num>0</span>
      +\"<span class=sf-dump-public title=\"Runtime added dynamic property\">RespelStatusDescription</span>\": \"<span class=sf-dump-str title=\"11 characters\">APROBADO DP</span>\"
      +\"<span class=sf-dump-public title=\"Runtime added dynamic property\">RespelPublic</span>\": <span class=sf-dump-num>0</span>
      +\"<span class=sf-dump-public title=\"Runtime added dynamic property\">FK_SubCategoryRP</span>\": <span class=sf-dump-const>null</span>
      +\"<span class=sf-dump-public title=\"Runtime added dynamic property\">ID_Req</span>\": <span class=sf-dump-num>62289</span>
      +\"<span class=sf-dump-public title=\"Runtime added dynamic property\">TratName</span>\": \"<span class=sf-dump-str title=\"18 characters\">Celda de Seguridad</span>\"
      +\"<span class=sf-dump-public title=\"Runtime added dynamic property\">ID_Trat</span>\": <span class=sf-dump-num>2</span>
      +\"<span class=sf-dump-public title=\"Runtime added dynamic property\">CliShortName</span>\": \"<span class=sf-dump-str title=\"6 characters\">Veolia</span>\"
      +\"<span class=sf-dump-public title=\"Runtime added dynamic property\">pretratamientosSelected</span>\": <span class=sf-dump-note title=\"Illuminate\\Database\\Eloquent\\Collection
\"><span class=\"sf-dump-ellipsis sf-dump-ellipsis-note\">Illuminate\\Database\\Eloquent</span><span class=\"sf-dump-ellipsis sf-dump-ellipsis-note\">\\</span>Collection</span> {<a class=sf-dump-ref>#2211</a> &#8230;2}
      +\"<span class=sf-dump-public title=\"Runtime added dynamic property\">tarifa</span>\": <span class=sf-dump-note title=\"App\\Tarifa
\"><span class=\"sf-dump-ellipsis sf-dump-ellipsis-note\">App</span><span class=\"sf-dump-ellipsis sf-dump-ellipsis-note\">\\</span>Tarifa</span> {<a class=sf-dump-ref>#2225</a> &#8230;30}
      +\"<span class=sf-dump-public title=\"Runtime added dynamic property\">ctarifa</span>\": <span class=sf-dump-const>null</span>
      +\"<span class=sf-dump-public title=\"Runtime added dynamic property\">SolResRM2</span>\": <span class=sf-dump-note>array:1</span> [ &#8230;1]
    </samp>}
    <span class=sf-dump-index>1</span> => {<a class=sf-dump-ref>#2199</a><samp data-depth=3 class=sf-dump-compact>
      +\"<span class=sf-dump-public title=\"Runtime added dynamic property\">ID_SolRes</span>\": <span class=sf-dump-num>41690</span>
      +\"<span class=sf-dump-public title=\"Runtime added dynamic property\">SolResKgEnviado</span>\": \"<span class=sf-dump-str title=\"5 characters\">20.00</span>\"
      +\"<span class=sf-dump-public title=\"Runtime added dynamic property\">SolResKgRecibido</span>\": \"<span class=sf-dump-str title=\"4 characters\">0.00</span>\"
      +\"<span class=sf-dump-public title=\"Runtime added dynamic property\">SolResKgConciliado</span>\": \"<span class=sf-dump-str title=\"4 characters\">0.00</span>\"
      +\"<span class=sf-dump-public title=\"Runtime added dynamic property\">SolResKgTratado</span>\": \"<span class=sf-dump-str title=\"4 characters\">0.00</span>\"
      +\"<span class=sf-dump-public title=\"Runtime added dynamic property\">created_at</span>\": \"<span class=sf-dump-str title=\"19 characters\">2022-02-03 14:14:10</span>\"
      +\"<span class=sf-dump-public title=\"Runtime added dynamic property\">updated_at</span>\": \"<span class=sf-dump-str title=\"19 characters\">2022-02-03 16:41:47</span>\"
      +\"<span class=sf-dump-public title=\"Runtime added dynamic property\">SolResDelete</span>\": <span class=sf-dump-num>0</span>
      +\"<span class=sf-dump-public title=\"Runtime added dynamic property\">SolResSlug</span>\": \"<span class=sf-dump-str title=\"64 characters\">d995367b1360ef64338d58a2c39127ce232258c56c5e423def36246b09da9bd4</span>\"
      +\"<span class=sf-dump-public title=\"Runtime added dynamic property\">FK_SolResSolSer</span>\": <span class=sf-dump-num>46367</span>
      +\"<span class=sf-dump-public title=\"Runtime added dynamic property\">SolResTypeUnidad</span>\": <span class=sf-dump-const>null</span>
      +\"<span class=sf-dump-public title=\"Runtime added dynamic property\">SolResCantiUnidad</span>\": <span class=sf-dump-const>null</span>
      +\"<span class=sf-dump-public title=\"Runtime added dynamic property\">SolResEmbalaje</span>\": \"<span class=sf-dump-str title=\"12 characters\">Sacos/Bolsas</span>\"
      +\"<span class=sf-dump-public title=\"Runtime added dynamic property\">SolResAlto</span>\": <span class=sf-dump-const>null</span>
      +\"<span class=sf-dump-public title=\"Runtime added dynamic property\">SolResAncho</span>\": <span class=sf-dump-const>null</span>
      +\"<span class=sf-dump-public title=\"Runtime added dynamic property\">SolResProfundo</span>\": <span class=sf-dump-const>null</span>
      +\"<span class=sf-dump-public title=\"Runtime added dynamic property\">SolResFotoDescargue_Pesaje</span>\": <span class=sf-dump-num>0</span>
      +\"<span class=sf-dump-public title=\"Runtime added dynamic property\">SolResFotoTratamiento</span>\": <span class=sf-dump-num>0</span>
      +\"<span class=sf-dump-public title=\"Runtime added dynamic property\">SolResVideoDescargue_Pesaje</span>\": <span class=sf-dump-num>0</span>
      +\"<span class=sf-dump-public title=\"Runtime added dynamic property\">SolResVideoTratamiento</span>\": <span class=sf-dump-num>0</span>
      +\"<span class=sf-dump-public title=\"Runtime added dynamic property\">FK_SolResRg</span>\": <span class=sf-dump-num>9508</span>
      +\"<span class=sf-dump-public title=\"Runtime added dynamic property\">SolResCantiUnidadRecibida</span>\": <span class=sf-dump-const>null</span>
      +\"<span class=sf-dump-public title=\"Runtime added dynamic property\">SolResCantiUnidadConciliada</span>\": <span class=sf-dump-const>null</span>
      +\"<span class=sf-dump-public title=\"Runtime added dynamic property\">SolResCantiUnidadTratada</span>\": <span class=sf-dump-const>null</span>
      +\"<span class=sf-dump-public title=\"Runtime added dynamic property\">SolResDevolucion</span>\": <span class=sf-dump-num>0</span>
      +\"<span class=sf-dump-public title=\"Runtime added dynamic property\">SolResDevolCantidad</span>\": \"<span class=sf-dump-str>0</span>\"
      +\"<span class=sf-dump-public title=\"Runtime added dynamic property\">SolResAuditoria</span>\": <span class=sf-dump-num>0</span>
      +\"<span class=sf-dump-public title=\"Runtime added dynamic property\">SolResAuditoriaTipo</span>\": \"<span class=sf-dump-str>0</span>\"
      +\"<span class=sf-dump-public title=\"Runtime added dynamic property\">SolResPrecio</span>\": \"<span class=sf-dump-str title=\"4 characters\">0.00</span>\"
      +\"<span class=sf-dump-public title=\"Runtime added dynamic property\">FK_SolResRequerimiento</span>\": <span class=sf-dump-num>62290</span>
      +\"<span class=sf-dump-public title=\"Runtime added dynamic property\">SolResRM</span>\": <span class=sf-dump-const>null</span>
      +\"<span class=sf-dump-public title=\"Runtime added dynamic property\">auto_SolResFotoDescargue_Pesaje</span>\": <span class=sf-dump-num>0</span>
      +\"<span class=sf-dump-public title=\"Runtime added dynamic property\">auto_SolResFotoTratamiento</span>\": <span class=sf-dump-num>0</span>
      +\"<span class=sf-dump-public title=\"Runtime added dynamic property\">auto_SolResVideoDescargue_Pesaje</span>\": <span class=sf-dump-num>0</span>
      +\"<span class=sf-dump-public title=\"Runtime added dynamic property\">auto_SolResVideoTratamiento</span>\": <span class=sf-dump-num>0</span>
      +\"<span class=sf-dump-public title=\"Runtime added dynamic property\">auto_SolResDevolucion</span>\": <span class=sf-dump-num>0</span>
      +\"<span class=sf-dump-public title=\"Runtime added dynamic property\">auto_SolResAuditoria</span>\": <span class=sf-dump-num>0</span>
      +\"<span class=sf-dump-public title=\"Runtime added dynamic property\">SolResTypePrecio</span>\": <span class=sf-dump-num>0</span>
      +\"<span class=sf-dump-public title=\"Runtime added dynamic property\">FK_SGener</span>\": <span class=sf-dump-num>408</span>
      +\"<span class=sf-dump-public title=\"Runtime added dynamic property\">ID_Respel</span>\": <span class=sf-dump-num>7923</span>
      +\"<span class=sf-dump-public title=\"Runtime added dynamic property\">RespelName</span>\": \"<span class=sf-dump-str title=\"22 characters\">Residuos biosanitarios</span>\"
      +\"<span class=sf-dump-public title=\"Runtime added dynamic property\">RespelDescrip</span>\": \"<span class=sf-dump-str title=\"104 characters\">Residuos de guantes, tapabocas, y dem&#225;s elementos que entren en contacto con sangre o fluidos corporales</span>\"
      +\"<span class=sf-dump-public title=\"Runtime added dynamic property\">YRespelClasf4741</span>\": \"<span class=sf-dump-str title=\"2 characters\">Y1</span>\"
      +\"<span class=sf-dump-public title=\"Runtime added dynamic property\">ARespelClasf4741</span>\": <span class=sf-dump-const>null</span>
      +\"<span class=sf-dump-public title=\"Runtime added dynamic property\">RespelIgrosidad</span>\": \"<span class=sf-dump-str title=\"21 characters\">Pat&#243;geno - Infeccioso</span>\"
      +\"<span class=sf-dump-public title=\"Runtime added dynamic property\">RespelEstado</span>\": \"<span class=sf-dump-str title=\"6 characters\">S&#243;lido</span>\"
      +\"<span class=sf-dump-public title=\"Runtime added dynamic property\">RespelHojaSeguridad</span>\": \"<span class=sf-dump-str title=\"68 characters\">aca791087273936f54ecd754be73448484f560a0f70fe5473aed8dd00860103a.pdf</span>\"
      +\"<span class=sf-dump-public title=\"Runtime added dynamic property\">RespelTarj</span>\": \"<span class=sf-dump-str title=\"68 characters\">be378b2fefd0fa21d0ebcfb40860b1ad9e99f97191d5eea41229f9bb4eff54b5.pdf</span>\"
      +\"<span class=sf-dump-public title=\"Runtime added dynamic property\">RespelStatus</span>\": \"<span class=sf-dump-str title=\"8 characters\">Aprobado</span>\"
      +\"<span class=sf-dump-public title=\"Runtime added dynamic property\">RespelSlug</span>\": \"<span class=sf-dump-str title=\"64 characters\">10610619f27602e82dbbf5398f11bc0a785fb94fe01e0aca8221e4680afb1178</span>\"
      +\"<span class=sf-dump-public title=\"Runtime added dynamic property\">RespelDelete</span>\": <span class=sf-dump-num>0</span>
      +\"<span class=sf-dump-public title=\"Runtime added dynamic property\">FK_RespelCoti</span>\": <span class=sf-dump-num>3000</span>
      +\"<span class=sf-dump-public title=\"Runtime added dynamic property\">RespelFoto</span>\": \"<span class=sf-dump-str title=\"68 characters\">e59b5843e897d05d71a6b4a3ebc284375bcf0081080dbdc4e3417d7906ea4c30.png</span>\"
      +\"<span class=sf-dump-public title=\"Runtime added dynamic property\">SustanciaControlada</span>\": <span class=sf-dump-num>0</span>
      +\"<span class=sf-dump-public title=\"Runtime added dynamic property\">SustanciaControladaTipo</span>\": <span class=sf-dump-const>null</span>
      +\"<span class=sf-dump-public title=\"Runtime added dynamic property\">SustanciaControladaNombre</span>\": <span class=sf-dump-const>null</span>
      +\"<span class=sf-dump-public title=\"Runtime added dynamic property\">SustanciaControladaDocumento</span>\": <span class=sf-dump-const>null</span>
      +\"<span class=sf-dump-public title=\"Runtime added dynamic property\">RespelDeclaracion</span>\": <span class=sf-dump-num>1</span>
      +\"<span class=sf-dump-public title=\"Runtime added dynamic property\">AceiteUsado</span>\": <span class=sf-dump-num>0</span>
      +\"<span class=sf-dump-public title=\"Runtime added dynamic property\">RespelStatusDescription</span>\": \"<span class=sf-dump-str title=\"11 characters\">APROBADO dp</span>\"
      +\"<span class=sf-dump-public title=\"Runtime added dynamic property\">RespelPublic</span>\": <span class=sf-dump-num>0</span>
      +\"<span class=sf-dump-public title=\"Runtime added dynamic property\">FK_SubCategoryRP</span>\": <span class=sf-dump-const>null</span>
      +\"<span class=sf-dump-public title=\"Runtime added dynamic property\">ID_Req</span>\": <span class=sf-dump-num>62290</span>
      +\"<span class=sf-dump-public title=\"Runtime added dynamic property\">TratName</span>\": \"<span class=sf-dump-str title=\"16 characters\">TermoDestrucci&#243;n</span>\"
      +\"<span class=sf-dump-public title=\"Runtime added dynamic property\">ID_Trat</span>\": <span class=sf-dump-num>1</span>
      +\"<span class=sf-dump-public title=\"Runtime added dynamic property\">CliShortName</span>\": \"<span class=sf-dump-str title=\"17 characters\">Prosarc S.A. ESP.</span>\"
      +\"<span class=sf-dump-public title=\"Runtime added dynamic property\">pretratamientosSelected</span>\": <span class=sf-dump-note title=\"Illuminate\\Database\\Eloquent\\Collection
\"><span class=\"sf-dump-ellipsis sf-dump-ellipsis-note\">Illuminate\\Database\\Eloquent</span><span class=\"sf-dump-ellipsis sf-dump-ellipsis-note\">\\</span>Collection</span> {<a class=sf-dump-ref>#2242</a> &#8230;2}
      +\"<span class=sf-dump-public title=\"Runtime added dynamic property\">tarifa</span>\": <span class=sf-dump-note title=\"App\\Tarifa
\"><span class=\"sf-dump-ellipsis sf-dump-ellipsis-note\">App</span><span class=\"sf-dump-ellipsis sf-dump-ellipsis-note\">\\</span>Tarifa</span> {<a class=sf-dump-ref>#2256</a> &#8230;30}
      +\"<span class=sf-dump-public title=\"Runtime added dynamic property\">ctarifa</span>\": <span class=sf-dump-const>null</span>
      +\"<span class=sf-dump-public title=\"Runtime added dynamic property\">SolResRM2</span>\": <span class=sf-dump-const>null</span>
    </samp>}
    <span class=sf-dump-index>2</span> => {<a class=sf-dump-ref>#2197</a><samp data-depth=3 class=sf-dump-compact>
      +\"<span class=sf-dump-public title=\"Runtime added dynamic property\">ID_SolRes</span>\": <span class=sf-dump-num>41691</span>
      +\"<span class=sf-dump-public title=\"Runtime added dynamic property\">SolResKgEnviado</span>\": \"<span class=sf-dump-str title=\"4 characters\">7.00</span>\"
      +\"<span class=sf-dump-public title=\"Runtime added dynamic property\">SolResKgRecibido</span>\": \"<span class=sf-dump-str title=\"4 characters\">0.00</span>\"
      +\"<span class=sf-dump-public title=\"Runtime added dynamic property\">SolResKgConciliado</span>\": \"<span class=sf-dump-str title=\"4 characters\">0.00</span>\"
      +\"<span class=sf-dump-public title=\"Runtime added dynamic property\">SolResKgTratado</span>\": \"<span class=sf-dump-str title=\"4 characters\">0.00</span>\"
      +\"<span class=sf-dump-public title=\"Runtime added dynamic property\">created_at</span>\": \"<span class=sf-dump-str title=\"19 characters\">2022-02-03 14:09:55</span>\"
      +\"<span class=sf-dump-public title=\"Runtime added dynamic property\">updated_at</span>\": \"<span class=sf-dump-str title=\"19 characters\">2022-02-03 16:43:21</span>\"
      +\"<span class=sf-dump-public title=\"Runtime added dynamic property\">SolResDelete</span>\": <span class=sf-dump-num>0</span>
      +\"<span class=sf-dump-public title=\"Runtime added dynamic property\">SolResSlug</span>\": \"<span class=sf-dump-str title=\"64 characters\">0f75c1a48f7c19fa59bf4d5058dea2f9b7225620ce3d66ddae9504b77e0cdc06</span>\"
      +\"<span class=sf-dump-public title=\"Runtime added dynamic property\">FK_SolResSolSer</span>\": <span class=sf-dump-num>46367</span>
      +\"<span class=sf-dump-public title=\"Runtime added dynamic property\">SolResTypeUnidad</span>\": <span class=sf-dump-const>null</span>
      +\"<span class=sf-dump-public title=\"Runtime added dynamic property\">SolResCantiUnidad</span>\": <span class=sf-dump-const>null</span>
      +\"<span class=sf-dump-public title=\"Runtime added dynamic property\">SolResEmbalaje</span>\": \"<span class=sf-dump-str title=\"12 characters\">Sacos/Bolsas</span>\"
      +\"<span class=sf-dump-public title=\"Runtime added dynamic property\">SolResAlto</span>\": <span class=sf-dump-const>null</span>
      +\"<span class=sf-dump-public title=\"Runtime added dynamic property\">SolResAncho</span>\": <span class=sf-dump-const>null</span>
      +\"<span class=sf-dump-public title=\"Runtime added dynamic property\">SolResProfundo</span>\": <span class=sf-dump-const>null</span>
      +\"<span class=sf-dump-public title=\"Runtime added dynamic property\">SolResFotoDescargue_Pesaje</span>\": <span class=sf-dump-num>0</span>
      +\"<span class=sf-dump-public title=\"Runtime added dynamic property\">SolResFotoTratamiento</span>\": <span class=sf-dump-num>0</span>
      +\"<span class=sf-dump-public title=\"Runtime added dynamic property\">SolResVideoDescargue_Pesaje</span>\": <span class=sf-dump-num>0</span>
      +\"<span class=sf-dump-public title=\"Runtime added dynamic property\">SolResVideoTratamiento</span>\": <span class=sf-dump-num>0</span>
      +\"<span class=sf-dump-public title=\"Runtime added dynamic property\">FK_SolResRg</span>\": <span class=sf-dump-num>9509</span>
      +\"<span class=sf-dump-public title=\"Runtime added dynamic property\">SolResCantiUnidadRecibida</span>\": <span class=sf-dump-const>null</span>
      +\"<span class=sf-dump-public title=\"Runtime added dynamic property\">SolResCantiUnidadConciliada</span>\": <span class=sf-dump-const>null</span>
      +\"<span class=sf-dump-public title=\"Runtime added dynamic property\">SolResCantiUnidadTratada</span>\": <span class=sf-dump-const>null</span>
      +\"<span class=sf-dump-public title=\"Runtime added dynamic property\">SolResDevolucion</span>\": <span class=sf-dump-num>0</span>
      +\"<span class=sf-dump-public title=\"Runtime added dynamic property\">SolResDevolCantidad</span>\": \"<span class=sf-dump-str>0</span>\"
      +\"<span class=sf-dump-public title=\"Runtime added dynamic property\">SolResAuditoria</span>\": <span class=sf-dump-num>0</span>
      +\"<span class=sf-dump-public title=\"Runtime added dynamic property\">SolResAuditoriaTipo</span>\": \"<span class=sf-dump-str>0</span>\"
      +\"<span class=sf-dump-public title=\"Runtime added dynamic property\">SolResPrecio</span>\": \"<span class=sf-dump-str title=\"4 characters\">0.00</span>\"
      +\"<span class=sf-dump-public title=\"Runtime added dynamic property\">FK_SolResRequerimiento</span>\": <span class=sf-dump-num>62291</span>
      +\"<span class=sf-dump-public title=\"Runtime added dynamic property\">SolResRM</span>\": <span class=sf-dump-const>null</span>
      +\"<span class=sf-dump-public title=\"Runtime added dynamic property\">auto_SolResFotoDescargue_Pesaje</span>\": <span class=sf-dump-num>0</span>
      +\"<span class=sf-dump-public title=\"Runtime added dynamic property\">auto_SolResFotoTratamiento</span>\": <span class=sf-dump-num>0</span>
      +\"<span class=sf-dump-public title=\"Runtime added dynamic property\">auto_SolResVideoDescargue_Pesaje</span>\": <span class=sf-dump-num>0</span>
      +\"<span class=sf-dump-public title=\"Runtime added dynamic property\">auto_SolResVideoTratamiento</span>\": <span class=sf-dump-num>0</span>
      +\"<span class=sf-dump-public title=\"Runtime added dynamic property\">auto_SolResDevolucion</span>\": <span class=sf-dump-num>0</span>
      +\"<span class=sf-dump-public title=\"Runtime added dynamic property\">auto_SolResAuditoria</span>\": <span class=sf-dump-num>0</span>
      +\"<span class=sf-dump-public title=\"Runtime added dynamic property\">SolResTypePrecio</span>\": <span class=sf-dump-num>0</span>
      +\"<span class=sf-dump-public title=\"Runtime added dynamic property\">FK_SGener</span>\": <span class=sf-dump-num>408</span>
      +\"<span class=sf-dump-public title=\"Runtime added dynamic property\">ID_Respel</span>\": <span class=sf-dump-num>7922</span>
      +\"<span class=sf-dump-public title=\"Runtime added dynamic property\">RespelName</span>\": \"<span class=sf-dump-str title=\"23 characters\">Residuos Cortopunzantes</span>\"
      +\"<span class=sf-dump-public title=\"Runtime added dynamic property\">RespelDescrip</span>\": \"<span class=sf-dump-str title=\"97 characters\">residuos de agujas, lancetas o dem&#225;s elementos contaminados que puedan generar heridas en la piel</span>\"
      +\"<span class=sf-dump-public title=\"Runtime added dynamic property\">YRespelClasf4741</span>\": \"<span class=sf-dump-str title=\"2 characters\">Y1</span>\"
      +\"<span class=sf-dump-public title=\"Runtime added dynamic property\">ARespelClasf4741</span>\": <span class=sf-dump-const>null</span>
      +\"<span class=sf-dump-public title=\"Runtime added dynamic property\">RespelIgrosidad</span>\": \"<span class=sf-dump-str title=\"21 characters\">Pat&#243;geno - Infeccioso</span>\"
      +\"<span class=sf-dump-public title=\"Runtime added dynamic property\">RespelEstado</span>\": \"<span class=sf-dump-str title=\"6 characters\">S&#243;lido</span>\"
      +\"<span class=sf-dump-public title=\"Runtime added dynamic property\">RespelHojaSeguridad</span>\": \"<span class=sf-dump-str title=\"68 characters\">eb7a5575645fc5b1ea96bb294e321f5657b2ef6871bf40d3d5b9d35d4fd34cd3.pdf</span>\"
      +\"<span class=sf-dump-public title=\"Runtime added dynamic property\">RespelTarj</span>\": \"<span class=sf-dump-str title=\"68 characters\">a94a8bba9e633c547f24a88adcf155b5ead4710f83b9ea586a242699d9af6cfa.pdf</span>\"
      +\"<span class=sf-dump-public title=\"Runtime added dynamic property\">RespelStatus</span>\": \"<span class=sf-dump-str title=\"8 characters\">Aprobado</span>\"
      +\"<span class=sf-dump-public title=\"Runtime added dynamic property\">RespelSlug</span>\": \"<span class=sf-dump-str title=\"64 characters\">11686a7ebd44d79b062bd159af8cbbc44606150a4193455a9be3712e55594ea3</span>\"
      +\"<span class=sf-dump-public title=\"Runtime added dynamic property\">RespelDelete</span>\": <span class=sf-dump-num>0</span>
      +\"<span class=sf-dump-public title=\"Runtime added dynamic property\">FK_RespelCoti</span>\": <span class=sf-dump-num>2999</span>
      +\"<span class=sf-dump-public title=\"Runtime added dynamic property\">RespelFoto</span>\": \"<span class=sf-dump-str title=\"68 characters\">a8e1577f7f30f30dc48b19df438c690622b05a88b99ee02cf6154b05c90c651f.png</span>\"
      +\"<span class=sf-dump-public title=\"Runtime added dynamic property\">SustanciaControlada</span>\": <span class=sf-dump-num>0</span>
      +\"<span class=sf-dump-public title=\"Runtime added dynamic property\">SustanciaControladaTipo</span>\": <span class=sf-dump-const>null</span>
      +\"<span class=sf-dump-public title=\"Runtime added dynamic property\">SustanciaControladaNombre</span>\": <span class=sf-dump-const>null</span>
      +\"<span class=sf-dump-public title=\"Runtime added dynamic property\">SustanciaControladaDocumento</span>\": <span class=sf-dump-const>null</span>
      +\"<span class=sf-dump-public title=\"Runtime added dynamic property\">RespelDeclaracion</span>\": <span class=sf-dump-num>1</span>
      +\"<span class=sf-dump-public title=\"Runtime added dynamic property\">AceiteUsado</span>\": <span class=sf-dump-num>0</span>
      +\"<span class=sf-dump-public title=\"Runtime added dynamic property\">RespelStatusDescription</span>\": \"<span class=sf-dump-str title=\"11 characters\">APROBADO DP</span>\"
      +\"<span class=sf-dump-public title=\"Runtime added dynamic property\">RespelPublic</span>\": <span class=sf-dump-num>0</span>
      +\"<span class=sf-dump-public title=\"Runtime added dynamic property\">FK_SubCategoryRP</span>\": <span class=sf-dump-const>null</span>
      +\"<span class=sf-dump-public title=\"Runtime added dynamic property\">ID_Req</span>\": <span class=sf-dump-num>62291</span>
      +\"<span class=sf-dump-public title=\"Runtime added dynamic property\">TratName</span>\": \"<span class=sf-dump-str title=\"16 characters\">TermoDestrucci&#243;n</span>\"
      +\"<span class=sf-dump-public title=\"Runtime added dynamic property\">ID_Trat</span>\": <span class=sf-dump-num>1</span>
      +\"<span class=sf-dump-public title=\"Runtime added dynamic property\">CliShortName</span>\": \"<span class=sf-dump-str title=\"17 characters\">Prosarc S.A. ESP.</span>\"
      +\"<span class=sf-dump-public title=\"Runtime added dynamic property\">pretratamientosSelected</span>\": <span class=sf-dump-note title=\"Illuminate\\Database\\Eloquent\\Collection
\"><span class=\"sf-dump-ellipsis sf-dump-ellipsis-note\">Illuminate\\Database\\Eloquent</span><span class=\"sf-dump-ellipsis sf-dump-ellipsis-note\">\\</span>Collection</span> {<a class=sf-dump-ref>#2273</a> &#8230;2}
      +\"<span class=sf-dump-public title=\"Runtime added dynamic property\">tarifa</span>\": <span class=sf-dump-note title=\"App\\Tarifa
\"><span class=\"sf-dump-ellipsis sf-dump-ellipsis-note\">App</span><span class=\"sf-dump-ellipsis sf-dump-ellipsis-note\">\\</span>Tarifa</span> {<a class=sf-dump-ref>#2287</a> &#8230;30}
      +\"<span class=sf-dump-public title=\"Runtime added dynamic property\">ctarifa</span>\": <span class=sf-dump-const>null</span>
      +\"<span class=sf-dump-public title=\"Runtime added dynamic property\">SolResRM2</span>\": <span class=sf-dump-const>null</span>
    </samp>}
    <span class=sf-dump-index>3</span> => {<a class=sf-dump-ref>#2198</a><samp data-depth=3 class=sf-dump-compact>
      +\"<span class=sf-dump-public title=\"Runtime added dynamic property\">ID_SolRes</span>\": <span class=sf-dump-num>41692</span>
      +\"<span class=sf-dump-public title=\"Runtime added dynamic property\">SolResKgEnviado</span>\": \"<span class=sf-dump-str title=\"4 characters\">1.20</span>\"
      +\"<span class=sf-dump-public title=\"Runtime added dynamic property\">SolResKgRecibido</span>\": \"<span class=sf-dump-str title=\"4 characters\">0.00</span>\"
      +\"<span class=sf-dump-public title=\"Runtime added dynamic property\">SolResKgConciliado</span>\": \"<span class=sf-dump-str title=\"4 characters\">0.00</span>\"
      +\"<span class=sf-dump-public title=\"Runtime added dynamic property\">SolResKgTratado</span>\": \"<span class=sf-dump-str title=\"4 characters\">0.00</span>\"
      +\"<span class=sf-dump-public title=\"Runtime added dynamic property\">created_at</span>\": \"<span class=sf-dump-str title=\"19 characters\">2021-01-08 13:43:36</span>\"
      +\"<span class=sf-dump-public title=\"Runtime added dynamic property\">updated_at</span>\": \"<span class=sf-dump-str title=\"19 characters\">2021-04-07 19:12:51</span>\"
      +\"<span class=sf-dump-public title=\"Runtime added dynamic property\">SolResDelete</span>\": <span class=sf-dump-num>0</span>
      +\"<span class=sf-dump-public title=\"Runtime added dynamic property\">SolResSlug</span>\": \"<span class=sf-dump-str title=\"64 characters\">f7ffa81f77933ef69fc685482ed61a4f288288608276b09f33e4ff05a604e960</span>\"
      +\"<span class=sf-dump-public title=\"Runtime added dynamic property\">FK_SolResSolSer</span>\": <span class=sf-dump-num>46367</span>
      +\"<span class=sf-dump-public title=\"Runtime added dynamic property\">SolResTypeUnidad</span>\": <span class=sf-dump-const>null</span>
      +\"<span class=sf-dump-public title=\"Runtime added dynamic property\">SolResCantiUnidad</span>\": <span class=sf-dump-const>null</span>
      +\"<span class=sf-dump-public title=\"Runtime added dynamic property\">SolResEmbalaje</span>\": \"<span class=sf-dump-str title=\"12 characters\">Sacos/Bolsas</span>\"
      +\"<span class=sf-dump-public title=\"Runtime added dynamic property\">SolResAlto</span>\": <span class=sf-dump-const>null</span>
      +\"<span class=sf-dump-public title=\"Runtime added dynamic property\">SolResAncho</span>\": <span class=sf-dump-const>null</span>
      +\"<span class=sf-dump-public title=\"Runtime added dynamic property\">SolResProfundo</span>\": <span class=sf-dump-const>null</span>
      +\"<span class=sf-dump-public title=\"Runtime added dynamic property\">SolResFotoDescargue_Pesaje</span>\": <span class=sf-dump-num>0</span>
      +\"<span class=sf-dump-public title=\"Runtime added dynamic property\">SolResFotoTratamiento</span>\": <span class=sf-dump-num>0</span>
      +\"<span class=sf-dump-public title=\"Runtime added dynamic property\">SolResVideoDescargue_Pesaje</span>\": <span class=sf-dump-num>0</span>
      +\"<span class=sf-dump-public title=\"Runtime added dynamic property\">SolResVideoTratamiento</span>\": <span class=sf-dump-num>0</span>
      +\"<span class=sf-dump-public title=\"Runtime added dynamic property\">FK_SolResRg</span>\": <span class=sf-dump-num>1846</span>
      +\"<span class=sf-dump-public title=\"Runtime added dynamic property\">SolResCantiUnidadRecibida</span>\": <span class=sf-dump-const>null</span>
      +\"<span class=sf-dump-public title=\"Runtime added dynamic property\">SolResCantiUnidadConciliada</span>\": <span class=sf-dump-const>null</span>
      +\"<span class=sf-dump-public title=\"Runtime added dynamic property\">SolResCantiUnidadTratada</span>\": <span class=sf-dump-const>null</span>
      +\"<span class=sf-dump-public title=\"Runtime added dynamic property\">SolResDevolucion</span>\": <span class=sf-dump-num>0</span>
      +\"<span class=sf-dump-public title=\"Runtime added dynamic property\">SolResDevolCantidad</span>\": \"<span class=sf-dump-str>0</span>\"
      +\"<span class=sf-dump-public title=\"Runtime added dynamic property\">SolResAuditoria</span>\": <span class=sf-dump-num>0</span>
      +\"<span class=sf-dump-public title=\"Runtime added dynamic property\">SolResAuditoriaTipo</span>\": \"<span class=sf-dump-str>0</span>\"
      +\"<span class=sf-dump-public title=\"Runtime added dynamic property\">SolResPrecio</span>\": \"<span class=sf-dump-str title=\"4 characters\">0.00</span>\"
      +\"<span class=sf-dump-public title=\"Runtime added dynamic property\">FK_SolResRequerimiento</span>\": <span class=sf-dump-num>62292</span>
      +\"<span class=sf-dump-public title=\"Runtime added dynamic property\">SolResRM</span>\": <span class=sf-dump-const>null</span>
      +\"<span class=sf-dump-public title=\"Runtime added dynamic property\">auto_SolResFotoDescargue_Pesaje</span>\": <span class=sf-dump-num>0</span>
      +\"<span class=sf-dump-public title=\"Runtime added dynamic property\">auto_SolResFotoTratamiento</span>\": <span class=sf-dump-num>0</span>
      +\"<span class=sf-dump-public title=\"Runtime added dynamic property\">auto_SolResVideoDescargue_Pesaje</span>\": <span class=sf-dump-num>0</span>
      +\"<span class=sf-dump-public title=\"Runtime added dynamic property\">auto_SolResVideoTratamiento</span>\": <span class=sf-dump-num>0</span>
      +\"<span class=sf-dump-public title=\"Runtime added dynamic property\">auto_SolResDevolucion</span>\": <span class=sf-dump-num>0</span>
      +\"<span class=sf-dump-public title=\"Runtime added dynamic property\">auto_SolResAuditoria</span>\": <span class=sf-dump-num>0</span>
      +\"<span class=sf-dump-public title=\"Runtime added dynamic property\">SolResTypePrecio</span>\": <span class=sf-dump-num>0</span>
      +\"<span class=sf-dump-public title=\"Runtime added dynamic property\">FK_SGener</span>\": <span class=sf-dump-num>408</span>
      +\"<span class=sf-dump-public title=\"Runtime added dynamic property\">ID_Respel</span>\": <span class=sf-dump-num>1200</span>
      +\"<span class=sf-dump-public title=\"Runtime added dynamic property\">RespelName</span>\": \"<span class=sf-dump-str title=\"17 characters\">RESIDUOS QU&#205;MICOS</span>\"
      +\"<span class=sf-dump-public title=\"Runtime added dynamic property\">RespelDescrip</span>\": \"<span class=sf-dump-str title=\"76 characters\">ENVASES CON RESTOS DE PRODUCTOS QU&#205;MICOS Y MATERIAL CONTAMINADO CON RECTIVOS</span>\"
      +\"<span class=sf-dump-public title=\"Runtime added dynamic property\">YRespelClasf4741</span>\": <span class=sf-dump-const>null</span>
      +\"<span class=sf-dump-public title=\"Runtime added dynamic property\">ARespelClasf4741</span>\": \"<span class=sf-dump-str title=\"5 characters\">A4140</span>\"
      +\"<span class=sf-dump-public title=\"Runtime added dynamic property\">RespelIgrosidad</span>\": \"<span class=sf-dump-str title=\"6 characters\">Toxico</span>\"
      +\"<span class=sf-dump-public title=\"Runtime added dynamic property\">RespelEstado</span>\": \"<span class=sf-dump-str title=\"6 characters\">S&#243;lido</span>\"
      +\"<span class=sf-dump-public title=\"Runtime added dynamic property\">RespelHojaSeguridad</span>\": \"<span class=sf-dump-str title=\"68 characters\">40f2482e6001439c200976f6f12266154f3d8940ec99221eb91ce99e5e2359de.pdf</span>\"
      +\"<span class=sf-dump-public title=\"Runtime added dynamic property\">RespelTarj</span>\": \"<span class=sf-dump-str title=\"68 characters\">449a98b0200b015f0a4b4fcaef74f5640be9d17182a1b66b11fed73d4b394a88.pdf</span>\"
      +\"<span class=sf-dump-public title=\"Runtime added dynamic property\">RespelStatus</span>\": \"<span class=sf-dump-str title=\"8 characters\">Aprobado</span>\"
      +\"<span class=sf-dump-public title=\"Runtime added dynamic property\">RespelSlug</span>\": \"<span class=sf-dump-str title=\"64 characters\">ba1d21855ae2bfd3b9ac27db2f5a8641e0bc7c1fe64a5394ddaf63086035884b</span>\"
      +\"<span class=sf-dump-public title=\"Runtime added dynamic property\">RespelDelete</span>\": <span class=sf-dump-num>0</span>
      +\"<span class=sf-dump-public title=\"Runtime added dynamic property\">FK_RespelCoti</span>\": <span class=sf-dump-num>1192</span>
      +\"<span class=sf-dump-public title=\"Runtime added dynamic property\">RespelFoto</span>\": \"<span class=sf-dump-str title=\"21 characters\">RespelFotoDefault.png</span>\"
      +\"<span class=sf-dump-public title=\"Runtime added dynamic property\">SustanciaControlada</span>\": <span class=sf-dump-num>0</span>
      +\"<span class=sf-dump-public title=\"Runtime added dynamic property\">SustanciaControladaTipo</span>\": <span class=sf-dump-num>1</span>
      +\"<span class=sf-dump-public title=\"Runtime added dynamic property\">SustanciaControladaNombre</span>\": \"<span class=sf-dump-str title=\"35 characters\">Aceite combustible para motor- ACPM</span>\"
      +\"<span class=sf-dump-public title=\"Runtime added dynamic property\">SustanciaControladaDocumento</span>\": <span class=sf-dump-const>null</span>
      +\"<span class=sf-dump-public title=\"Runtime added dynamic property\">RespelDeclaracion</span>\": <span class=sf-dump-num>1</span>
      +\"<span class=sf-dump-public title=\"Runtime added dynamic property\">AceiteUsado</span>\": <span class=sf-dump-num>0</span>
      +\"<span class=sf-dump-public title=\"Runtime added dynamic property\">RespelStatusDescription</span>\": <span class=sf-dump-const>null</span>
      +\"<span class=sf-dump-public title=\"Runtime added dynamic property\">RespelPublic</span>\": <span class=sf-dump-num>0</span>
      +\"<span class=sf-dump-public title=\"Runtime added dynamic property\">FK_SubCategoryRP</span>\": <span class=sf-dump-const>null</span>
      +\"<span class=sf-dump-public title=\"Runtime added dynamic property\">ID_Req</span>\": <span class=sf-dump-num>62292</span>
      +\"<span class=sf-dump-public title=\"Runtime added dynamic property\">TratName</span>\": \"<span class=sf-dump-str title=\"16 characters\">TermoDestrucci&#243;n</span>\"
      +\"<span class=sf-dump-public title=\"Runtime added dynamic property\">ID_Trat</span>\": <span class=sf-dump-num>1</span>
      +\"<span class=sf-dump-public title=\"Runtime added dynamic property\">CliShortName</span>\": \"<span class=sf-dump-str title=\"17 characters\">Prosarc S.A. ESP.</span>\"
      +\"<span class=sf-dump-public title=\"Runtime added dynamic property\">pretratamientosSelected</span>\": <span class=sf-dump-note title=\"Illuminate\\Database\\Eloquent\\Collection
\"><span class=\"sf-dump-ellipsis sf-dump-ellipsis-note\">Illuminate\\Database\\Eloquent</span><span class=\"sf-dump-ellipsis sf-dump-ellipsis-note\">\\</span>Collection</span> {<a class=sf-dump-ref>#2304</a> &#8230;2}
      +\"<span class=sf-dump-public title=\"Runtime added dynamic property\">tarifa</span>\": <span class=sf-dump-note title=\"App\\Tarifa
\"><span class=\"sf-dump-ellipsis sf-dump-ellipsis-note\">App</span><span class=\"sf-dump-ellipsis sf-dump-ellipsis-note\">\\</span>Tarifa</span> {<a class=sf-dump-ref>#2318</a> &#8230;30}
      +\"<span class=sf-dump-public title=\"Runtime added dynamic property\">ctarifa</span>\": <span class=sf-dump-const>null</span>
      +\"<span class=sf-dump-public title=\"Runtime added dynamic property\">SolResRM2</span>\": <span class=sf-dump-const>null</span>
    </samp>}
    <span class=sf-dump-index>4</span> => {<a class=sf-dump-ref>#2200</a><samp data-depth=3 class=sf-dump-compact>
      +\"<span class=sf-dump-public title=\"Runtime added dynamic property\">ID_SolRes</span>\": <span class=sf-dump-num>41693</span>
      +\"<span class=sf-dump-public title=\"Runtime added dynamic property\">SolResKgEnviado</span>\": \"<span class=sf-dump-str title=\"4 characters\">1.20</span>\"
      +\"<span class=sf-dump-public title=\"Runtime added dynamic property\">SolResKgRecibido</span>\": \"<span class=sf-dump-str title=\"4 characters\">0.00</span>\"
      +\"<span class=sf-dump-public title=\"Runtime added dynamic property\">SolResKgConciliado</span>\": \"<span class=sf-dump-str title=\"4 characters\">0.00</span>\"
      +\"<span class=sf-dump-public title=\"Runtime added dynamic property\">SolResKgTratado</span>\": \"<span class=sf-dump-str title=\"4 characters\">0.00</span>\"
      +\"<span class=sf-dump-public title=\"Runtime added dynamic property\">created_at</span>\": \"<span class=sf-dump-str title=\"19 characters\">2020-10-26 16:28:27</span>\"
      +\"<span class=sf-dump-public title=\"Runtime added dynamic property\">updated_at</span>\": \"<span class=sf-dump-str title=\"19 characters\">2021-04-07 19:12:12</span>\"
      +\"<span class=sf-dump-public title=\"Runtime added dynamic property\">SolResDelete</span>\": <span class=sf-dump-num>0</span>
      +\"<span class=sf-dump-public title=\"Runtime added dynamic property\">SolResSlug</span>\": \"<span class=sf-dump-str title=\"64 characters\">b28692ffdda6d130c1b342a57347fd3d77c0684aad13dbe33284628b8f12d746</span>\"
      +\"<span class=sf-dump-public title=\"Runtime added dynamic property\">FK_SolResSolSer</span>\": <span class=sf-dump-num>46367</span>
      +\"<span class=sf-dump-public title=\"Runtime added dynamic property\">SolResTypeUnidad</span>\": <span class=sf-dump-const>null</span>
      +\"<span class=sf-dump-public title=\"Runtime added dynamic property\">SolResCantiUnidad</span>\": <span class=sf-dump-const>null</span>
      +\"<span class=sf-dump-public title=\"Runtime added dynamic property\">SolResEmbalaje</span>\": \"<span class=sf-dump-str title=\"15 characters\">Bidones Grandes</span>\"
      +\"<span class=sf-dump-public title=\"Runtime added dynamic property\">SolResAlto</span>\": <span class=sf-dump-const>null</span>
      +\"<span class=sf-dump-public title=\"Runtime added dynamic property\">SolResAncho</span>\": <span class=sf-dump-const>null</span>
      +\"<span class=sf-dump-public title=\"Runtime added dynamic property\">SolResProfundo</span>\": <span class=sf-dump-const>null</span>
      +\"<span class=sf-dump-public title=\"Runtime added dynamic property\">SolResFotoDescargue_Pesaje</span>\": <span class=sf-dump-num>0</span>
      +\"<span class=sf-dump-public title=\"Runtime added dynamic property\">SolResFotoTratamiento</span>\": <span class=sf-dump-num>0</span>
      +\"<span class=sf-dump-public title=\"Runtime added dynamic property\">SolResVideoDescargue_Pesaje</span>\": <span class=sf-dump-num>0</span>
      +\"<span class=sf-dump-public title=\"Runtime added dynamic property\">SolResVideoTratamiento</span>\": <span class=sf-dump-num>0</span>
      +\"<span class=sf-dump-public title=\"Runtime added dynamic property\">FK_SolResRg</span>\": <span class=sf-dump-num>1820</span>
      +\"<span class=sf-dump-public title=\"Runtime added dynamic property\">SolResCantiUnidadRecibida</span>\": <span class=sf-dump-const>null</span>
      +\"<span class=sf-dump-public title=\"Runtime added dynamic property\">SolResCantiUnidadConciliada</span>\": <span class=sf-dump-const>null</span>
      +\"<span class=sf-dump-public title=\"Runtime added dynamic property\">SolResCantiUnidadTratada</span>\": <span class=sf-dump-const>null</span>
      +\"<span class=sf-dump-public title=\"Runtime added dynamic property\">SolResDevolucion</span>\": <span class=sf-dump-num>0</span>
      +\"<span class=sf-dump-public title=\"Runtime added dynamic property\">SolResDevolCantidad</span>\": \"<span class=sf-dump-str>0</span>\"
      +\"<span class=sf-dump-public title=\"Runtime added dynamic property\">SolResAuditoria</span>\": <span class=sf-dump-num>0</span>
      +\"<span class=sf-dump-public title=\"Runtime added dynamic property\">SolResAuditoriaTipo</span>\": \"<span class=sf-dump-str>0</span>\"
      +\"<span class=sf-dump-public title=\"Runtime added dynamic property\">SolResPrecio</span>\": \"<span class=sf-dump-str title=\"4 characters\">0.00</span>\"
      +\"<span class=sf-dump-public title=\"Runtime added dynamic property\">FK_SolResRequerimiento</span>\": <span class=sf-dump-num>62293</span>
      +\"<span class=sf-dump-public title=\"Runtime added dynamic property\">SolResRM</span>\": <span class=sf-dump-const>null</span>
      +\"<span class=sf-dump-public title=\"Runtime added dynamic property\">auto_SolResFotoDescargue_Pesaje</span>\": <span class=sf-dump-num>0</span>
      +\"<span class=sf-dump-public title=\"Runtime added dynamic property\">auto_SolResFotoTratamiento</span>\": <span class=sf-dump-num>0</span>
      +\"<span class=sf-dump-public title=\"Runtime added dynamic property\">auto_SolResVideoDescargue_Pesaje</span>\": <span class=sf-dump-num>0</span>
      +\"<span class=sf-dump-public title=\"Runtime added dynamic property\">auto_SolResVideoTratamiento</span>\": <span class=sf-dump-num>0</span>
      +\"<span class=sf-dump-public title=\"Runtime added dynamic property\">auto_SolResDevolucion</span>\": <span class=sf-dump-num>0</span>
      +\"<span class=sf-dump-public title=\"Runtime added dynamic property\">auto_SolResAuditoria</span>\": <span class=sf-dump-num>0</span>
      +\"<span class=sf-dump-public title=\"Runtime added dynamic property\">SolResTypePrecio</span>\": <span class=sf-dump-num>0</span>
      +\"<span class=sf-dump-public title=\"Runtime added dynamic property\">FK_SGener</span>\": <span class=sf-dump-num>408</span>
      +\"<span class=sf-dump-public title=\"Runtime added dynamic property\">ID_Respel</span>\": <span class=sf-dump-num>671</span>
      +\"<span class=sf-dump-public title=\"Runtime added dynamic property\">RespelName</span>\": \"<span class=sf-dump-str title=\"44 characters\">Residuo L&#237;quido con reactivos de laboratorio</span>\"
      +\"<span class=sf-dump-public title=\"Runtime added dynamic property\">RespelDescrip</span>\": \"<span class=sf-dump-str title=\"128 characters\">Residuo en estado l&#237;quido con caracter&#237;sticas de peligrosidad, incoloro, estable, almacenado en bidones de pl&#225;stico de 60 litros</span>\"
      +\"<span class=sf-dump-public title=\"Runtime added dynamic property\">YRespelClasf4741</span>\": <span class=sf-dump-const>null</span>
      +\"<span class=sf-dump-public title=\"Runtime added dynamic property\">ARespelClasf4741</span>\": \"<span class=sf-dump-str title=\"5 characters\">A4140</span>\"
      +\"<span class=sf-dump-public title=\"Runtime added dynamic property\">RespelIgrosidad</span>\": \"<span class=sf-dump-str title=\"6 characters\">Toxico</span>\"
      +\"<span class=sf-dump-public title=\"Runtime added dynamic property\">RespelEstado</span>\": \"<span class=sf-dump-str title=\"7 characters\">L&#237;quido</span>\"
      +\"<span class=sf-dump-public title=\"Runtime added dynamic property\">RespelHojaSeguridad</span>\": \"<span class=sf-dump-str title=\"68 characters\">6c8edea987a0c3c1ab40b12e985973a174f87cbd2849287989e36816adb556f8.pdf</span>\"
      +\"<span class=sf-dump-public title=\"Runtime added dynamic property\">RespelTarj</span>\": \"<span class=sf-dump-str title=\"68 characters\">f3d677598eceab4a0c765a1d865924338ce901b639ab3294988bc51c7f35059e.pdf</span>\"
      +\"<span class=sf-dump-public title=\"Runtime added dynamic property\">RespelStatus</span>\": \"<span class=sf-dump-str title=\"8 characters\">Aprobado</span>\"
      +\"<span class=sf-dump-public title=\"Runtime added dynamic property\">RespelSlug</span>\": \"<span class=sf-dump-str title=\"64 characters\">513c622bc3b954e93177db76b92403f2889316d32848d65adad0c06e59effbb2</span>\"
      +\"<span class=sf-dump-public title=\"Runtime added dynamic property\">RespelDelete</span>\": <span class=sf-dump-num>0</span>
      +\"<span class=sf-dump-public title=\"Runtime added dynamic property\">FK_RespelCoti</span>\": <span class=sf-dump-num>663</span>
      +\"<span class=sf-dump-public title=\"Runtime added dynamic property\">RespelFoto</span>\": \"<span class=sf-dump-str title=\"68 characters\">f3f0dd0f305fb24ec35adc52e7992a875a6b27933c07824779e28c283a7ebdcd.png</span>\"
      +\"<span class=sf-dump-public title=\"Runtime added dynamic property\">SustanciaControlada</span>\": <span class=sf-dump-num>0</span>
      +\"<span class=sf-dump-public title=\"Runtime added dynamic property\">SustanciaControladaTipo</span>\": <span class=sf-dump-num>1</span>
      +\"<span class=sf-dump-public title=\"Runtime added dynamic property\">SustanciaControladaNombre</span>\": \"<span class=sf-dump-str title=\"35 characters\">Aceite combustible para motor- ACPM</span>\"
      +\"<span class=sf-dump-public title=\"Runtime added dynamic property\">SustanciaControladaDocumento</span>\": <span class=sf-dump-const>null</span>
      +\"<span class=sf-dump-public title=\"Runtime added dynamic property\">RespelDeclaracion</span>\": <span class=sf-dump-num>1</span>
      +\"<span class=sf-dump-public title=\"Runtime added dynamic property\">AceiteUsado</span>\": <span class=sf-dump-num>0</span>
      +\"<span class=sf-dump-public title=\"Runtime added dynamic property\">RespelStatusDescription</span>\": <span class=sf-dump-const>null</span>
      +\"<span class=sf-dump-public title=\"Runtime added dynamic property\">RespelPublic</span>\": <span class=sf-dump-num>0</span>
      +\"<span class=sf-dump-public title=\"Runtime added dynamic property\">FK_SubCategoryRP</span>\": <span class=sf-dump-const>null</span>
      +\"<span class=sf-dump-public title=\"Runtime added dynamic property\">ID_Req</span>\": <span class=sf-dump-num>62293</span>
      +\"<span class=sf-dump-public title=\"Runtime added dynamic property\">TratName</span>\": \"<span class=sf-dump-str title=\"16 characters\">TermoDestrucci&#243;n</span>\"
      +\"<span class=sf-dump-public title=\"Runtime added dynamic property\">ID_Trat</span>\": <span class=sf-dump-num>1</span>
      +\"<span class=sf-dump-public title=\"Runtime added dynamic property\">CliShortName</span>\": \"<span class=sf-dump-str title=\"17 characters\">Prosarc S.A. ESP.</span>\"
      +\"<span class=sf-dump-public title=\"Runtime added dynamic property\">pretratamientosSelected</span>\": <span class=sf-dump-note title=\"Illuminate\\Database\\Eloquent\\Collection
\"><span class=\"sf-dump-ellipsis sf-dump-ellipsis-note\">Illuminate\\Database\\Eloquent</span><span class=\"sf-dump-ellipsis sf-dump-ellipsis-note\">\\</span>Collection</span> {<a class=sf-dump-ref>#2335</a> &#8230;2}
      +\"<span class=sf-dump-public title=\"Runtime added dynamic property\">tarifa</span>\": <span class=sf-dump-note title=\"App\\Tarifa
\"><span class=\"sf-dump-ellipsis sf-dump-ellipsis-note\">App</span><span class=\"sf-dump-ellipsis sf-dump-ellipsis-note\">\\</span>Tarifa</span> {<a class=sf-dump-ref>#2349</a> &#8230;30}
      +\"<span class=sf-dump-public title=\"Runtime added dynamic property\">ctarifa</span>\": <span class=sf-dump-const>null</span>
      +\"<span class=sf-dump-public title=\"Runtime added dynamic property\">SolResRM2</span>\": <span class=sf-dump-const>null</span>
    </samp>}
    <span class=sf-dump-index>5</span> => {<a class=sf-dump-ref>#2201</a><samp data-depth=3 class=sf-dump-compact>
      +\"<span class=sf-dump-public title=\"Runtime added dynamic property\">ID_SolRes</span>\": <span class=sf-dump-num>41698</span>
      +\"<span class=sf-dump-public title=\"Runtime added dynamic property\">SolResKgEnviado</span>\": \"<span class=sf-dump-str title=\"4 characters\">3.00</span>\"
      +\"<span class=sf-dump-public title=\"Runtime added dynamic property\">SolResKgRecibido</span>\": \"<span class=sf-dump-str title=\"4 characters\">0.00</span>\"
      +\"<span class=sf-dump-public title=\"Runtime added dynamic property\">SolResKgConciliado</span>\": \"<span class=sf-dump-str title=\"4 characters\">0.00</span>\"
      +\"<span class=sf-dump-public title=\"Runtime added dynamic property\">SolResKgTratado</span>\": \"<span class=sf-dump-str title=\"4 characters\">0.00</span>\"
      +\"<span class=sf-dump-public title=\"Runtime added dynamic property\">created_at</span>\": \"<span class=sf-dump-str title=\"19 characters\">2022-09-12 09:29:00</span>\"
      +\"<span class=sf-dump-public title=\"Runtime added dynamic property\">updated_at</span>\": \"<span class=sf-dump-str title=\"19 characters\">2022-09-14 09:59:47</span>\"
      +\"<span class=sf-dump-public title=\"Runtime added dynamic property\">SolResDelete</span>\": <span class=sf-dump-num>0</span>
      +\"<span class=sf-dump-public title=\"Runtime added dynamic property\">SolResSlug</span>\": \"<span class=sf-dump-str title=\"64 characters\">1464034fca0865b2e0ba5b08308fe17fb318c8c3a30df856c360e8aff8856d9d</span>\"
      +\"<span class=sf-dump-public title=\"Runtime added dynamic property\">FK_SolResSolSer</span>\": <span class=sf-dump-num>46367</span>
      +\"<span class=sf-dump-public title=\"Runtime added dynamic property\">SolResTypeUnidad</span>\": <span class=sf-dump-const>null</span>
      +\"<span class=sf-dump-public title=\"Runtime added dynamic property\">SolResCantiUnidad</span>\": <span class=sf-dump-const>null</span>
      +\"<span class=sf-dump-public title=\"Runtime added dynamic property\">SolResEmbalaje</span>\": \"<span class=sf-dump-str title=\"12 characters\">Sacos/Bolsas</span>\"
      +\"<span class=sf-dump-public title=\"Runtime added dynamic property\">SolResAlto</span>\": <span class=sf-dump-const>null</span>
      +\"<span class=sf-dump-public title=\"Runtime added dynamic property\">SolResAncho</span>\": <span class=sf-dump-const>null</span>
      +\"<span class=sf-dump-public title=\"Runtime added dynamic property\">SolResProfundo</span>\": <span class=sf-dump-const>null</span>
      +\"<span class=sf-dump-public title=\"Runtime added dynamic property\">SolResFotoDescargue_Pesaje</span>\": <span class=sf-dump-num>0</span>
      +\"<span class=sf-dump-public title=\"Runtime added dynamic property\">SolResFotoTratamiento</span>\": <span class=sf-dump-num>0</span>
      +\"<span class=sf-dump-public title=\"Runtime added dynamic property\">SolResVideoDescargue_Pesaje</span>\": <span class=sf-dump-num>0</span>
      +\"<span class=sf-dump-public title=\"Runtime added dynamic property\">SolResVideoTratamiento</span>\": <span class=sf-dump-num>0</span>
      +\"<span class=sf-dump-public title=\"Runtime added dynamic property\">FK_SolResRg</span>\": <span class=sf-dump-num>23233</span>
      +\"<span class=sf-dump-public title=\"Runtime added dynamic property\">SolResCantiUnidadRecibida</span>\": <span class=sf-dump-const>null</span>
      +\"<span class=sf-dump-public title=\"Runtime added dynamic property\">SolResCantiUnidadConciliada</span>\": <span class=sf-dump-const>null</span>
      +\"<span class=sf-dump-public title=\"Runtime added dynamic property\">SolResCantiUnidadTratada</span>\": <span class=sf-dump-const>null</span>
      +\"<span class=sf-dump-public title=\"Runtime added dynamic property\">SolResDevolucion</span>\": <span class=sf-dump-num>0</span>
      +\"<span class=sf-dump-public title=\"Runtime added dynamic property\">SolResDevolCantidad</span>\": \"<span class=sf-dump-str>0</span>\"
      +\"<span class=sf-dump-public title=\"Runtime added dynamic property\">SolResAuditoria</span>\": <span class=sf-dump-num>0</span>
      +\"<span class=sf-dump-public title=\"Runtime added dynamic property\">SolResAuditoriaTipo</span>\": <span class=sf-dump-const>null</span>
      +\"<span class=sf-dump-public title=\"Runtime added dynamic property\">SolResPrecio</span>\": \"<span class=sf-dump-str title=\"4 characters\">0.00</span>\"
      +\"<span class=sf-dump-public title=\"Runtime added dynamic property\">FK_SolResRequerimiento</span>\": <span class=sf-dump-num>62353</span>
      +\"<span class=sf-dump-public title=\"Runtime added dynamic property\">SolResRM</span>\": <span class=sf-dump-const>null</span>
      +\"<span class=sf-dump-public title=\"Runtime added dynamic property\">auto_SolResFotoDescargue_Pesaje</span>\": <span class=sf-dump-num>0</span>
      +\"<span class=sf-dump-public title=\"Runtime added dynamic property\">auto_SolResFotoTratamiento</span>\": <span class=sf-dump-num>0</span>
      +\"<span class=sf-dump-public title=\"Runtime added dynamic property\">auto_SolResVideoDescargue_Pesaje</span>\": <span class=sf-dump-num>0</span>
      +\"<span class=sf-dump-public title=\"Runtime added dynamic property\">auto_SolResVideoTratamiento</span>\": <span class=sf-dump-num>0</span>
      +\"<span class=sf-dump-public title=\"Runtime added dynamic property\">auto_SolResDevolucion</span>\": <span class=sf-dump-num>0</span>
      +\"<span class=sf-dump-public title=\"Runtime added dynamic property\">auto_SolResAuditoria</span>\": <span class=sf-dump-num>0</span>
      +\"<span class=sf-dump-public title=\"Runtime added dynamic property\">SolResTypePrecio</span>\": <span class=sf-dump-num>0</span>
      +\"<span class=sf-dump-public title=\"Runtime added dynamic property\">FK_SGener</span>\": <span class=sf-dump-num>408</span>
      +\"<span class=sf-dump-public title=\"Runtime added dynamic property\">ID_Respel</span>\": <span class=sf-dump-num>20761</span>
      +\"<span class=sf-dump-public title=\"Runtime added dynamic property\">RespelName</span>\": \"<span class=sf-dump-str title=\"24 characters\">amoniaco para uso m&#233;dico</span>\"
      +\"<span class=sf-dump-public title=\"Runtime added dynamic property\">RespelDescrip</span>\": \"<span class=sf-dump-str title=\"27 characters\">Amoniaco presentaci&#243;n 100ml</span>\"
      +\"<span class=sf-dump-public title=\"Runtime added dynamic property\">YRespelClasf4741</span>\": \"<span class=sf-dump-str title=\"3 characters\">Y35</span>\"
      +\"<span class=sf-dump-public title=\"Runtime added dynamic property\">ARespelClasf4741</span>\": <span class=sf-dump-const>null</span>
      +\"<span class=sf-dump-public title=\"Runtime added dynamic property\">RespelIgrosidad</span>\": \"<span class=sf-dump-str title=\"9 characters\">Corrosivo</span>\"
      +\"<span class=sf-dump-public title=\"Runtime added dynamic property\">RespelEstado</span>\": \"<span class=sf-dump-str title=\"7 characters\">L&#237;quido</span>\"
      +\"<span class=sf-dump-public title=\"Runtime added dynamic property\">RespelHojaSeguridad</span>\": \"<span class=sf-dump-str title=\"68 characters\">c95d24a341caf4db7139cf795853d2d3c69452bb0ac9bb9054f2fab3fc3910b0.pdf</span>\"
      +\"<span class=sf-dump-public title=\"Runtime added dynamic property\">RespelTarj</span>\": \"<span class=sf-dump-str title=\"68 characters\">4adb42a243c23838f16878ba9eb76101ede295fc84d7e9f3add831ba41dbb567.pdf</span>\"
      +\"<span class=sf-dump-public title=\"Runtime added dynamic property\">RespelStatus</span>\": \"<span class=sf-dump-str title=\"8 characters\">Aprobado</span>\"
      +\"<span class=sf-dump-public title=\"Runtime added dynamic property\">RespelSlug</span>\": \"<span class=sf-dump-str title=\"64 characters\">dd4f9e83d70ff6ec98d6454b5d58a0cd8d39c8540973b00789b7e71505a69e5b</span>\"
      +\"<span class=sf-dump-public title=\"Runtime added dynamic property\">RespelDelete</span>\": <span class=sf-dump-num>0</span>
      +\"<span class=sf-dump-public title=\"Runtime added dynamic property\">FK_RespelCoti</span>\": <span class=sf-dump-num>4575</span>
      +\"<span class=sf-dump-public title=\"Runtime added dynamic property\">RespelFoto</span>\": \"<span class=sf-dump-str title=\"68 characters\">6c5b1d2970f84fc7589f4f7a85dfbe929b2c15e0cf37c21c13e1ee5b6c024a8b.png</span>\"
      +\"<span class=sf-dump-public title=\"Runtime added dynamic property\">SustanciaControlada</span>\": <span class=sf-dump-num>0</span>
      +\"<span class=sf-dump-public title=\"Runtime added dynamic property\">SustanciaControladaTipo</span>\": <span class=sf-dump-num>1</span>
      +\"<span class=sf-dump-public title=\"Runtime added dynamic property\">SustanciaControladaNombre</span>\": \"<span class=sf-dump-str title=\"35 characters\">Aceite combustible para motor- ACPM</span>\"
      +\"<span class=sf-dump-public title=\"Runtime added dynamic property\">SustanciaControladaDocumento</span>\": <span class=sf-dump-const>null</span>
      +\"<span class=sf-dump-public title=\"Runtime added dynamic property\">RespelDeclaracion</span>\": <span class=sf-dump-num>1</span>
      +\"<span class=sf-dump-public title=\"Runtime added dynamic property\">AceiteUsado</span>\": <span class=sf-dump-num>0</span>
      +\"<span class=sf-dump-public title=\"Runtime added dynamic property\">RespelStatusDescription</span>\": \"\"\"
        <span class=sf-dump-str title=\"92 characters\">Se manejan cantidades inferiores a 5 l o 5 kg. <span class=\"sf-dump-default sf-dump-ns\">\\r\\n</span></span>
        <span class=sf-dump-str title=\"92 characters\">No se requiere de CCITE. <span class=\"sf-dump-default sf-dump-ns\">\\r\\n</span></span>
        <span class=sf-dump-str title=\"92 characters\"><span class=\"sf-dump-default sf-dump-ns\">\\r\\n</span></span>
        <span class=sf-dump-str title=\"92 characters\">Aprobado VHVP.</span>
        \"\"\"
      +\"<span class=sf-dump-public title=\"Runtime added dynamic property\">RespelPublic</span>\": <span class=sf-dump-num>0</span>
      +\"<span class=sf-dump-public title=\"Runtime added dynamic property\">FK_SubCategoryRP</span>\": <span class=sf-dump-const>null</span>
      +\"<span class=sf-dump-public title=\"Runtime added dynamic property\">ID_Req</span>\": <span class=sf-dump-num>62353</span>
      +\"<span class=sf-dump-public title=\"Runtime added dynamic property\">TratName</span>\": \"<span class=sf-dump-str title=\"16 characters\">TermoDestrucci&#243;n</span>\"
      +\"<span class=sf-dump-public title=\"Runtime added dynamic property\">ID_Trat</span>\": <span class=sf-dump-num>1</span>
      +\"<span class=sf-dump-public title=\"Runtime added dynamic property\">CliShortName</span>\": \"<span class=sf-dump-str title=\"17 characters\">Prosarc S.A. ESP.</span>\"
      +\"<span class=sf-dump-public title=\"Runtime added dynamic property\">pretratamientosSelected</span>\": <span class=sf-dump-note title=\"Illuminate\\Database\\Eloquent\\Collection
\"><span class=\"sf-dump-ellipsis sf-dump-ellipsis-note\">Illuminate\\Database\\Eloquent</span><span class=\"sf-dump-ellipsis sf-dump-ellipsis-note\">\\</span>Collection</span> {<a class=sf-dump-ref>#2366</a> &#8230;2}
      +\"<span class=sf-dump-public title=\"Runtime added dynamic property\">tarifa</span>\": <span class=sf-dump-note title=\"App\\Tarifa
\"><span class=\"sf-dump-ellipsis sf-dump-ellipsis-note\">App</span><span class=\"sf-dump-ellipsis sf-dump-ellipsis-note\">\\</span>Tarifa</span> {<a class=sf-dump-ref>#2380</a> &#8230;30}
      +\"<span class=sf-dump-public title=\"Runtime added dynamic property\">ctarifa</span>\": <span class=sf-dump-const>null</span>
      +\"<span class=sf-dump-public title=\"Runtime added dynamic property\">SolResRM2</span>\": <span class=sf-dump-const>null</span>
    </samp>}
    <span class=sf-dump-index>6</span> => {<a class=sf-dump-ref>#2202</a><samp data-depth=3 class=sf-dump-compact>
      +\"<span class=sf-dump-public title=\"Runtime added dynamic property\">ID_SolRes</span>\": <span class=sf-dump-num>41702</span>
      +\"<span class=sf-dump-public title=\"Runtime added dynamic property\">SolResKgEnviado</span>\": \"<span class=sf-dump-str title=\"5 characters\">10.00</span>\"
      +\"<span class=sf-dump-public title=\"Runtime added dynamic property\">SolResKgRecibido</span>\": \"<span class=sf-dump-str title=\"4 characters\">0.00</span>\"
      +\"<span class=sf-dump-public title=\"Runtime added dynamic property\">SolResKgConciliado</span>\": \"<span class=sf-dump-str title=\"4 characters\">0.00</span>\"
      +\"<span class=sf-dump-public title=\"Runtime added dynamic property\">SolResKgTratado</span>\": \"<span class=sf-dump-str title=\"4 characters\">0.00</span>\"
      +\"<span class=sf-dump-public title=\"Runtime added dynamic property\">created_at</span>\": \"<span class=sf-dump-str title=\"19 characters\">2022-12-19 09:53:02</span>\"
      +\"<span class=sf-dump-public title=\"Runtime added dynamic property\">updated_at</span>\": \"<span class=sf-dump-str title=\"19 characters\">2022-12-19 11:20:11</span>\"
      +\"<span class=sf-dump-public title=\"Runtime added dynamic property\">SolResDelete</span>\": <span class=sf-dump-num>0</span>
      +\"<span class=sf-dump-public title=\"Runtime added dynamic property\">SolResSlug</span>\": \"<span class=sf-dump-str title=\"64 characters\">2331afdac5789c3bf3e72c7e722ac1e6bbe065e94af4f3035b575b49d4b53abf</span>\"
      +\"<span class=sf-dump-public title=\"Runtime added dynamic property\">FK_SolResSolSer</span>\": <span class=sf-dump-num>46367</span>
      +\"<span class=sf-dump-public title=\"Runtime added dynamic property\">SolResTypeUnidad</span>\": <span class=sf-dump-const>null</span>
      +\"<span class=sf-dump-public title=\"Runtime added dynamic property\">SolResCantiUnidad</span>\": <span class=sf-dump-const>null</span>
      +\"<span class=sf-dump-public title=\"Runtime added dynamic property\">SolResEmbalaje</span>\": \"<span class=sf-dump-str title=\"12 characters\">Sacos/Bolsas</span>\"
      +\"<span class=sf-dump-public title=\"Runtime added dynamic property\">SolResAlto</span>\": <span class=sf-dump-const>null</span>
      +\"<span class=sf-dump-public title=\"Runtime added dynamic property\">SolResAncho</span>\": <span class=sf-dump-const>null</span>
      +\"<span class=sf-dump-public title=\"Runtime added dynamic property\">SolResProfundo</span>\": <span class=sf-dump-const>null</span>
      +\"<span class=sf-dump-public title=\"Runtime added dynamic property\">SolResFotoDescargue_Pesaje</span>\": <span class=sf-dump-num>0</span>
      +\"<span class=sf-dump-public title=\"Runtime added dynamic property\">SolResFotoTratamiento</span>\": <span class=sf-dump-num>0</span>
      +\"<span class=sf-dump-public title=\"Runtime added dynamic property\">SolResVideoDescargue_Pesaje</span>\": <span class=sf-dump-num>0</span>
      +\"<span class=sf-dump-public title=\"Runtime added dynamic property\">SolResVideoTratamiento</span>\": <span class=sf-dump-num>0</span>
      +\"<span class=sf-dump-public title=\"Runtime added dynamic property\">FK_SolResRg</span>\": <span class=sf-dump-num>23855</span>
      +\"<span class=sf-dump-public title=\"Runtime added dynamic property\">SolResCantiUnidadRecibida</span>\": <span class=sf-dump-const>null</span>
      +\"<span class=sf-dump-public title=\"Runtime added dynamic property\">SolResCantiUnidadConciliada</span>\": <span class=sf-dump-const>null</span>
      +\"<span class=sf-dump-public title=\"Runtime added dynamic property\">SolResCantiUnidadTratada</span>\": <span class=sf-dump-const>null</span>
      +\"<span class=sf-dump-public title=\"Runtime added dynamic property\">SolResDevolucion</span>\": <span class=sf-dump-num>0</span>
      +\"<span class=sf-dump-public title=\"Runtime added dynamic property\">SolResDevolCantidad</span>\": \"<span class=sf-dump-str>0</span>\"
      +\"<span class=sf-dump-public title=\"Runtime added dynamic property\">SolResAuditoria</span>\": <span class=sf-dump-num>0</span>
      +\"<span class=sf-dump-public title=\"Runtime added dynamic property\">SolResAuditoriaTipo</span>\": <span class=sf-dump-const>null</span>
      +\"<span class=sf-dump-public title=\"Runtime added dynamic property\">SolResPrecio</span>\": \"<span class=sf-dump-str title=\"4 characters\">0.00</span>\"
      +\"<span class=sf-dump-public title=\"Runtime added dynamic property\">FK_SolResRequerimiento</span>\": <span class=sf-dump-num>62389</span>
      +\"<span class=sf-dump-public title=\"Runtime added dynamic property\">SolResRM</span>\": <span class=sf-dump-const>null</span>
      +\"<span class=sf-dump-public title=\"Runtime added dynamic property\">auto_SolResFotoDescargue_Pesaje</span>\": <span class=sf-dump-num>0</span>
      +\"<span class=sf-dump-public title=\"Runtime added dynamic property\">auto_SolResFotoTratamiento</span>\": <span class=sf-dump-num>0</span>
      +\"<span class=sf-dump-public title=\"Runtime added dynamic property\">auto_SolResVideoDescargue_Pesaje</span>\": <span class=sf-dump-num>0</span>
      +\"<span class=sf-dump-public title=\"Runtime added dynamic property\">auto_SolResVideoTratamiento</span>\": <span class=sf-dump-num>0</span>
      +\"<span class=sf-dump-public title=\"Runtime added dynamic property\">auto_SolResDevolucion</span>\": <span class=sf-dump-num>0</span>
      +\"<span class=sf-dump-public title=\"Runtime added dynamic property\">auto_SolResAuditoria</span>\": <span class=sf-dump-num>0</span>
      +\"<span class=sf-dump-public title=\"Runtime added dynamic property\">SolResTypePrecio</span>\": <span class=sf-dump-num>0</span>
      +\"<span class=sf-dump-public title=\"Runtime added dynamic property\">FK_SGener</span>\": <span class=sf-dump-num>408</span>
      +\"<span class=sf-dump-public title=\"Runtime added dynamic property\">ID_Respel</span>\": <span class=sf-dump-num>21565</span>
      +\"<span class=sf-dump-public title=\"Runtime added dynamic property\">RespelName</span>\": \"<span class=sf-dump-str title=\"15 characters\">Aceite Prueba 9</span>\"
      +\"<span class=sf-dump-public title=\"Runtime added dynamic property\">RespelDescrip</span>\": \"<span class=sf-dump-str title=\"15 characters\">Aceite Prueba 9</span>\"
      +\"<span class=sf-dump-public title=\"Runtime added dynamic property\">YRespelClasf4741</span>\": <span class=sf-dump-const>null</span>
      +\"<span class=sf-dump-public title=\"Runtime added dynamic property\">ARespelClasf4741</span>\": <span class=sf-dump-const>null</span>
      +\"<span class=sf-dump-public title=\"Runtime added dynamic property\">RespelIgrosidad</span>\": \"<span class=sf-dump-str title=\"12 characters\">No peligroso</span>\"
      +\"<span class=sf-dump-public title=\"Runtime added dynamic property\">RespelEstado</span>\": \"<span class=sf-dump-str title=\"6 characters\">S&#243;lido</span>\"
      +\"<span class=sf-dump-public title=\"Runtime added dynamic property\">RespelHojaSeguridad</span>\": \"<span class=sf-dump-str title=\"68 characters\">347a36c1ee4d4adc32d20d5dd7213668fca4d2e6611705bedefc1d93693bab8b.pdf</span>\"
      +\"<span class=sf-dump-public title=\"Runtime added dynamic property\">RespelTarj</span>\": \"<span class=sf-dump-str title=\"68 characters\">95cfc932490e407b9dff9c28d02bb5f0304ebe6d8980353828690d3ed842a5de.pdf</span>\"
      +\"<span class=sf-dump-public title=\"Runtime added dynamic property\">RespelStatus</span>\": \"<span class=sf-dump-str title=\"8 characters\">Aprobado</span>\"
      +\"<span class=sf-dump-public title=\"Runtime added dynamic property\">RespelSlug</span>\": \"<span class=sf-dump-str title=\"64 characters\">ea36f676bd7f5ffd2d2989f0980d7038e83f6c5f6c724db47f18c786887e3d3d</span>\"
      +\"<span class=sf-dump-public title=\"Runtime added dynamic property\">RespelDelete</span>\": <span class=sf-dump-num>0</span>
      +\"<span class=sf-dump-public title=\"Runtime added dynamic property\">FK_RespelCoti</span>\": <span class=sf-dump-num>4728</span>
      +\"<span class=sf-dump-public title=\"Runtime added dynamic property\">RespelFoto</span>\": \"<span class=sf-dump-str title=\"68 characters\">f186292e0d63e6e3ff981ffd6ce265a7cd1725b0c92a10ea263aa0907b9a8422.png</span>\"
      +\"<span class=sf-dump-public title=\"Runtime added dynamic property\">SustanciaControlada</span>\": <span class=sf-dump-num>0</span>
      +\"<span class=sf-dump-public title=\"Runtime added dynamic property\">SustanciaControladaTipo</span>\": <span class=sf-dump-const>null</span>
      +\"<span class=sf-dump-public title=\"Runtime added dynamic property\">SustanciaControladaNombre</span>\": <span class=sf-dump-const>null</span>
      +\"<span class=sf-dump-public title=\"Runtime added dynamic property\">SustanciaControladaDocumento</span>\": <span class=sf-dump-const>null</span>
      +\"<span class=sf-dump-public title=\"Runtime added dynamic property\">RespelDeclaracion</span>\": <span class=sf-dump-num>1</span>
      +\"<span class=sf-dump-public title=\"Runtime added dynamic property\">AceiteUsado</span>\": <span class=sf-dump-num>1</span>
      +\"<span class=sf-dump-public title=\"Runtime added dynamic property\">RespelStatusDescription</span>\": <span class=sf-dump-const>null</span>
      +\"<span class=sf-dump-public title=\"Runtime added dynamic property\">RespelPublic</span>\": <span class=sf-dump-num>0</span>
      +\"<span class=sf-dump-public title=\"Runtime added dynamic property\">FK_SubCategoryRP</span>\": <span class=sf-dump-const>null</span>
      +\"<span class=sf-dump-public title=\"Runtime added dynamic property\">ID_Req</span>\": <span class=sf-dump-num>62389</span>
      +\"<span class=sf-dump-public title=\"Runtime added dynamic property\">TratName</span>\": \"<span class=sf-dump-str title=\"21 characters\">Posconsumo luminarias</span>\"
      +\"<span class=sf-dump-public title=\"Runtime added dynamic property\">ID_Trat</span>\": <span class=sf-dump-num>8</span>
      +\"<span class=sf-dump-public title=\"Runtime added dynamic property\">CliShortName</span>\": \"<span class=sf-dump-str title=\"17 characters\">Prosarc S.A. ESP.</span>\"
      +\"<span class=sf-dump-public title=\"Runtime added dynamic property\">pretratamientosSelected</span>\": <span class=sf-dump-note title=\"Illuminate\\Database\\Eloquent\\Collection
\"><span class=\"sf-dump-ellipsis sf-dump-ellipsis-note\">Illuminate\\Database\\Eloquent</span><span class=\"sf-dump-ellipsis sf-dump-ellipsis-note\">\\</span>Collection</span> {<a class=sf-dump-ref>#2397</a> &#8230;2}
      +\"<span class=sf-dump-public title=\"Runtime added dynamic property\">tarifa</span>\": <span class=sf-dump-note title=\"App\\Tarifa
\"><span class=\"sf-dump-ellipsis sf-dump-ellipsis-note\">App</span><span class=\"sf-dump-ellipsis sf-dump-ellipsis-note\">\\</span>Tarifa</span> {<a class=sf-dump-ref>#2411</a> &#8230;30}
      +\"<span class=sf-dump-public title=\"Runtime added dynamic property\">ctarifa</span>\": <span class=sf-dump-const>null</span>
      +\"<span class=sf-dump-public title=\"Runtime added dynamic property\">SolResRM2</span>\": <span class=sf-dump-const>null</span>
    </samp>}
  </samp>]
  #<span class=sf-dump-protected title=\"Protected property\">escapeWhenCastingToString</span>: <span class=sf-dump-const>false</span>
</samp>}
</pre><script>Sfdump(\"sf-dump-296797123\", {\"maxDepth\":3,\"maxStringLength\":160})</script>
","GenerResiduos":"<pre class=sf-dump id=sf-dump-1686827524 data-indent-pad=\"  \"><span class=sf-dump-note>Illuminate\\Support\\Collection</span> {<a class=sf-dump-ref>#2176</a><samp data-depth=1 class=sf-dump-expanded>
  #<span class=sf-dump-protected title=\"Protected property\">items</span>: <span class=sf-dump-note>array:1</span> [<samp data-depth=2 class=sf-dump-compact>
    <span class=sf-dump-index>0</span> => {<a class=sf-dump-ref>#2162</a><samp data-depth=3 class=sf-dump-compact>
      +\"<span class=sf-dump-public title=\"Runtime added dynamic property\">GSedeName</span>\": \"<span class=sf-dump-str title=\"43 characters\">FUNDACION BANCO NACIONAL DE SANGRE HEMOLIFE</span>\"
      +\"<span class=sf-dump-public title=\"Runtime added dynamic property\">FK_SGener</span>\": <span class=sf-dump-num>408</span>
      +\"<span class=sf-dump-public title=\"Runtime added dynamic property\">GenerName</span>\": \"<span class=sf-dump-str title=\"43 characters\">FUNDACION BANCO NACIONAL DE SANGRE HEMOLIFE</span>\"
      +\"<span class=sf-dump-public title=\"Runtime added dynamic property\">GSedeSlug</span>\": \"<span class=sf-dump-str title=\"64 characters\">77c6a426cfb3be36f9613d34cd7d522b44738e59241e107a1f5c9c961469a93f</span>\"
      +\"<span class=sf-dump-public title=\"Runtime added dynamic property\">GSedeAddress</span>\": \"<span class=sf-dump-str title=\"27 characters\">calle 23 # 116-31 Bodega 26</span>\"
    </samp>}
  </samp>]
  #<span class=sf-dump-protected title=\"Protected property\">escapeWhenCastingToString</span>: <span class=sf-dump-const>false</span>
</samp>}
</pre><script>Sfdump(\"sf-dump-1686827524\", {\"maxDepth\":3,\"maxStringLength\":160})</script>
","Cliente":"<pre class=sf-dump id=sf-dump-1726502503 data-indent-pad=\"  \">{<a class=sf-dump-ref>#2168</a><samp data-depth=1 class=sf-dump-expanded>
  +\"<span class=sf-dump-public title=\"Runtime added dynamic property\">CliNit</span>\": \"<span class=sf-dump-str title=\"13 characters\">900.312.289-5</span>\"
  +\"<span class=sf-dump-public title=\"Runtime added dynamic property\">CliName</span>\": \"<span class=sf-dump-str title=\"43 characters\">FUNDACI&#211;N BANCO NACIONAL DE SANGRE HEMOLIFE</span>\"
  +\"<span class=sf-dump-public title=\"Runtime added dynamic property\">SedeAddress</span>\": \"<span class=sf-dump-str title=\"15 characters\">cll 23 # 116-31</span>\"
  +\"<span class=sf-dump-public title=\"Runtime added dynamic property\">MunName</span>\": \"<span class=sf-dump-str title=\"11 characters\">Bogot&#225; D.C.</span>\"
</samp>}
</pre><script>Sfdump(\"sf-dump-1726502503\", {\"maxDepth\":3,\"maxStringLength\":160})</script>
","SolSerCollectAddress":"<pre class=sf-dump id=sf-dump-1669039242 data-indent-pad=\"  \">\"<span class=sf-dump-str title=\"61 characters\">FUNDACION BANCO NACIONAL DE SANGRE HEMOLIFE - cll 23 # 116-31</span>\"
</pre><script>Sfdump(\"sf-dump-1669039242\", {\"maxDepth\":3,\"maxStringLength\":160})</script>
","SolSerConductor":"<pre class=sf-dump id=sf-dump-893963014 data-indent-pad=\"  \"><span class=sf-dump-const>null</span>
</pre><script>Sfdump(\"sf-dump-893963014\", {\"maxDepth\":3,\"maxStringLength\":160})</script>
","TextProgramacion":"<pre class=sf-dump id=sf-dump-269923805 data-indent-pad=\"  \"><span class=sf-dump-const>null</span>
</pre><script>Sfdump(\"sf-dump-269923805\", {\"maxDepth\":3,\"maxStringLength\":160})</script>
","Municipio":"<pre class=sf-dump id=sf-dump-1975522478 data-indent-pad=\"  \">\"<span class=sf-dump-str title=\"8 characters\">Mosquera</span>\"
</pre><script>Sfdump(\"sf-dump-1975522478\", {\"maxDepth\":3,\"maxStringLength\":160})</script>
","Programaciones":"<pre class=sf-dump id=sf-dump-322218916 data-indent-pad=\"  \"><span class=sf-dump-note>Illuminate\\Database\\Eloquent\\Collection</span> {<a class=sf-dump-ref>#2165</a><samp data-depth=1 class=sf-dump-expanded>
  #<span class=sf-dump-protected title=\"Protected property\">items</span>: <span class=sf-dump-note>array:1</span> [<samp data-depth=2 class=sf-dump-compact>
    <span class=sf-dump-index>0</span> => <span class=sf-dump-note title=\"App\\ProgramacionVehiculo
\"><span class=\"sf-dump-ellipsis sf-dump-ellipsis-note\">App</span><span class=\"sf-dump-ellipsis sf-dump-ellipsis-note\">\\</span>ProgramacionVehiculo</span> {<a class=sf-dump-ref>#2166</a><samp data-depth=3 class=sf-dump-compact>
      #<span class=sf-dump-protected title=\"Protected property\">connection</span>: \"<span class=sf-dump-str title=\"5 characters\">mysql</span>\"
      #<span class=sf-dump-protected title=\"Protected property\">table</span>: \"<span class=sf-dump-str title=\"13 characters\">progvehiculos</span>\"
      #<span class=sf-dump-protected title=\"Protected property\">primaryKey</span>: \"<span class=sf-dump-str title=\"10 characters\">ID_ProgVeh</span>\"
      #<span class=sf-dump-protected title=\"Protected property\">keyType</span>: \"<span class=sf-dump-str title=\"3 characters\">int</span>\"
      +<span class=sf-dump-public title=\"Public property\">incrementing</span>: <span class=sf-dump-const>true</span>
      #<span class=sf-dump-protected title=\"Protected property\">with</span>: []
      #<span class=sf-dump-protected title=\"Protected property\">withCount</span>: []
      +<span class=sf-dump-public title=\"Public property\">preventsLazyLoading</span>: <span class=sf-dump-const>false</span>
      #<span class=sf-dump-protected title=\"Protected property\">perPage</span>: <span class=sf-dump-num>15</span>
      +<span class=sf-dump-public title=\"Public property\">exists</span>: <span class=sf-dump-const>true</span>
      +<span class=sf-dump-public title=\"Public property\">wasRecentlyCreated</span>: <span class=sf-dump-const>false</span>
      #<span class=sf-dump-protected title=\"Protected property\">escapeWhenCastingToString</span>: <span class=sf-dump-const>false</span>
      #<span class=sf-dump-protected title=\"Protected property\">attributes</span>: <span class=sf-dump-note>array:25</span> [ &#8230;25]
      #<span class=sf-dump-protected title=\"Protected property\">original</span>: <span class=sf-dump-note>array:25</span> [ &#8230;25]
      #<span class=sf-dump-protected title=\"Protected property\">changes</span>: []
      #<span class=sf-dump-protected title=\"Protected property\">casts</span>: <span class=sf-dump-note>array:1</span> [ &#8230;1]
      #<span class=sf-dump-protected title=\"Protected property\">classCastCache</span>: []
      #<span class=sf-dump-protected title=\"Protected property\">attributeCastCache</span>: []
      #<span class=sf-dump-protected title=\"Protected property\">dateFormat</span>: <span class=sf-dump-const>null</span>
      #<span class=sf-dump-protected title=\"Protected property\">appends</span>: []
      #<span class=sf-dump-protected title=\"Protected property\">dispatchesEvents</span>: []
      #<span class=sf-dump-protected title=\"Protected property\">observables</span>: []
      #<span class=sf-dump-protected title=\"Protected property\">relations</span>: []
      #<span class=sf-dump-protected title=\"Protected property\">touches</span>: []
      +<span class=sf-dump-public title=\"Public property\">timestamps</span>: <span class=sf-dump-const>true</span>
      +<span class=sf-dump-public title=\"Public property\">usesUniqueIds</span>: <span class=sf-dump-const>false</span>
      #<span class=sf-dump-protected title=\"Protected property\">hidden</span>: []
      #<span class=sf-dump-protected title=\"Protected property\">visible</span>: []
      #<span class=sf-dump-protected title=\"Protected property\">fillable</span>: <span class=sf-dump-note>array:21</span> [ &#8230;21]
      #<span class=sf-dump-protected title=\"Protected property\">guarded</span>: <span class=sf-dump-note>array:1</span> [ &#8230;1]
    </samp>}
  </samp>]
  #<span class=sf-dump-protected title=\"Protected property\">escapeWhenCastingToString</span>: <span class=sf-dump-const>false</span>
</samp>}
</pre><script>Sfdump(\"sf-dump-322218916\", {\"maxDepth\":3,\"maxStringLength\":160})</script>
","total":"<pre class=sf-dump id=sf-dump-568198580 data-indent-pad=\"  \"><span class=sf-dump-note>array:4</span> [<samp data-depth=1 class=sf-dump-expanded>
  \"<span class=sf-dump-key>estimado</span>\" => <span class=sf-dump-num>202.4</span>
  \"<span class=sf-dump-key>recibido</span>\" => <span class=sf-dump-num>12.0</span>
  \"<span class=sf-dump-key>conciliado</span>\" => <span class=sf-dump-num>12.0</span>
  \"<span class=sf-dump-key>tratado</span>\" => <span class=sf-dump-num>0.0</span>
</samp>]
</pre><script>Sfdump(\"sf-dump-568198580\", {\"maxDepth\":3,\"maxStringLength\":160})</script>
","cantidadesXtratamiento":"<pre class=sf-dump id=sf-dump-940190461 data-indent-pad=\"  \"><span class=sf-dump-note>array:3</span> [<samp data-depth=1 class=sf-dump-expanded>
  \"<span class=sf-dump-key>Celda de Seguridad</span>\" => <span class=sf-dump-note>array:4</span> [<samp data-depth=2 class=sf-dump-compact>
    \"<span class=sf-dump-key>estimado</span>\" => \"<span class=sf-dump-str title=\"6 characters\">160.00</span>\"
    \"<span class=sf-dump-key>recibido</span>\" => \"<span class=sf-dump-str title=\"5 characters\">12.00</span>\"
    \"<span class=sf-dump-key>conciliado</span>\" => \"<span class=sf-dump-str title=\"5 characters\">12.00</span>\"
    \"<span class=sf-dump-key>tratado</span>\" => \"<span class=sf-dump-str title=\"4 characters\">0.00</span>\"
  </samp>]
  \"<span class=sf-dump-key>TermoDestrucci&#243;n</span>\" => <span class=sf-dump-note>array:4</span> [<samp data-depth=2 class=sf-dump-compact>
    \"<span class=sf-dump-key>estimado</span>\" => <span class=sf-dump-num>32.4</span>
    \"<span class=sf-dump-key>recibido</span>\" => <span class=sf-dump-num>0.0</span>
    \"<span class=sf-dump-key>conciliado</span>\" => <span class=sf-dump-num>0.0</span>
    \"<span class=sf-dump-key>tratado</span>\" => <span class=sf-dump-num>0.0</span>
  </samp>]
  \"<span class=sf-dump-key>Posconsumo luminarias</span>\" => <span class=sf-dump-note>array:4</span> [<samp data-depth=2 class=sf-dump-compact>
    \"<span class=sf-dump-key>estimado</span>\" => \"<span class=sf-dump-str title=\"5 characters\">10.00</span>\"
    \"<span class=sf-dump-key>recibido</span>\" => \"<span class=sf-dump-str title=\"4 characters\">0.00</span>\"
    \"<span class=sf-dump-key>conciliado</span>\" => \"<span class=sf-dump-str title=\"4 characters\">0.00</span>\"
    \"<span class=sf-dump-key>tratado</span>\" => \"<span class=sf-dump-str title=\"4 characters\">0.00</span>\"
  </samp>]
</samp>]
</pre><script>Sfdump(\"sf-dump-940190461\", {\"maxDepth\":3,\"maxStringLength\":160})</script>
","tratamientos":"<pre class=sf-dump id=sf-dump-258505973 data-indent-pad=\"  \"><span class=sf-dump-note>Illuminate\\Database\\Eloquent\\Collection</span> {<a class=sf-dump-ref>#2571</a><samp data-depth=1 class=sf-dump-expanded>
  #<span class=sf-dump-protected title=\"Protected property\">items</span>: <span class=sf-dump-note>array:19</span> [<samp data-depth=2 class=sf-dump-compact>
    <span class=sf-dump-index>0</span> => <span class=sf-dump-note title=\"App\\Tratamiento
\"><span class=\"sf-dump-ellipsis sf-dump-ellipsis-note\">App</span><span class=\"sf-dump-ellipsis sf-dump-ellipsis-note\">\\</span>Tratamiento</span> {<a class=sf-dump-ref>#2570</a><samp data-depth=3 class=sf-dump-compact>
      #<span class=sf-dump-protected title=\"Protected property\">connection</span>: \"<span class=sf-dump-str title=\"5 characters\">mysql</span>\"
      #<span class=sf-dump-protected title=\"Protected property\">table</span>: \"<span class=sf-dump-str title=\"12 characters\">tratamientos</span>\"
      #<span class=sf-dump-protected title=\"Protected property\">primaryKey</span>: \"<span class=sf-dump-str title=\"7 characters\">ID_Trat</span>\"
      #<span class=sf-dump-protected title=\"Protected property\">keyType</span>: \"<span class=sf-dump-str title=\"3 characters\">int</span>\"
      +<span class=sf-dump-public title=\"Public property\">incrementing</span>: <span class=sf-dump-const>true</span>
      #<span class=sf-dump-protected title=\"Protected property\">with</span>: []
      #<span class=sf-dump-protected title=\"Protected property\">withCount</span>: []
      +<span class=sf-dump-public title=\"Public property\">preventsLazyLoading</span>: <span class=sf-dump-const>false</span>
      #<span class=sf-dump-protected title=\"Protected property\">perPage</span>: <span class=sf-dump-num>15</span>
      +<span class=sf-dump-public title=\"Public property\">exists</span>: <span class=sf-dump-const>true</span>
      +<span class=sf-dump-public title=\"Public property\">wasRecentlyCreated</span>: <span class=sf-dump-const>false</span>
      #<span class=sf-dump-protected title=\"Protected property\">escapeWhenCastingToString</span>: <span class=sf-dump-const>false</span>
      #<span class=sf-dump-protected title=\"Protected property\">attributes</span>: <span class=sf-dump-note>array:41</span> [ &#8230;41]
      #<span class=sf-dump-protected title=\"Protected property\">original</span>: <span class=sf-dump-note>array:41</span> [ &#8230;41]
      #<span class=sf-dump-protected title=\"Protected property\">changes</span>: []
      #<span class=sf-dump-protected title=\"Protected property\">casts</span>: []
      #<span class=sf-dump-protected title=\"Protected property\">classCastCache</span>: []
      #<span class=sf-dump-protected title=\"Protected property\">attributeCastCache</span>: []
      #<span class=sf-dump-protected title=\"Protected property\">dateFormat</span>: <span class=sf-dump-const>null</span>
      #<span class=sf-dump-protected title=\"Protected property\">appends</span>: []
      #<span class=sf-dump-protected title=\"Protected property\">dispatchesEvents</span>: []
      #<span class=sf-dump-protected title=\"Protected property\">observables</span>: []
      #<span class=sf-dump-protected title=\"Protected property\">relations</span>: []
      #<span class=sf-dump-protected title=\"Protected property\">touches</span>: []
      +<span class=sf-dump-public title=\"Public property\">timestamps</span>: <span class=sf-dump-const>true</span>
      +<span class=sf-dump-public title=\"Public property\">usesUniqueIds</span>: <span class=sf-dump-const>false</span>
      #<span class=sf-dump-protected title=\"Protected property\">hidden</span>: []
      #<span class=sf-dump-protected title=\"Protected property\">visible</span>: []
      #<span class=sf-dump-protected title=\"Protected property\">fillable</span>: <span class=sf-dump-note>array:6</span> [ &#8230;6]
      #<span class=sf-dump-protected title=\"Protected property\">guarded</span>: <span class=sf-dump-note>array:1</span> [ &#8230;1]
    </samp>}
    <span class=sf-dump-index>1</span> => <span class=sf-dump-note title=\"App\\Tratamiento
\"><span class=\"sf-dump-ellipsis sf-dump-ellipsis-note\">App</span><span class=\"sf-dump-ellipsis sf-dump-ellipsis-note\">\\</span>Tratamiento</span> {<a class=sf-dump-ref>#2573</a><samp data-depth=3 class=sf-dump-compact>
      #<span class=sf-dump-protected title=\"Protected property\">connection</span>: \"<span class=sf-dump-str title=\"5 characters\">mysql</span>\"
      #<span class=sf-dump-protected title=\"Protected property\">table</span>: \"<span class=sf-dump-str title=\"12 characters\">tratamientos</span>\"
      #<span class=sf-dump-protected title=\"Protected property\">primaryKey</span>: \"<span class=sf-dump-str title=\"7 characters\">ID_Trat</span>\"
      #<span class=sf-dump-protected title=\"Protected property\">keyType</span>: \"<span class=sf-dump-str title=\"3 characters\">int</span>\"
      +<span class=sf-dump-public title=\"Public property\">incrementing</span>: <span class=sf-dump-const>true</span>
      #<span class=sf-dump-protected title=\"Protected property\">with</span>: []
      #<span class=sf-dump-protected title=\"Protected property\">withCount</span>: []
      +<span class=sf-dump-public title=\"Public property\">preventsLazyLoading</span>: <span class=sf-dump-const>false</span>
      #<span class=sf-dump-protected title=\"Protected property\">perPage</span>: <span class=sf-dump-num>15</span>
      +<span class=sf-dump-public title=\"Public property\">exists</span>: <span class=sf-dump-const>true</span>
      +<span class=sf-dump-public title=\"Public property\">wasRecentlyCreated</span>: <span class=sf-dump-const>false</span>
      #<span class=sf-dump-protected title=\"Protected property\">escapeWhenCastingToString</span>: <span class=sf-dump-const>false</span>
      #<span class=sf-dump-protected title=\"Protected property\">attributes</span>: <span class=sf-dump-note>array:41</span> [ &#8230;41]
      #<span class=sf-dump-protected title=\"Protected property\">original</span>: <span class=sf-dump-note>array:41</span> [ &#8230;41]
      #<span class=sf-dump-protected title=\"Protected property\">changes</span>: []
      #<span class=sf-dump-protected title=\"Protected property\">casts</span>: []
      #<span class=sf-dump-protected title=\"Protected property\">classCastCache</span>: []
      #<span class=sf-dump-protected title=\"Protected property\">attributeCastCache</span>: []
      #<span class=sf-dump-protected title=\"Protected property\">dateFormat</span>: <span class=sf-dump-const>null</span>
      #<span class=sf-dump-protected title=\"Protected property\">appends</span>: []
      #<span class=sf-dump-protected title=\"Protected property\">dispatchesEvents</span>: []
      #<span class=sf-dump-protected title=\"Protected property\">observables</span>: []
      #<span class=sf-dump-protected title=\"Protected property\">relations</span>: []
      #<span class=sf-dump-protected title=\"Protected property\">touches</span>: []
      +<span class=sf-dump-public title=\"Public property\">timestamps</span>: <span class=sf-dump-const>true</span>
      +<span class=sf-dump-public title=\"Public property\">usesUniqueIds</span>: <span class=sf-dump-const>false</span>
      #<span class=sf-dump-protected title=\"Protected property\">hidden</span>: []
      #<span class=sf-dump-protected title=\"Protected property\">visible</span>: []
      #<span class=sf-dump-protected title=\"Protected property\">fillable</span>: <span class=sf-dump-note>array:6</span> [ &#8230;6]
      #<span class=sf-dump-protected title=\"Protected property\">guarded</span>: <span class=sf-dump-note>array:1</span> [ &#8230;1]
    </samp>}
    <span class=sf-dump-index>2</span> => <span class=sf-dump-note title=\"App\\Tratamiento
\"><span class=\"sf-dump-ellipsis sf-dump-ellipsis-note\">App</span><span class=\"sf-dump-ellipsis sf-dump-ellipsis-note\">\\</span>Tratamiento</span> {<a class=sf-dump-ref>#2574</a><samp data-depth=3 class=sf-dump-compact>
      #<span class=sf-dump-protected title=\"Protected property\">connection</span>: \"<span class=sf-dump-str title=\"5 characters\">mysql</span>\"
      #<span class=sf-dump-protected title=\"Protected property\">table</span>: \"<span class=sf-dump-str title=\"12 characters\">tratamientos</span>\"
      #<span class=sf-dump-protected title=\"Protected property\">primaryKey</span>: \"<span class=sf-dump-str title=\"7 characters\">ID_Trat</span>\"
      #<span class=sf-dump-protected title=\"Protected property\">keyType</span>: \"<span class=sf-dump-str title=\"3 characters\">int</span>\"
      +<span class=sf-dump-public title=\"Public property\">incrementing</span>: <span class=sf-dump-const>true</span>
      #<span class=sf-dump-protected title=\"Protected property\">with</span>: []
      #<span class=sf-dump-protected title=\"Protected property\">withCount</span>: []
      +<span class=sf-dump-public title=\"Public property\">preventsLazyLoading</span>: <span class=sf-dump-const>false</span>
      #<span class=sf-dump-protected title=\"Protected property\">perPage</span>: <span class=sf-dump-num>15</span>
      +<span class=sf-dump-public title=\"Public property\">exists</span>: <span class=sf-dump-const>true</span>
      +<span class=sf-dump-public title=\"Public property\">wasRecentlyCreated</span>: <span class=sf-dump-const>false</span>
      #<span class=sf-dump-protected title=\"Protected property\">escapeWhenCastingToString</span>: <span class=sf-dump-const>false</span>
      #<span class=sf-dump-protected title=\"Protected property\">attributes</span>: <span class=sf-dump-note>array:41</span> [ &#8230;41]
      #<span class=sf-dump-protected title=\"Protected property\">original</span>: <span class=sf-dump-note>array:41</span> [ &#8230;41]
      #<span class=sf-dump-protected title=\"Protected property\">changes</span>: []
      #<span class=sf-dump-protected title=\"Protected property\">casts</span>: []
      #<span class=sf-dump-protected title=\"Protected property\">classCastCache</span>: []
      #<span class=sf-dump-protected title=\"Protected property\">attributeCastCache</span>: []
      #<span class=sf-dump-protected title=\"Protected property\">dateFormat</span>: <span class=sf-dump-const>null</span>
      #<span class=sf-dump-protected title=\"Protected property\">appends</span>: []
      #<span class=sf-dump-protected title=\"Protected property\">dispatchesEvents</span>: []
      #<span class=sf-dump-protected title=\"Protected property\">observables</span>: []
      #<span class=sf-dump-protected title=\"Protected property\">relations</span>: []
      #<span class=sf-dump-protected title=\"Protected property\">touches</span>: []
      +<span class=sf-dump-public title=\"Public property\">timestamps</span>: <span class=sf-dump-const>true</span>
      +<span class=sf-dump-public title=\"Public property\">usesUniqueIds</span>: <span class=sf-dump-const>false</span>
      #<span class=sf-dump-protected title=\"Protected property\">hidden</span>: []
      #<span class=sf-dump-protected title=\"Protected property\">visible</span>: []
      #<span class=sf-dump-protected title=\"Protected property\">fillable</span>: <span class=sf-dump-note>array:6</span> [ &#8230;6]
      #<span class=sf-dump-protected title=\"Protected property\">guarded</span>: <span class=sf-dump-note>array:1</span> [ &#8230;1]
    </samp>}
    <span class=sf-dump-index>3</span> => <span class=sf-dump-note title=\"App\\Tratamiento
\"><span class=\"sf-dump-ellipsis sf-dump-ellipsis-note\">App</span><span class=\"sf-dump-ellipsis sf-dump-ellipsis-note\">\\</span>Tratamiento</span> {<a class=sf-dump-ref>#2575</a><samp data-depth=3 class=sf-dump-compact>
      #<span class=sf-dump-protected title=\"Protected property\">connection</span>: \"<span class=sf-dump-str title=\"5 characters\">mysql</span>\"
      #<span class=sf-dump-protected title=\"Protected property\">table</span>: \"<span class=sf-dump-str title=\"12 characters\">tratamientos</span>\"
      #<span class=sf-dump-protected title=\"Protected property\">primaryKey</span>: \"<span class=sf-dump-str title=\"7 characters\">ID_Trat</span>\"
      #<span class=sf-dump-protected title=\"Protected property\">keyType</span>: \"<span class=sf-dump-str title=\"3 characters\">int</span>\"
      +<span class=sf-dump-public title=\"Public property\">incrementing</span>: <span class=sf-dump-const>true</span>
      #<span class=sf-dump-protected title=\"Protected property\">with</span>: []
      #<span class=sf-dump-protected title=\"Protected property\">withCount</span>: []
      +<span class=sf-dump-public title=\"Public property\">preventsLazyLoading</span>: <span class=sf-dump-const>false</span>
      #<span class=sf-dump-protected title=\"Protected property\">perPage</span>: <span class=sf-dump-num>15</span>
      +<span class=sf-dump-public title=\"Public property\">exists</span>: <span class=sf-dump-const>true</span>
      +<span class=sf-dump-public title=\"Public property\">wasRecentlyCreated</span>: <span class=sf-dump-const>false</span>
      #<span class=sf-dump-protected title=\"Protected property\">escapeWhenCastingToString</span>: <span class=sf-dump-const>false</span>
      #<span class=sf-dump-protected title=\"Protected property\">attributes</span>: <span class=sf-dump-note>array:41</span> [ &#8230;41]
      #<span class=sf-dump-protected title=\"Protected property\">original</span>: <span class=sf-dump-note>array:41</span> [ &#8230;41]
      #<span class=sf-dump-protected title=\"Protected property\">changes</span>: []
      #<span class=sf-dump-protected title=\"Protected property\">casts</span>: []
      #<span class=sf-dump-protected title=\"Protected property\">classCastCache</span>: []
      #<span class=sf-dump-protected title=\"Protected property\">attributeCastCache</span>: []
      #<span class=sf-dump-protected title=\"Protected property\">dateFormat</span>: <span class=sf-dump-const>null</span>
      #<span class=sf-dump-protected title=\"Protected property\">appends</span>: []
      #<span class=sf-dump-protected title=\"Protected property\">dispatchesEvents</span>: []
      #<span class=sf-dump-protected title=\"Protected property\">observables</span>: []
      #<span class=sf-dump-protected title=\"Protected property\">relations</span>: []
      #<span class=sf-dump-protected title=\"Protected property\">touches</span>: []
      +<span class=sf-dump-public title=\"Public property\">timestamps</span>: <span class=sf-dump-const>true</span>
      +<span class=sf-dump-public title=\"Public property\">usesUniqueIds</span>: <span class=sf-dump-const>false</span>
      #<span class=sf-dump-protected title=\"Protected property\">hidden</span>: []
      #<span class=sf-dump-protected title=\"Protected property\">visible</span>: []
      #<span class=sf-dump-protected title=\"Protected property\">fillable</span>: <span class=sf-dump-note>array:6</span> [ &#8230;6]
      #<span class=sf-dump-protected title=\"Protected property\">guarded</span>: <span class=sf-dump-note>array:1</span> [ &#8230;1]
    </samp>}
    <span class=sf-dump-index>4</span> => <span class=sf-dump-note title=\"App\\Tratamiento
\"><span class=\"sf-dump-ellipsis sf-dump-ellipsis-note\">App</span><span class=\"sf-dump-ellipsis sf-dump-ellipsis-note\">\\</span>Tratamiento</span> {<a class=sf-dump-ref>#2576</a><samp data-depth=3 class=sf-dump-compact>
      #<span class=sf-dump-protected title=\"Protected property\">connection</span>: \"<span class=sf-dump-str title=\"5 characters\">mysql</span>\"
      #<span class=sf-dump-protected title=\"Protected property\">table</span>: \"<span class=sf-dump-str title=\"12 characters\">tratamientos</span>\"
      #<span class=sf-dump-protected title=\"Protected property\">primaryKey</span>: \"<span class=sf-dump-str title=\"7 characters\">ID_Trat</span>\"
      #<span class=sf-dump-protected title=\"Protected property\">keyType</span>: \"<span class=sf-dump-str title=\"3 characters\">int</span>\"
      +<span class=sf-dump-public title=\"Public property\">incrementing</span>: <span class=sf-dump-const>true</span>
      #<span class=sf-dump-protected title=\"Protected property\">with</span>: []
      #<span class=sf-dump-protected title=\"Protected property\">withCount</span>: []
      +<span class=sf-dump-public title=\"Public property\">preventsLazyLoading</span>: <span class=sf-dump-const>false</span>
      #<span class=sf-dump-protected title=\"Protected property\">perPage</span>: <span class=sf-dump-num>15</span>
      +<span class=sf-dump-public title=\"Public property\">exists</span>: <span class=sf-dump-const>true</span>
      +<span class=sf-dump-public title=\"Public property\">wasRecentlyCreated</span>: <span class=sf-dump-const>false</span>
      #<span class=sf-dump-protected title=\"Protected property\">escapeWhenCastingToString</span>: <span class=sf-dump-const>false</span>
      #<span class=sf-dump-protected title=\"Protected property\">attributes</span>: <span class=sf-dump-note>array:41</span> [ &#8230;41]
      #<span class=sf-dump-protected title=\"Protected property\">original</span>: <span class=sf-dump-note>array:41</span> [ &#8230;41]
      #<span class=sf-dump-protected title=\"Protected property\">changes</span>: []
      #<span class=sf-dump-protected title=\"Protected property\">casts</span>: []
      #<span class=sf-dump-protected title=\"Protected property\">classCastCache</span>: []
      #<span class=sf-dump-protected title=\"Protected property\">attributeCastCache</span>: []
      #<span class=sf-dump-protected title=\"Protected property\">dateFormat</span>: <span class=sf-dump-const>null</span>
      #<span class=sf-dump-protected title=\"Protected property\">appends</span>: []
      #<span class=sf-dump-protected title=\"Protected property\">dispatchesEvents</span>: []
      #<span class=sf-dump-protected title=\"Protected property\">observables</span>: []
      #<span class=sf-dump-protected title=\"Protected property\">relations</span>: []
      #<span class=sf-dump-protected title=\"Protected property\">touches</span>: []
      +<span class=sf-dump-public title=\"Public property\">timestamps</span>: <span class=sf-dump-const>true</span>
      +<span class=sf-dump-public title=\"Public property\">usesUniqueIds</span>: <span class=sf-dump-const>false</span>
      #<span class=sf-dump-protected title=\"Protected property\">hidden</span>: []
      #<span class=sf-dump-protected title=\"Protected property\">visible</span>: []
      #<span class=sf-dump-protected title=\"Protected property\">fillable</span>: <span class=sf-dump-note>array:6</span> [ &#8230;6]
      #<span class=sf-dump-protected title=\"Protected property\">guarded</span>: <span class=sf-dump-note>array:1</span> [ &#8230;1]
    </samp>}
    <span class=sf-dump-index>5</span> => <span class=sf-dump-note title=\"App\\Tratamiento
\"><span class=\"sf-dump-ellipsis sf-dump-ellipsis-note\">App</span><span class=\"sf-dump-ellipsis sf-dump-ellipsis-note\">\\</span>Tratamiento</span> {<a class=sf-dump-ref>#2577</a><samp data-depth=3 class=sf-dump-compact>
      #<span class=sf-dump-protected title=\"Protected property\">connection</span>: \"<span class=sf-dump-str title=\"5 characters\">mysql</span>\"
      #<span class=sf-dump-protected title=\"Protected property\">table</span>: \"<span class=sf-dump-str title=\"12 characters\">tratamientos</span>\"
      #<span class=sf-dump-protected title=\"Protected property\">primaryKey</span>: \"<span class=sf-dump-str title=\"7 characters\">ID_Trat</span>\"
      #<span class=sf-dump-protected title=\"Protected property\">keyType</span>: \"<span class=sf-dump-str title=\"3 characters\">int</span>\"
      +<span class=sf-dump-public title=\"Public property\">incrementing</span>: <span class=sf-dump-const>true</span>
      #<span class=sf-dump-protected title=\"Protected property\">with</span>: []
      #<span class=sf-dump-protected title=\"Protected property\">withCount</span>: []
      +<span class=sf-dump-public title=\"Public property\">preventsLazyLoading</span>: <span class=sf-dump-const>false</span>
      #<span class=sf-dump-protected title=\"Protected property\">perPage</span>: <span class=sf-dump-num>15</span>
      +<span class=sf-dump-public title=\"Public property\">exists</span>: <span class=sf-dump-const>true</span>
      +<span class=sf-dump-public title=\"Public property\">wasRecentlyCreated</span>: <span class=sf-dump-const>false</span>
      #<span class=sf-dump-protected title=\"Protected property\">escapeWhenCastingToString</span>: <span class=sf-dump-const>false</span>
      #<span class=sf-dump-protected title=\"Protected property\">attributes</span>: <span class=sf-dump-note>array:41</span> [ &#8230;41]
      #<span class=sf-dump-protected title=\"Protected property\">original</span>: <span class=sf-dump-note>array:41</span> [ &#8230;41]
      #<span class=sf-dump-protected title=\"Protected property\">changes</span>: []
      #<span class=sf-dump-protected title=\"Protected property\">casts</span>: []
      #<span class=sf-dump-protected title=\"Protected property\">classCastCache</span>: []
      #<span class=sf-dump-protected title=\"Protected property\">attributeCastCache</span>: []
      #<span class=sf-dump-protected title=\"Protected property\">dateFormat</span>: <span class=sf-dump-const>null</span>
      #<span class=sf-dump-protected title=\"Protected property\">appends</span>: []
      #<span class=sf-dump-protected title=\"Protected property\">dispatchesEvents</span>: []
      #<span class=sf-dump-protected title=\"Protected property\">observables</span>: []
      #<span class=sf-dump-protected title=\"Protected property\">relations</span>: []
      #<span class=sf-dump-protected title=\"Protected property\">touches</span>: []
      +<span class=sf-dump-public title=\"Public property\">timestamps</span>: <span class=sf-dump-const>true</span>
      +<span class=sf-dump-public title=\"Public property\">usesUniqueIds</span>: <span class=sf-dump-const>false</span>
      #<span class=sf-dump-protected title=\"Protected property\">hidden</span>: []
      #<span class=sf-dump-protected title=\"Protected property\">visible</span>: []
      #<span class=sf-dump-protected title=\"Protected property\">fillable</span>: <span class=sf-dump-note>array:6</span> [ &#8230;6]
      #<span class=sf-dump-protected title=\"Protected property\">guarded</span>: <span class=sf-dump-note>array:1</span> [ &#8230;1]
    </samp>}
    <span class=sf-dump-index>6</span> => <span class=sf-dump-note title=\"App\\Tratamiento
\"><span class=\"sf-dump-ellipsis sf-dump-ellipsis-note\">App</span><span class=\"sf-dump-ellipsis sf-dump-ellipsis-note\">\\</span>Tratamiento</span> {<a class=sf-dump-ref>#2578</a><samp data-depth=3 class=sf-dump-compact>
      #<span class=sf-dump-protected title=\"Protected property\">connection</span>: \"<span class=sf-dump-str title=\"5 characters\">mysql</span>\"
      #<span class=sf-dump-protected title=\"Protected property\">table</span>: \"<span class=sf-dump-str title=\"12 characters\">tratamientos</span>\"
      #<span class=sf-dump-protected title=\"Protected property\">primaryKey</span>: \"<span class=sf-dump-str title=\"7 characters\">ID_Trat</span>\"
      #<span class=sf-dump-protected title=\"Protected property\">keyType</span>: \"<span class=sf-dump-str title=\"3 characters\">int</span>\"
      +<span class=sf-dump-public title=\"Public property\">incrementing</span>: <span class=sf-dump-const>true</span>
      #<span class=sf-dump-protected title=\"Protected property\">with</span>: []
      #<span class=sf-dump-protected title=\"Protected property\">withCount</span>: []
      +<span class=sf-dump-public title=\"Public property\">preventsLazyLoading</span>: <span class=sf-dump-const>false</span>
      #<span class=sf-dump-protected title=\"Protected property\">perPage</span>: <span class=sf-dump-num>15</span>
      +<span class=sf-dump-public title=\"Public property\">exists</span>: <span class=sf-dump-const>true</span>
      +<span class=sf-dump-public title=\"Public property\">wasRecentlyCreated</span>: <span class=sf-dump-const>false</span>
      #<span class=sf-dump-protected title=\"Protected property\">escapeWhenCastingToString</span>: <span class=sf-dump-const>false</span>
      #<span class=sf-dump-protected title=\"Protected property\">attributes</span>: <span class=sf-dump-note>array:41</span> [ &#8230;41]
      #<span class=sf-dump-protected title=\"Protected property\">original</span>: <span class=sf-dump-note>array:41</span> [ &#8230;41]
      #<span class=sf-dump-protected title=\"Protected property\">changes</span>: []
      #<span class=sf-dump-protected title=\"Protected property\">casts</span>: []
      #<span class=sf-dump-protected title=\"Protected property\">classCastCache</span>: []
      #<span class=sf-dump-protected title=\"Protected property\">attributeCastCache</span>: []
      #<span class=sf-dump-protected title=\"Protected property\">dateFormat</span>: <span class=sf-dump-const>null</span>
      #<span class=sf-dump-protected title=\"Protected property\">appends</span>: []
      #<span class=sf-dump-protected title=\"Protected property\">dispatchesEvents</span>: []
      #<span class=sf-dump-protected title=\"Protected property\">observables</span>: []
      #<span class=sf-dump-protected title=\"Protected property\">relations</span>: []
      #<span class=sf-dump-protected title=\"Protected property\">touches</span>: []
      +<span class=sf-dump-public title=\"Public property\">timestamps</span>: <span class=sf-dump-const>true</span>
      +<span class=sf-dump-public title=\"Public property\">usesUniqueIds</span>: <span class=sf-dump-const>false</span>
      #<span class=sf-dump-protected title=\"Protected property\">hidden</span>: []
      #<span class=sf-dump-protected title=\"Protected property\">visible</span>: []
      #<span class=sf-dump-protected title=\"Protected property\">fillable</span>: <span class=sf-dump-note>array:6</span> [ &#8230;6]
      #<span class=sf-dump-protected title=\"Protected property\">guarded</span>: <span class=sf-dump-note>array:1</span> [ &#8230;1]
    </samp>}
    <span class=sf-dump-index>7</span> => <span class=sf-dump-note title=\"App\\Tratamiento
\"><span class=\"sf-dump-ellipsis sf-dump-ellipsis-note\">App</span><span class=\"sf-dump-ellipsis sf-dump-ellipsis-note\">\\</span>Tratamiento</span> {<a class=sf-dump-ref>#2579</a><samp data-depth=3 class=sf-dump-compact>
      #<span class=sf-dump-protected title=\"Protected property\">connection</span>: \"<span class=sf-dump-str title=\"5 characters\">mysql</span>\"
      #<span class=sf-dump-protected title=\"Protected property\">table</span>: \"<span class=sf-dump-str title=\"12 characters\">tratamientos</span>\"
      #<span class=sf-dump-protected title=\"Protected property\">primaryKey</span>: \"<span class=sf-dump-str title=\"7 characters\">ID_Trat</span>\"
      #<span class=sf-dump-protected title=\"Protected property\">keyType</span>: \"<span class=sf-dump-str title=\"3 characters\">int</span>\"
      +<span class=sf-dump-public title=\"Public property\">incrementing</span>: <span class=sf-dump-const>true</span>
      #<span class=sf-dump-protected title=\"Protected property\">with</span>: []
      #<span class=sf-dump-protected title=\"Protected property\">withCount</span>: []
      +<span class=sf-dump-public title=\"Public property\">preventsLazyLoading</span>: <span class=sf-dump-const>false</span>
      #<span class=sf-dump-protected title=\"Protected property\">perPage</span>: <span class=sf-dump-num>15</span>
      +<span class=sf-dump-public title=\"Public property\">exists</span>: <span class=sf-dump-const>true</span>
      +<span class=sf-dump-public title=\"Public property\">wasRecentlyCreated</span>: <span class=sf-dump-const>false</span>
      #<span class=sf-dump-protected title=\"Protected property\">escapeWhenCastingToString</span>: <span class=sf-dump-const>false</span>
      #<span class=sf-dump-protected title=\"Protected property\">attributes</span>: <span class=sf-dump-note>array:41</span> [ &#8230;41]
      #<span class=sf-dump-protected title=\"Protected property\">original</span>: <span class=sf-dump-note>array:41</span> [ &#8230;41]
      #<span class=sf-dump-protected title=\"Protected property\">changes</span>: []
      #<span class=sf-dump-protected title=\"Protected property\">casts</span>: []
      #<span class=sf-dump-protected title=\"Protected property\">classCastCache</span>: []
      #<span class=sf-dump-protected title=\"Protected property\">attributeCastCache</span>: []
      #<span class=sf-dump-protected title=\"Protected property\">dateFormat</span>: <span class=sf-dump-const>null</span>
      #<span class=sf-dump-protected title=\"Protected property\">appends</span>: []
      #<span class=sf-dump-protected title=\"Protected property\">dispatchesEvents</span>: []
      #<span class=sf-dump-protected title=\"Protected property\">observables</span>: []
      #<span class=sf-dump-protected title=\"Protected property\">relations</span>: []
      #<span class=sf-dump-protected title=\"Protected property\">touches</span>: []
      +<span class=sf-dump-public title=\"Public property\">timestamps</span>: <span class=sf-dump-const>true</span>
      +<span class=sf-dump-public title=\"Public property\">usesUniqueIds</span>: <span class=sf-dump-const>false</span>
      #<span class=sf-dump-protected title=\"Protected property\">hidden</span>: []
      #<span class=sf-dump-protected title=\"Protected property\">visible</span>: []
      #<span class=sf-dump-protected title=\"Protected property\">fillable</span>: <span class=sf-dump-note>array:6</span> [ &#8230;6]
      #<span class=sf-dump-protected title=\"Protected property\">guarded</span>: <span class=sf-dump-note>array:1</span> [ &#8230;1]
    </samp>}
    <span class=sf-dump-index>8</span> => <span class=sf-dump-note title=\"App\\Tratamiento
\"><span class=\"sf-dump-ellipsis sf-dump-ellipsis-note\">App</span><span class=\"sf-dump-ellipsis sf-dump-ellipsis-note\">\\</span>Tratamiento</span> {<a class=sf-dump-ref>#2580</a><samp data-depth=3 class=sf-dump-compact>
      #<span class=sf-dump-protected title=\"Protected property\">connection</span>: \"<span class=sf-dump-str title=\"5 characters\">mysql</span>\"
      #<span class=sf-dump-protected title=\"Protected property\">table</span>: \"<span class=sf-dump-str title=\"12 characters\">tratamientos</span>\"
      #<span class=sf-dump-protected title=\"Protected property\">primaryKey</span>: \"<span class=sf-dump-str title=\"7 characters\">ID_Trat</span>\"
      #<span class=sf-dump-protected title=\"Protected property\">keyType</span>: \"<span class=sf-dump-str title=\"3 characters\">int</span>\"
      +<span class=sf-dump-public title=\"Public property\">incrementing</span>: <span class=sf-dump-const>true</span>
      #<span class=sf-dump-protected title=\"Protected property\">with</span>: []
      #<span class=sf-dump-protected title=\"Protected property\">withCount</span>: []
      +<span class=sf-dump-public title=\"Public property\">preventsLazyLoading</span>: <span class=sf-dump-const>false</span>
      #<span class=sf-dump-protected title=\"Protected property\">perPage</span>: <span class=sf-dump-num>15</span>
      +<span class=sf-dump-public title=\"Public property\">exists</span>: <span class=sf-dump-const>true</span>
      +<span class=sf-dump-public title=\"Public property\">wasRecentlyCreated</span>: <span class=sf-dump-const>false</span>
      #<span class=sf-dump-protected title=\"Protected property\">escapeWhenCastingToString</span>: <span class=sf-dump-const>false</span>
      #<span class=sf-dump-protected title=\"Protected property\">attributes</span>: <span class=sf-dump-note>array:41</span> [ &#8230;41]
      #<span class=sf-dump-protected title=\"Protected property\">original</span>: <span class=sf-dump-note>array:41</span> [ &#8230;41]
      #<span class=sf-dump-protected title=\"Protected property\">changes</span>: []
      #<span class=sf-dump-protected title=\"Protected property\">casts</span>: []
      #<span class=sf-dump-protected title=\"Protected property\">classCastCache</span>: []
      #<span class=sf-dump-protected title=\"Protected property\">attributeCastCache</span>: []
      #<span class=sf-dump-protected title=\"Protected property\">dateFormat</span>: <span class=sf-dump-const>null</span>
      #<span class=sf-dump-protected title=\"Protected property\">appends</span>: []
      #<span class=sf-dump-protected title=\"Protected property\">dispatchesEvents</span>: []
      #<span class=sf-dump-protected title=\"Protected property\">observables</span>: []
      #<span class=sf-dump-protected title=\"Protected property\">relations</span>: []
      #<span class=sf-dump-protected title=\"Protected property\">touches</span>: []
      +<span class=sf-dump-public title=\"Public property\">timestamps</span>: <span class=sf-dump-const>true</span>
      +<span class=sf-dump-public title=\"Public property\">usesUniqueIds</span>: <span class=sf-dump-const>false</span>
      #<span class=sf-dump-protected title=\"Protected property\">hidden</span>: []
      #<span class=sf-dump-protected title=\"Protected property\">visible</span>: []
      #<span class=sf-dump-protected title=\"Protected property\">fillable</span>: <span class=sf-dump-note>array:6</span> [ &#8230;6]
      #<span class=sf-dump-protected title=\"Protected property\">guarded</span>: <span class=sf-dump-note>array:1</span> [ &#8230;1]
    </samp>}
    <span class=sf-dump-index>9</span> => <span class=sf-dump-note title=\"App\\Tratamiento
\"><span class=\"sf-dump-ellipsis sf-dump-ellipsis-note\">App</span><span class=\"sf-dump-ellipsis sf-dump-ellipsis-note\">\\</span>Tratamiento</span> {<a class=sf-dump-ref>#2581</a><samp data-depth=3 class=sf-dump-compact>
      #<span class=sf-dump-protected title=\"Protected property\">connection</span>: \"<span class=sf-dump-str title=\"5 characters\">mysql</span>\"
      #<span class=sf-dump-protected title=\"Protected property\">table</span>: \"<span class=sf-dump-str title=\"12 characters\">tratamientos</span>\"
      #<span class=sf-dump-protected title=\"Protected property\">primaryKey</span>: \"<span class=sf-dump-str title=\"7 characters\">ID_Trat</span>\"
      #<span class=sf-dump-protected title=\"Protected property\">keyType</span>: \"<span class=sf-dump-str title=\"3 characters\">int</span>\"
      +<span class=sf-dump-public title=\"Public property\">incrementing</span>: <span class=sf-dump-const>true</span>
      #<span class=sf-dump-protected title=\"Protected property\">with</span>: []
      #<span class=sf-dump-protected title=\"Protected property\">withCount</span>: []
      +<span class=sf-dump-public title=\"Public property\">preventsLazyLoading</span>: <span class=sf-dump-const>false</span>
      #<span class=sf-dump-protected title=\"Protected property\">perPage</span>: <span class=sf-dump-num>15</span>
      +<span class=sf-dump-public title=\"Public property\">exists</span>: <span class=sf-dump-const>true</span>
      +<span class=sf-dump-public title=\"Public property\">wasRecentlyCreated</span>: <span class=sf-dump-const>false</span>
      #<span class=sf-dump-protected title=\"Protected property\">escapeWhenCastingToString</span>: <span class=sf-dump-const>false</span>
      #<span class=sf-dump-protected title=\"Protected property\">attributes</span>: <span class=sf-dump-note>array:41</span> [ &#8230;41]
      #<span class=sf-dump-protected title=\"Protected property\">original</span>: <span class=sf-dump-note>array:41</span> [ &#8230;41]
      #<span class=sf-dump-protected title=\"Protected property\">changes</span>: []
      #<span class=sf-dump-protected title=\"Protected property\">casts</span>: []
      #<span class=sf-dump-protected title=\"Protected property\">classCastCache</span>: []
      #<span class=sf-dump-protected title=\"Protected property\">attributeCastCache</span>: []
      #<span class=sf-dump-protected title=\"Protected property\">dateFormat</span>: <span class=sf-dump-const>null</span>
      #<span class=sf-dump-protected title=\"Protected property\">appends</span>: []
      #<span class=sf-dump-protected title=\"Protected property\">dispatchesEvents</span>: []
      #<span class=sf-dump-protected title=\"Protected property\">observables</span>: []
      #<span class=sf-dump-protected title=\"Protected property\">relations</span>: []
      #<span class=sf-dump-protected title=\"Protected property\">touches</span>: []
      +<span class=sf-dump-public title=\"Public property\">timestamps</span>: <span class=sf-dump-const>true</span>
      +<span class=sf-dump-public title=\"Public property\">usesUniqueIds</span>: <span class=sf-dump-const>false</span>
      #<span class=sf-dump-protected title=\"Protected property\">hidden</span>: []
      #<span class=sf-dump-protected title=\"Protected property\">visible</span>: []
      #<span class=sf-dump-protected title=\"Protected property\">fillable</span>: <span class=sf-dump-note>array:6</span> [ &#8230;6]
      #<span class=sf-dump-protected title=\"Protected property\">guarded</span>: <span class=sf-dump-note>array:1</span> [ &#8230;1]
    </samp>}
    <span class=sf-dump-index>10</span> => <span class=sf-dump-note title=\"App\\Tratamiento
\"><span class=\"sf-dump-ellipsis sf-dump-ellipsis-note\">App</span><span class=\"sf-dump-ellipsis sf-dump-ellipsis-note\">\\</span>Tratamiento</span> {<a class=sf-dump-ref>#2582</a><samp data-depth=3 class=sf-dump-compact>
      #<span class=sf-dump-protected title=\"Protected property\">connection</span>: \"<span class=sf-dump-str title=\"5 characters\">mysql</span>\"
      #<span class=sf-dump-protected title=\"Protected property\">table</span>: \"<span class=sf-dump-str title=\"12 characters\">tratamientos</span>\"
      #<span class=sf-dump-protected title=\"Protected property\">primaryKey</span>: \"<span class=sf-dump-str title=\"7 characters\">ID_Trat</span>\"
      #<span class=sf-dump-protected title=\"Protected property\">keyType</span>: \"<span class=sf-dump-str title=\"3 characters\">int</span>\"
      +<span class=sf-dump-public title=\"Public property\">incrementing</span>: <span class=sf-dump-const>true</span>
      #<span class=sf-dump-protected title=\"Protected property\">with</span>: []
      #<span class=sf-dump-protected title=\"Protected property\">withCount</span>: []
      +<span class=sf-dump-public title=\"Public property\">preventsLazyLoading</span>: <span class=sf-dump-const>false</span>
      #<span class=sf-dump-protected title=\"Protected property\">perPage</span>: <span class=sf-dump-num>15</span>
      +<span class=sf-dump-public title=\"Public property\">exists</span>: <span class=sf-dump-const>true</span>
      +<span class=sf-dump-public title=\"Public property\">wasRecentlyCreated</span>: <span class=sf-dump-const>false</span>
      #<span class=sf-dump-protected title=\"Protected property\">escapeWhenCastingToString</span>: <span class=sf-dump-const>false</span>
      #<span class=sf-dump-protected title=\"Protected property\">attributes</span>: <span class=sf-dump-note>array:41</span> [ &#8230;41]
      #<span class=sf-dump-protected title=\"Protected property\">original</span>: <span class=sf-dump-note>array:41</span> [ &#8230;41]
      #<span class=sf-dump-protected title=\"Protected property\">changes</span>: []
      #<span class=sf-dump-protected title=\"Protected property\">casts</span>: []
      #<span class=sf-dump-protected title=\"Protected property\">classCastCache</span>: []
      #<span class=sf-dump-protected title=\"Protected property\">attributeCastCache</span>: []
      #<span class=sf-dump-protected title=\"Protected property\">dateFormat</span>: <span class=sf-dump-const>null</span>
      #<span class=sf-dump-protected title=\"Protected property\">appends</span>: []
      #<span class=sf-dump-protected title=\"Protected property\">dispatchesEvents</span>: []
      #<span class=sf-dump-protected title=\"Protected property\">observables</span>: []
      #<span class=sf-dump-protected title=\"Protected property\">relations</span>: []
      #<span class=sf-dump-protected title=\"Protected property\">touches</span>: []
      +<span class=sf-dump-public title=\"Public property\">timestamps</span>: <span class=sf-dump-const>true</span>
      +<span class=sf-dump-public title=\"Public property\">usesUniqueIds</span>: <span class=sf-dump-const>false</span>
      #<span class=sf-dump-protected title=\"Protected property\">hidden</span>: []
      #<span class=sf-dump-protected title=\"Protected property\">visible</span>: []
      #<span class=sf-dump-protected title=\"Protected property\">fillable</span>: <span class=sf-dump-note>array:6</span> [ &#8230;6]
      #<span class=sf-dump-protected title=\"Protected property\">guarded</span>: <span class=sf-dump-note>array:1</span> [ &#8230;1]
    </samp>}
    <span class=sf-dump-index>11</span> => <span class=sf-dump-note title=\"App\\Tratamiento
\"><span class=\"sf-dump-ellipsis sf-dump-ellipsis-note\">App</span><span class=\"sf-dump-ellipsis sf-dump-ellipsis-note\">\\</span>Tratamiento</span> {<a class=sf-dump-ref>#2583</a><samp data-depth=3 class=sf-dump-compact>
      #<span class=sf-dump-protected title=\"Protected property\">connection</span>: \"<span class=sf-dump-str title=\"5 characters\">mysql</span>\"
      #<span class=sf-dump-protected title=\"Protected property\">table</span>: \"<span class=sf-dump-str title=\"12 characters\">tratamientos</span>\"
      #<span class=sf-dump-protected title=\"Protected property\">primaryKey</span>: \"<span class=sf-dump-str title=\"7 characters\">ID_Trat</span>\"
      #<span class=sf-dump-protected title=\"Protected property\">keyType</span>: \"<span class=sf-dump-str title=\"3 characters\">int</span>\"
      +<span class=sf-dump-public title=\"Public property\">incrementing</span>: <span class=sf-dump-const>true</span>
      #<span class=sf-dump-protected title=\"Protected property\">with</span>: []
      #<span class=sf-dump-protected title=\"Protected property\">withCount</span>: []
      +<span class=sf-dump-public title=\"Public property\">preventsLazyLoading</span>: <span class=sf-dump-const>false</span>
      #<span class=sf-dump-protected title=\"Protected property\">perPage</span>: <span class=sf-dump-num>15</span>
      +<span class=sf-dump-public title=\"Public property\">exists</span>: <span class=sf-dump-const>true</span>
      +<span class=sf-dump-public title=\"Public property\">wasRecentlyCreated</span>: <span class=sf-dump-const>false</span>
      #<span class=sf-dump-protected title=\"Protected property\">escapeWhenCastingToString</span>: <span class=sf-dump-const>false</span>
      #<span class=sf-dump-protected title=\"Protected property\">attributes</span>: <span class=sf-dump-note>array:41</span> [ &#8230;41]
      #<span class=sf-dump-protected title=\"Protected property\">original</span>: <span class=sf-dump-note>array:41</span> [ &#8230;41]
      #<span class=sf-dump-protected title=\"Protected property\">changes</span>: []
      #<span class=sf-dump-protected title=\"Protected property\">casts</span>: []
      #<span class=sf-dump-protected title=\"Protected property\">classCastCache</span>: []
      #<span class=sf-dump-protected title=\"Protected property\">attributeCastCache</span>: []
      #<span class=sf-dump-protected title=\"Protected property\">dateFormat</span>: <span class=sf-dump-const>null</span>
      #<span class=sf-dump-protected title=\"Protected property\">appends</span>: []
      #<span class=sf-dump-protected title=\"Protected property\">dispatchesEvents</span>: []
      #<span class=sf-dump-protected title=\"Protected property\">observables</span>: []
      #<span class=sf-dump-protected title=\"Protected property\">relations</span>: []
      #<span class=sf-dump-protected title=\"Protected property\">touches</span>: []
      +<span class=sf-dump-public title=\"Public property\">timestamps</span>: <span class=sf-dump-const>true</span>
      +<span class=sf-dump-public title=\"Public property\">usesUniqueIds</span>: <span class=sf-dump-const>false</span>
      #<span class=sf-dump-protected title=\"Protected property\">hidden</span>: []
      #<span class=sf-dump-protected title=\"Protected property\">visible</span>: []
      #<span class=sf-dump-protected title=\"Protected property\">fillable</span>: <span class=sf-dump-note>array:6</span> [ &#8230;6]
      #<span class=sf-dump-protected title=\"Protected property\">guarded</span>: <span class=sf-dump-note>array:1</span> [ &#8230;1]
    </samp>}
    <span class=sf-dump-index>12</span> => <span class=sf-dump-note title=\"App\\Tratamiento
\"><span class=\"sf-dump-ellipsis sf-dump-ellipsis-note\">App</span><span class=\"sf-dump-ellipsis sf-dump-ellipsis-note\">\\</span>Tratamiento</span> {<a class=sf-dump-ref>#2584</a><samp data-depth=3 class=sf-dump-compact>
      #<span class=sf-dump-protected title=\"Protected property\">connection</span>: \"<span class=sf-dump-str title=\"5 characters\">mysql</span>\"
      #<span class=sf-dump-protected title=\"Protected property\">table</span>: \"<span class=sf-dump-str title=\"12 characters\">tratamientos</span>\"
      #<span class=sf-dump-protected title=\"Protected property\">primaryKey</span>: \"<span class=sf-dump-str title=\"7 characters\">ID_Trat</span>\"
      #<span class=sf-dump-protected title=\"Protected property\">keyType</span>: \"<span class=sf-dump-str title=\"3 characters\">int</span>\"
      +<span class=sf-dump-public title=\"Public property\">incrementing</span>: <span class=sf-dump-const>true</span>
      #<span class=sf-dump-protected title=\"Protected property\">with</span>: []
      #<span class=sf-dump-protected title=\"Protected property\">withCount</span>: []
      +<span class=sf-dump-public title=\"Public property\">preventsLazyLoading</span>: <span class=sf-dump-const>false</span>
      #<span class=sf-dump-protected title=\"Protected property\">perPage</span>: <span class=sf-dump-num>15</span>
      +<span class=sf-dump-public title=\"Public property\">exists</span>: <span class=sf-dump-const>true</span>
      +<span class=sf-dump-public title=\"Public property\">wasRecentlyCreated</span>: <span class=sf-dump-const>false</span>
      #<span class=sf-dump-protected title=\"Protected property\">escapeWhenCastingToString</span>: <span class=sf-dump-const>false</span>
      #<span class=sf-dump-protected title=\"Protected property\">attributes</span>: <span class=sf-dump-note>array:41</span> [ &#8230;41]
      #<span class=sf-dump-protected title=\"Protected property\">original</span>: <span class=sf-dump-note>array:41</span> [ &#8230;41]
      #<span class=sf-dump-protected title=\"Protected property\">changes</span>: []
      #<span class=sf-dump-protected title=\"Protected property\">casts</span>: []
      #<span class=sf-dump-protected title=\"Protected property\">classCastCache</span>: []
      #<span class=sf-dump-protected title=\"Protected property\">attributeCastCache</span>: []
      #<span class=sf-dump-protected title=\"Protected property\">dateFormat</span>: <span class=sf-dump-const>null</span>
      #<span class=sf-dump-protected title=\"Protected property\">appends</span>: []
      #<span class=sf-dump-protected title=\"Protected property\">dispatchesEvents</span>: []
      #<span class=sf-dump-protected title=\"Protected property\">observables</span>: []
      #<span class=sf-dump-protected title=\"Protected property\">relations</span>: []
      #<span class=sf-dump-protected title=\"Protected property\">touches</span>: []
      +<span class=sf-dump-public title=\"Public property\">timestamps</span>: <span class=sf-dump-const>true</span>
      +<span class=sf-dump-public title=\"Public property\">usesUniqueIds</span>: <span class=sf-dump-const>false</span>
      #<span class=sf-dump-protected title=\"Protected property\">hidden</span>: []
      #<span class=sf-dump-protected title=\"Protected property\">visible</span>: []
      #<span class=sf-dump-protected title=\"Protected property\">fillable</span>: <span class=sf-dump-note>array:6</span> [ &#8230;6]
      #<span class=sf-dump-protected title=\"Protected property\">guarded</span>: <span class=sf-dump-note>array:1</span> [ &#8230;1]
    </samp>}
    <span class=sf-dump-index>13</span> => <span class=sf-dump-note title=\"App\\Tratamiento
\"><span class=\"sf-dump-ellipsis sf-dump-ellipsis-note\">App</span><span class=\"sf-dump-ellipsis sf-dump-ellipsis-note\">\\</span>Tratamiento</span> {<a class=sf-dump-ref>#2585</a><samp data-depth=3 class=sf-dump-compact>
      #<span class=sf-dump-protected title=\"Protected property\">connection</span>: \"<span class=sf-dump-str title=\"5 characters\">mysql</span>\"
      #<span class=sf-dump-protected title=\"Protected property\">table</span>: \"<span class=sf-dump-str title=\"12 characters\">tratamientos</span>\"
      #<span class=sf-dump-protected title=\"Protected property\">primaryKey</span>: \"<span class=sf-dump-str title=\"7 characters\">ID_Trat</span>\"
      #<span class=sf-dump-protected title=\"Protected property\">keyType</span>: \"<span class=sf-dump-str title=\"3 characters\">int</span>\"
      +<span class=sf-dump-public title=\"Public property\">incrementing</span>: <span class=sf-dump-const>true</span>
      #<span class=sf-dump-protected title=\"Protected property\">with</span>: []
      #<span class=sf-dump-protected title=\"Protected property\">withCount</span>: []
      +<span class=sf-dump-public title=\"Public property\">preventsLazyLoading</span>: <span class=sf-dump-const>false</span>
      #<span class=sf-dump-protected title=\"Protected property\">perPage</span>: <span class=sf-dump-num>15</span>
      +<span class=sf-dump-public title=\"Public property\">exists</span>: <span class=sf-dump-const>true</span>
      +<span class=sf-dump-public title=\"Public property\">wasRecentlyCreated</span>: <span class=sf-dump-const>false</span>
      #<span class=sf-dump-protected title=\"Protected property\">escapeWhenCastingToString</span>: <span class=sf-dump-const>false</span>
      #<span class=sf-dump-protected title=\"Protected property\">attributes</span>: <span class=sf-dump-note>array:41</span> [ &#8230;41]
      #<span class=sf-dump-protected title=\"Protected property\">original</span>: <span class=sf-dump-note>array:41</span> [ &#8230;41]
      #<span class=sf-dump-protected title=\"Protected property\">changes</span>: []
      #<span class=sf-dump-protected title=\"Protected property\">casts</span>: []
      #<span class=sf-dump-protected title=\"Protected property\">classCastCache</span>: []
      #<span class=sf-dump-protected title=\"Protected property\">attributeCastCache</span>: []
      #<span class=sf-dump-protected title=\"Protected property\">dateFormat</span>: <span class=sf-dump-const>null</span>
      #<span class=sf-dump-protected title=\"Protected property\">appends</span>: []
      #<span class=sf-dump-protected title=\"Protected property\">dispatchesEvents</span>: []
      #<span class=sf-dump-protected title=\"Protected property\">observables</span>: []
      #<span class=sf-dump-protected title=\"Protected property\">relations</span>: []
      #<span class=sf-dump-protected title=\"Protected property\">touches</span>: []
      +<span class=sf-dump-public title=\"Public property\">timestamps</span>: <span class=sf-dump-const>true</span>
      +<span class=sf-dump-public title=\"Public property\">usesUniqueIds</span>: <span class=sf-dump-const>false</span>
      #<span class=sf-dump-protected title=\"Protected property\">hidden</span>: []
      #<span class=sf-dump-protected title=\"Protected property\">visible</span>: []
      #<span class=sf-dump-protected title=\"Protected property\">fillable</span>: <span class=sf-dump-note>array:6</span> [ &#8230;6]
      #<span class=sf-dump-protected title=\"Protected property\">guarded</span>: <span class=sf-dump-note>array:1</span> [ &#8230;1]
    </samp>}
    <span class=sf-dump-index>14</span> => <span class=sf-dump-note title=\"App\\Tratamiento
\"><span class=\"sf-dump-ellipsis sf-dump-ellipsis-note\">App</span><span class=\"sf-dump-ellipsis sf-dump-ellipsis-note\">\\</span>Tratamiento</span> {<a class=sf-dump-ref>#2586</a><samp data-depth=3 class=sf-dump-compact>
      #<span class=sf-dump-protected title=\"Protected property\">connection</span>: \"<span class=sf-dump-str title=\"5 characters\">mysql</span>\"
      #<span class=sf-dump-protected title=\"Protected property\">table</span>: \"<span class=sf-dump-str title=\"12 characters\">tratamientos</span>\"
      #<span class=sf-dump-protected title=\"Protected property\">primaryKey</span>: \"<span class=sf-dump-str title=\"7 characters\">ID_Trat</span>\"
      #<span class=sf-dump-protected title=\"Protected property\">keyType</span>: \"<span class=sf-dump-str title=\"3 characters\">int</span>\"
      +<span class=sf-dump-public title=\"Public property\">incrementing</span>: <span class=sf-dump-const>true</span>
      #<span class=sf-dump-protected title=\"Protected property\">with</span>: []
      #<span class=sf-dump-protected title=\"Protected property\">withCount</span>: []
      +<span class=sf-dump-public title=\"Public property\">preventsLazyLoading</span>: <span class=sf-dump-const>false</span>
      #<span class=sf-dump-protected title=\"Protected property\">perPage</span>: <span class=sf-dump-num>15</span>
      +<span class=sf-dump-public title=\"Public property\">exists</span>: <span class=sf-dump-const>true</span>
      +<span class=sf-dump-public title=\"Public property\">wasRecentlyCreated</span>: <span class=sf-dump-const>false</span>
      #<span class=sf-dump-protected title=\"Protected property\">escapeWhenCastingToString</span>: <span class=sf-dump-const>false</span>
      #<span class=sf-dump-protected title=\"Protected property\">attributes</span>: <span class=sf-dump-note>array:41</span> [ &#8230;41]
      #<span class=sf-dump-protected title=\"Protected property\">original</span>: <span class=sf-dump-note>array:41</span> [ &#8230;41]
      #<span class=sf-dump-protected title=\"Protected property\">changes</span>: []
      #<span class=sf-dump-protected title=\"Protected property\">casts</span>: []
      #<span class=sf-dump-protected title=\"Protected property\">classCastCache</span>: []
      #<span class=sf-dump-protected title=\"Protected property\">attributeCastCache</span>: []
      #<span class=sf-dump-protected title=\"Protected property\">dateFormat</span>: <span class=sf-dump-const>null</span>
      #<span class=sf-dump-protected title=\"Protected property\">appends</span>: []
      #<span class=sf-dump-protected title=\"Protected property\">dispatchesEvents</span>: []
      #<span class=sf-dump-protected title=\"Protected property\">observables</span>: []
      #<span class=sf-dump-protected title=\"Protected property\">relations</span>: []
      #<span class=sf-dump-protected title=\"Protected property\">touches</span>: []
      +<span class=sf-dump-public title=\"Public property\">timestamps</span>: <span class=sf-dump-const>true</span>
      +<span class=sf-dump-public title=\"Public property\">usesUniqueIds</span>: <span class=sf-dump-const>false</span>
      #<span class=sf-dump-protected title=\"Protected property\">hidden</span>: []
      #<span class=sf-dump-protected title=\"Protected property\">visible</span>: []
      #<span class=sf-dump-protected title=\"Protected property\">fillable</span>: <span class=sf-dump-note>array:6</span> [ &#8230;6]
      #<span class=sf-dump-protected title=\"Protected property\">guarded</span>: <span class=sf-dump-note>array:1</span> [ &#8230;1]
    </samp>}
    <span class=sf-dump-index>15</span> => <span class=sf-dump-note title=\"App\\Tratamiento
\"><span class=\"sf-dump-ellipsis sf-dump-ellipsis-note\">App</span><span class=\"sf-dump-ellipsis sf-dump-ellipsis-note\">\\</span>Tratamiento</span> {<a class=sf-dump-ref>#2587</a><samp data-depth=3 class=sf-dump-compact>
      #<span class=sf-dump-protected title=\"Protected property\">connection</span>: \"<span class=sf-dump-str title=\"5 characters\">mysql</span>\"
      #<span class=sf-dump-protected title=\"Protected property\">table</span>: \"<span class=sf-dump-str title=\"12 characters\">tratamientos</span>\"
      #<span class=sf-dump-protected title=\"Protected property\">primaryKey</span>: \"<span class=sf-dump-str title=\"7 characters\">ID_Trat</span>\"
      #<span class=sf-dump-protected title=\"Protected property\">keyType</span>: \"<span class=sf-dump-str title=\"3 characters\">int</span>\"
      +<span class=sf-dump-public title=\"Public property\">incrementing</span>: <span class=sf-dump-const>true</span>
      #<span class=sf-dump-protected title=\"Protected property\">with</span>: []
      #<span class=sf-dump-protected title=\"Protected property\">withCount</span>: []
      +<span class=sf-dump-public title=\"Public property\">preventsLazyLoading</span>: <span class=sf-dump-const>false</span>
      #<span class=sf-dump-protected title=\"Protected property\">perPage</span>: <span class=sf-dump-num>15</span>
      +<span class=sf-dump-public title=\"Public property\">exists</span>: <span class=sf-dump-const>true</span>
      +<span class=sf-dump-public title=\"Public property\">wasRecentlyCreated</span>: <span class=sf-dump-const>false</span>
      #<span class=sf-dump-protected title=\"Protected property\">escapeWhenCastingToString</span>: <span class=sf-dump-const>false</span>
      #<span class=sf-dump-protected title=\"Protected property\">attributes</span>: <span class=sf-dump-note>array:41</span> [ &#8230;41]
      #<span class=sf-dump-protected title=\"Protected property\">original</span>: <span class=sf-dump-note>array:41</span> [ &#8230;41]
      #<span class=sf-dump-protected title=\"Protected property\">changes</span>: []
      #<span class=sf-dump-protected title=\"Protected property\">casts</span>: []
      #<span class=sf-dump-protected title=\"Protected property\">classCastCache</span>: []
      #<span class=sf-dump-protected title=\"Protected property\">attributeCastCache</span>: []
      #<span class=sf-dump-protected title=\"Protected property\">dateFormat</span>: <span class=sf-dump-const>null</span>
      #<span class=sf-dump-protected title=\"Protected property\">appends</span>: []
      #<span class=sf-dump-protected title=\"Protected property\">dispatchesEvents</span>: []
      #<span class=sf-dump-protected title=\"Protected property\">observables</span>: []
      #<span class=sf-dump-protected title=\"Protected property\">relations</span>: []
      #<span class=sf-dump-protected title=\"Protected property\">touches</span>: []
      +<span class=sf-dump-public title=\"Public property\">timestamps</span>: <span class=sf-dump-const>true</span>
      +<span class=sf-dump-public title=\"Public property\">usesUniqueIds</span>: <span class=sf-dump-const>false</span>
      #<span class=sf-dump-protected title=\"Protected property\">hidden</span>: []
      #<span class=sf-dump-protected title=\"Protected property\">visible</span>: []
      #<span class=sf-dump-protected title=\"Protected property\">fillable</span>: <span class=sf-dump-note>array:6</span> [ &#8230;6]
      #<span class=sf-dump-protected title=\"Protected property\">guarded</span>: <span class=sf-dump-note>array:1</span> [ &#8230;1]
    </samp>}
    <span class=sf-dump-index>16</span> => <span class=sf-dump-note title=\"App\\Tratamiento
\"><span class=\"sf-dump-ellipsis sf-dump-ellipsis-note\">App</span><span class=\"sf-dump-ellipsis sf-dump-ellipsis-note\">\\</span>Tratamiento</span> {<a class=sf-dump-ref>#2588</a><samp data-depth=3 class=sf-dump-compact>
      #<span class=sf-dump-protected title=\"Protected property\">connection</span>: \"<span class=sf-dump-str title=\"5 characters\">mysql</span>\"
      #<span class=sf-dump-protected title=\"Protected property\">table</span>: \"<span class=sf-dump-str title=\"12 characters\">tratamientos</span>\"
      #<span class=sf-dump-protected title=\"Protected property\">primaryKey</span>: \"<span class=sf-dump-str title=\"7 characters\">ID_Trat</span>\"
      #<span class=sf-dump-protected title=\"Protected property\">keyType</span>: \"<span class=sf-dump-str title=\"3 characters\">int</span>\"
      +<span class=sf-dump-public title=\"Public property\">incrementing</span>: <span class=sf-dump-const>true</span>
      #<span class=sf-dump-protected title=\"Protected property\">with</span>: []
      #<span class=sf-dump-protected title=\"Protected property\">withCount</span>: []
      +<span class=sf-dump-public title=\"Public property\">preventsLazyLoading</span>: <span class=sf-dump-const>false</span>
      #<span class=sf-dump-protected title=\"Protected property\">perPage</span>: <span class=sf-dump-num>15</span>
      +<span class=sf-dump-public title=\"Public property\">exists</span>: <span class=sf-dump-const>true</span>
      +<span class=sf-dump-public title=\"Public property\">wasRecentlyCreated</span>: <span class=sf-dump-const>false</span>
      #<span class=sf-dump-protected title=\"Protected property\">escapeWhenCastingToString</span>: <span class=sf-dump-const>false</span>
      #<span class=sf-dump-protected title=\"Protected property\">attributes</span>: <span class=sf-dump-note>array:41</span> [ &#8230;41]
      #<span class=sf-dump-protected title=\"Protected property\">original</span>: <span class=sf-dump-note>array:41</span> [ &#8230;41]
      #<span class=sf-dump-protected title=\"Protected property\">changes</span>: []
      #<span class=sf-dump-protected title=\"Protected property\">casts</span>: []
      #<span class=sf-dump-protected title=\"Protected property\">classCastCache</span>: []
      #<span class=sf-dump-protected title=\"Protected property\">attributeCastCache</span>: []
      #<span class=sf-dump-protected title=\"Protected property\">dateFormat</span>: <span class=sf-dump-const>null</span>
      #<span class=sf-dump-protected title=\"Protected property\">appends</span>: []
      #<span class=sf-dump-protected title=\"Protected property\">dispatchesEvents</span>: []
      #<span class=sf-dump-protected title=\"Protected property\">observables</span>: []
      #<span class=sf-dump-protected title=\"Protected property\">relations</span>: []
      #<span class=sf-dump-protected title=\"Protected property\">touches</span>: []
      +<span class=sf-dump-public title=\"Public property\">timestamps</span>: <span class=sf-dump-const>true</span>
      +<span class=sf-dump-public title=\"Public property\">usesUniqueIds</span>: <span class=sf-dump-const>false</span>
      #<span class=sf-dump-protected title=\"Protected property\">hidden</span>: []
      #<span class=sf-dump-protected title=\"Protected property\">visible</span>: []
      #<span class=sf-dump-protected title=\"Protected property\">fillable</span>: <span class=sf-dump-note>array:6</span> [ &#8230;6]
      #<span class=sf-dump-protected title=\"Protected property\">guarded</span>: <span class=sf-dump-note>array:1</span> [ &#8230;1]
    </samp>}
    <span class=sf-dump-index>17</span> => <span class=sf-dump-note title=\"App\\Tratamiento
\"><span class=\"sf-dump-ellipsis sf-dump-ellipsis-note\">App</span><span class=\"sf-dump-ellipsis sf-dump-ellipsis-note\">\\</span>Tratamiento</span> {<a class=sf-dump-ref>#2589</a><samp data-depth=3 class=sf-dump-compact>
      #<span class=sf-dump-protected title=\"Protected property\">connection</span>: \"<span class=sf-dump-str title=\"5 characters\">mysql</span>\"
      #<span class=sf-dump-protected title=\"Protected property\">table</span>: \"<span class=sf-dump-str title=\"12 characters\">tratamientos</span>\"
      #<span class=sf-dump-protected title=\"Protected property\">primaryKey</span>: \"<span class=sf-dump-str title=\"7 characters\">ID_Trat</span>\"
      #<span class=sf-dump-protected title=\"Protected property\">keyType</span>: \"<span class=sf-dump-str title=\"3 characters\">int</span>\"
      +<span class=sf-dump-public title=\"Public property\">incrementing</span>: <span class=sf-dump-const>true</span>
      #<span class=sf-dump-protected title=\"Protected property\">with</span>: []
      #<span class=sf-dump-protected title=\"Protected property\">withCount</span>: []
      +<span class=sf-dump-public title=\"Public property\">preventsLazyLoading</span>: <span class=sf-dump-const>false</span>
      #<span class=sf-dump-protected title=\"Protected property\">perPage</span>: <span class=sf-dump-num>15</span>
      +<span class=sf-dump-public title=\"Public property\">exists</span>: <span class=sf-dump-const>true</span>
      +<span class=sf-dump-public title=\"Public property\">wasRecentlyCreated</span>: <span class=sf-dump-const>false</span>
      #<span class=sf-dump-protected title=\"Protected property\">escapeWhenCastingToString</span>: <span class=sf-dump-const>false</span>
      #<span class=sf-dump-protected title=\"Protected property\">attributes</span>: <span class=sf-dump-note>array:41</span> [ &#8230;41]
      #<span class=sf-dump-protected title=\"Protected property\">original</span>: <span class=sf-dump-note>array:41</span> [ &#8230;41]
      #<span class=sf-dump-protected title=\"Protected property\">changes</span>: []
      #<span class=sf-dump-protected title=\"Protected property\">casts</span>: []
      #<span class=sf-dump-protected title=\"Protected property\">classCastCache</span>: []
      #<span class=sf-dump-protected title=\"Protected property\">attributeCastCache</span>: []
      #<span class=sf-dump-protected title=\"Protected property\">dateFormat</span>: <span class=sf-dump-const>null</span>
      #<span class=sf-dump-protected title=\"Protected property\">appends</span>: []
      #<span class=sf-dump-protected title=\"Protected property\">dispatchesEvents</span>: []
      #<span class=sf-dump-protected title=\"Protected property\">observables</span>: []
      #<span class=sf-dump-protected title=\"Protected property\">relations</span>: []
      #<span class=sf-dump-protected title=\"Protected property\">touches</span>: []
      +<span class=sf-dump-public title=\"Public property\">timestamps</span>: <span class=sf-dump-const>true</span>
      +<span class=sf-dump-public title=\"Public property\">usesUniqueIds</span>: <span class=sf-dump-const>false</span>
      #<span class=sf-dump-protected title=\"Protected property\">hidden</span>: []
      #<span class=sf-dump-protected title=\"Protected property\">visible</span>: []
      #<span class=sf-dump-protected title=\"Protected property\">fillable</span>: <span class=sf-dump-note>array:6</span> [ &#8230;6]
      #<span class=sf-dump-protected title=\"Protected property\">guarded</span>: <span class=sf-dump-note>array:1</span> [ &#8230;1]
    </samp>}
    <span class=sf-dump-index>18</span> => <span class=sf-dump-note title=\"App\\Tratamiento
\"><span class=\"sf-dump-ellipsis sf-dump-ellipsis-note\">App</span><span class=\"sf-dump-ellipsis sf-dump-ellipsis-note\">\\</span>Tratamiento</span> {<a class=sf-dump-ref>#2590</a><samp data-depth=3 class=sf-dump-compact>
      #<span class=sf-dump-protected title=\"Protected property\">connection</span>: \"<span class=sf-dump-str title=\"5 characters\">mysql</span>\"
      #<span class=sf-dump-protected title=\"Protected property\">table</span>: \"<span class=sf-dump-str title=\"12 characters\">tratamientos</span>\"
      #<span class=sf-dump-protected title=\"Protected property\">primaryKey</span>: \"<span class=sf-dump-str title=\"7 characters\">ID_Trat</span>\"
      #<span class=sf-dump-protected title=\"Protected property\">keyType</span>: \"<span class=sf-dump-str title=\"3 characters\">int</span>\"
      +<span class=sf-dump-public title=\"Public property\">incrementing</span>: <span class=sf-dump-const>true</span>
      #<span class=sf-dump-protected title=\"Protected property\">with</span>: []
      #<span class=sf-dump-protected title=\"Protected property\">withCount</span>: []
      +<span class=sf-dump-public title=\"Public property\">preventsLazyLoading</span>: <span class=sf-dump-const>false</span>
      #<span class=sf-dump-protected title=\"Protected property\">perPage</span>: <span class=sf-dump-num>15</span>
      +<span class=sf-dump-public title=\"Public property\">exists</span>: <span class=sf-dump-const>true</span>
      +<span class=sf-dump-public title=\"Public property\">wasRecentlyCreated</span>: <span class=sf-dump-const>false</span>
      #<span class=sf-dump-protected title=\"Protected property\">escapeWhenCastingToString</span>: <span class=sf-dump-const>false</span>
      #<span class=sf-dump-protected title=\"Protected property\">attributes</span>: <span class=sf-dump-note>array:41</span> [ &#8230;41]
      #<span class=sf-dump-protected title=\"Protected property\">original</span>: <span class=sf-dump-note>array:41</span> [ &#8230;41]
      #<span class=sf-dump-protected title=\"Protected property\">changes</span>: []
      #<span class=sf-dump-protected title=\"Protected property\">casts</span>: []
      #<span class=sf-dump-protected title=\"Protected property\">classCastCache</span>: []
      #<span class=sf-dump-protected title=\"Protected property\">attributeCastCache</span>: []
      #<span class=sf-dump-protected title=\"Protected property\">dateFormat</span>: <span class=sf-dump-const>null</span>
      #<span class=sf-dump-protected title=\"Protected property\">appends</span>: []
      #<span class=sf-dump-protected title=\"Protected property\">dispatchesEvents</span>: []
      #<span class=sf-dump-protected title=\"Protected property\">observables</span>: []
      #<span class=sf-dump-protected title=\"Protected property\">relations</span>: []
      #<span class=sf-dump-protected title=\"Protected property\">touches</span>: []
      +<span class=sf-dump-public title=\"Public property\">timestamps</span>: <span class=sf-dump-const>true</span>
      +<span class=sf-dump-public title=\"Public property\">usesUniqueIds</span>: <span class=sf-dump-const>false</span>
      #<span class=sf-dump-protected title=\"Protected property\">hidden</span>: []
      #<span class=sf-dump-protected title=\"Protected property\">visible</span>: []
      #<span class=sf-dump-protected title=\"Protected property\">fillable</span>: <span class=sf-dump-note>array:6</span> [ &#8230;6]
      #<span class=sf-dump-protected title=\"Protected property\">guarded</span>: <span class=sf-dump-note>array:1</span> [ &#8230;1]
    </samp>}
  </samp>]
  #<span class=sf-dump-protected title=\"Protected property\">escapeWhenCastingToString</span>: <span class=sf-dump-const>false</span>
</samp>}
</pre><script>Sfdump(\"sf-dump-258505973\", {\"maxDepth\":3,\"maxStringLength\":160})</script>
","Observaciones":"<pre class=sf-dump id=sf-dump-1171806271 data-indent-pad=\"  \"><span class=sf-dump-note>Illuminate\\Database\\Eloquent\\Collection</span> {<a class=sf-dump-ref>#2178</a><samp data-depth=1 class=sf-dump-expanded>
  #<span class=sf-dump-protected title=\"Protected property\">items</span>: <span class=sf-dump-note>array:14</span> [<samp data-depth=2 class=sf-dump-compact>
    <span class=sf-dump-index>0</span> => <span class=sf-dump-note title=\"App\\Observacion
\"><span class=\"sf-dump-ellipsis sf-dump-ellipsis-note\">App</span><span class=\"sf-dump-ellipsis sf-dump-ellipsis-note\">\\</span>Observacion</span> {<a class=sf-dump-ref>#2177</a><samp data-depth=3 class=sf-dump-compact>
      #<span class=sf-dump-protected title=\"Protected property\">connection</span>: \"<span class=sf-dump-str title=\"5 characters\">mysql</span>\"
      #<span class=sf-dump-protected title=\"Protected property\">table</span>: \"<span class=sf-dump-str title=\"12 characters\">observacions</span>\"
      #<span class=sf-dump-protected title=\"Protected property\">primaryKey</span>: \"<span class=sf-dump-str title=\"6 characters\">ID_Obs</span>\"
      #<span class=sf-dump-protected title=\"Protected property\">keyType</span>: \"<span class=sf-dump-str title=\"3 characters\">int</span>\"
      +<span class=sf-dump-public title=\"Public property\">incrementing</span>: <span class=sf-dump-const>true</span>
      #<span class=sf-dump-protected title=\"Protected property\">with</span>: []
      #<span class=sf-dump-protected title=\"Protected property\">withCount</span>: []
      +<span class=sf-dump-public title=\"Public property\">preventsLazyLoading</span>: <span class=sf-dump-const>false</span>
      #<span class=sf-dump-protected title=\"Protected property\">perPage</span>: <span class=sf-dump-num>15</span>
      +<span class=sf-dump-public title=\"Public property\">exists</span>: <span class=sf-dump-const>true</span>
      +<span class=sf-dump-public title=\"Public property\">wasRecentlyCreated</span>: <span class=sf-dump-const>false</span>
      #<span class=sf-dump-protected title=\"Protected property\">escapeWhenCastingToString</span>: <span class=sf-dump-const>false</span>
      #<span class=sf-dump-protected title=\"Protected property\">attributes</span>: <span class=sf-dump-note>array:12</span> [ &#8230;12]
      #<span class=sf-dump-protected title=\"Protected property\">original</span>: <span class=sf-dump-note>array:12</span> [ &#8230;12]
      #<span class=sf-dump-protected title=\"Protected property\">changes</span>: []
      #<span class=sf-dump-protected title=\"Protected property\">casts</span>: []
      #<span class=sf-dump-protected title=\"Protected property\">classCastCache</span>: []
      #<span class=sf-dump-protected title=\"Protected property\">attributeCastCache</span>: []
      #<span class=sf-dump-protected title=\"Protected property\">dateFormat</span>: <span class=sf-dump-const>null</span>
      #<span class=sf-dump-protected title=\"Protected property\">appends</span>: []
      #<span class=sf-dump-protected title=\"Protected property\">dispatchesEvents</span>: []
      #<span class=sf-dump-protected title=\"Protected property\">observables</span>: []
      #<span class=sf-dump-protected title=\"Protected property\">relations</span>: []
      #<span class=sf-dump-protected title=\"Protected property\">touches</span>: []
      +<span class=sf-dump-public title=\"Public property\">timestamps</span>: <span class=sf-dump-const>true</span>
      +<span class=sf-dump-public title=\"Public property\">usesUniqueIds</span>: <span class=sf-dump-const>false</span>
      #<span class=sf-dump-protected title=\"Protected property\">hidden</span>: []
      #<span class=sf-dump-protected title=\"Protected property\">visible</span>: []
      #<span class=sf-dump-protected title=\"Protected property\">fillable</span>: <span class=sf-dump-note>array:8</span> [ &#8230;8]
      #<span class=sf-dump-protected title=\"Protected property\">guarded</span>: <span class=sf-dump-note>array:1</span> [ &#8230;1]
    </samp>}
    <span class=sf-dump-index>1</span> => <span class=sf-dump-note title=\"App\\Observacion
\"><span class=\"sf-dump-ellipsis sf-dump-ellipsis-note\">App</span><span class=\"sf-dump-ellipsis sf-dump-ellipsis-note\">\\</span>Observacion</span> {<a class=sf-dump-ref>#2180</a><samp data-depth=3 class=sf-dump-compact>
      #<span class=sf-dump-protected title=\"Protected property\">connection</span>: \"<span class=sf-dump-str title=\"5 characters\">mysql</span>\"
      #<span class=sf-dump-protected title=\"Protected property\">table</span>: \"<span class=sf-dump-str title=\"12 characters\">observacions</span>\"
      #<span class=sf-dump-protected title=\"Protected property\">primaryKey</span>: \"<span class=sf-dump-str title=\"6 characters\">ID_Obs</span>\"
      #<span class=sf-dump-protected title=\"Protected property\">keyType</span>: \"<span class=sf-dump-str title=\"3 characters\">int</span>\"
      +<span class=sf-dump-public title=\"Public property\">incrementing</span>: <span class=sf-dump-const>true</span>
      #<span class=sf-dump-protected title=\"Protected property\">with</span>: []
      #<span class=sf-dump-protected title=\"Protected property\">withCount</span>: []
      +<span class=sf-dump-public title=\"Public property\">preventsLazyLoading</span>: <span class=sf-dump-const>false</span>
      #<span class=sf-dump-protected title=\"Protected property\">perPage</span>: <span class=sf-dump-num>15</span>
      +<span class=sf-dump-public title=\"Public property\">exists</span>: <span class=sf-dump-const>true</span>
      +<span class=sf-dump-public title=\"Public property\">wasRecentlyCreated</span>: <span class=sf-dump-const>false</span>
      #<span class=sf-dump-protected title=\"Protected property\">escapeWhenCastingToString</span>: <span class=sf-dump-const>false</span>
      #<span class=sf-dump-protected title=\"Protected property\">attributes</span>: <span class=sf-dump-note>array:12</span> [ &#8230;12]
      #<span class=sf-dump-protected title=\"Protected property\">original</span>: <span class=sf-dump-note>array:12</span> [ &#8230;12]
      #<span class=sf-dump-protected title=\"Protected property\">changes</span>: []
      #<span class=sf-dump-protected title=\"Protected property\">casts</span>: []
      #<span class=sf-dump-protected title=\"Protected property\">classCastCache</span>: []
      #<span class=sf-dump-protected title=\"Protected property\">attributeCastCache</span>: []
      #<span class=sf-dump-protected title=\"Protected property\">dateFormat</span>: <span class=sf-dump-const>null</span>
      #<span class=sf-dump-protected title=\"Protected property\">appends</span>: []
      #<span class=sf-dump-protected title=\"Protected property\">dispatchesEvents</span>: []
      #<span class=sf-dump-protected title=\"Protected property\">observables</span>: []
      #<span class=sf-dump-protected title=\"Protected property\">relations</span>: []
      #<span class=sf-dump-protected title=\"Protected property\">touches</span>: []
      +<span class=sf-dump-public title=\"Public property\">timestamps</span>: <span class=sf-dump-const>true</span>
      +<span class=sf-dump-public title=\"Public property\">usesUniqueIds</span>: <span class=sf-dump-const>false</span>
      #<span class=sf-dump-protected title=\"Protected property\">hidden</span>: []
      #<span class=sf-dump-protected title=\"Protected property\">visible</span>: []
      #<span class=sf-dump-protected title=\"Protected property\">fillable</span>: <span class=sf-dump-note>array:8</span> [ &#8230;8]
      #<span class=sf-dump-protected title=\"Protected property\">guarded</span>: <span class=sf-dump-note>array:1</span> [ &#8230;1]
    </samp>}
    <span class=sf-dump-index>2</span> => <span class=sf-dump-note title=\"App\\Observacion
\"><span class=\"sf-dump-ellipsis sf-dump-ellipsis-note\">App</span><span class=\"sf-dump-ellipsis sf-dump-ellipsis-note\">\\</span>Observacion</span> {<a class=sf-dump-ref>#2181</a><samp data-depth=3 class=sf-dump-compact>
      #<span class=sf-dump-protected title=\"Protected property\">connection</span>: \"<span class=sf-dump-str title=\"5 characters\">mysql</span>\"
      #<span class=sf-dump-protected title=\"Protected property\">table</span>: \"<span class=sf-dump-str title=\"12 characters\">observacions</span>\"
      #<span class=sf-dump-protected title=\"Protected property\">primaryKey</span>: \"<span class=sf-dump-str title=\"6 characters\">ID_Obs</span>\"
      #<span class=sf-dump-protected title=\"Protected property\">keyType</span>: \"<span class=sf-dump-str title=\"3 characters\">int</span>\"
      +<span class=sf-dump-public title=\"Public property\">incrementing</span>: <span class=sf-dump-const>true</span>
      #<span class=sf-dump-protected title=\"Protected property\">with</span>: []
      #<span class=sf-dump-protected title=\"Protected property\">withCount</span>: []
      +<span class=sf-dump-public title=\"Public property\">preventsLazyLoading</span>: <span class=sf-dump-const>false</span>
      #<span class=sf-dump-protected title=\"Protected property\">perPage</span>: <span class=sf-dump-num>15</span>
      +<span class=sf-dump-public title=\"Public property\">exists</span>: <span class=sf-dump-const>true</span>
      +<span class=sf-dump-public title=\"Public property\">wasRecentlyCreated</span>: <span class=sf-dump-const>false</span>
      #<span class=sf-dump-protected title=\"Protected property\">escapeWhenCastingToString</span>: <span class=sf-dump-const>false</span>
      #<span class=sf-dump-protected title=\"Protected property\">attributes</span>: <span class=sf-dump-note>array:12</span> [ &#8230;12]
      #<span class=sf-dump-protected title=\"Protected property\">original</span>: <span class=sf-dump-note>array:12</span> [ &#8230;12]
      #<span class=sf-dump-protected title=\"Protected property\">changes</span>: []
      #<span class=sf-dump-protected title=\"Protected property\">casts</span>: []
      #<span class=sf-dump-protected title=\"Protected property\">classCastCache</span>: []
      #<span class=sf-dump-protected title=\"Protected property\">attributeCastCache</span>: []
      #<span class=sf-dump-protected title=\"Protected property\">dateFormat</span>: <span class=sf-dump-const>null</span>
      #<span class=sf-dump-protected title=\"Protected property\">appends</span>: []
      #<span class=sf-dump-protected title=\"Protected property\">dispatchesEvents</span>: []
      #<span class=sf-dump-protected title=\"Protected property\">observables</span>: []
      #<span class=sf-dump-protected title=\"Protected property\">relations</span>: []
      #<span class=sf-dump-protected title=\"Protected property\">touches</span>: []
      +<span class=sf-dump-public title=\"Public property\">timestamps</span>: <span class=sf-dump-const>true</span>
      +<span class=sf-dump-public title=\"Public property\">usesUniqueIds</span>: <span class=sf-dump-const>false</span>
      #<span class=sf-dump-protected title=\"Protected property\">hidden</span>: []
      #<span class=sf-dump-protected title=\"Protected property\">visible</span>: []
      #<span class=sf-dump-protected title=\"Protected property\">fillable</span>: <span class=sf-dump-note>array:8</span> [ &#8230;8]
      #<span class=sf-dump-protected title=\"Protected property\">guarded</span>: <span class=sf-dump-note>array:1</span> [ &#8230;1]
    </samp>}
    <span class=sf-dump-index>3</span> => <span class=sf-dump-note title=\"App\\Observacion
\"><span class=\"sf-dump-ellipsis sf-dump-ellipsis-note\">App</span><span class=\"sf-dump-ellipsis sf-dump-ellipsis-note\">\\</span>Observacion</span> {<a class=sf-dump-ref>#2182</a><samp data-depth=3 class=sf-dump-compact>
      #<span class=sf-dump-protected title=\"Protected property\">connection</span>: \"<span class=sf-dump-str title=\"5 characters\">mysql</span>\"
      #<span class=sf-dump-protected title=\"Protected property\">table</span>: \"<span class=sf-dump-str title=\"12 characters\">observacions</span>\"
      #<span class=sf-dump-protected title=\"Protected property\">primaryKey</span>: \"<span class=sf-dump-str title=\"6 characters\">ID_Obs</span>\"
      #<span class=sf-dump-protected title=\"Protected property\">keyType</span>: \"<span class=sf-dump-str title=\"3 characters\">int</span>\"
      +<span class=sf-dump-public title=\"Public property\">incrementing</span>: <span class=sf-dump-const>true</span>
      #<span class=sf-dump-protected title=\"Protected property\">with</span>: []
      #<span class=sf-dump-protected title=\"Protected property\">withCount</span>: []
      +<span class=sf-dump-public title=\"Public property\">preventsLazyLoading</span>: <span class=sf-dump-const>false</span>
      #<span class=sf-dump-protected title=\"Protected property\">perPage</span>: <span class=sf-dump-num>15</span>
      +<span class=sf-dump-public title=\"Public property\">exists</span>: <span class=sf-dump-const>true</span>
      +<span class=sf-dump-public title=\"Public property\">wasRecentlyCreated</span>: <span class=sf-dump-const>false</span>
      #<span class=sf-dump-protected title=\"Protected property\">escapeWhenCastingToString</span>: <span class=sf-dump-const>false</span>
      #<span class=sf-dump-protected title=\"Protected property\">attributes</span>: <span class=sf-dump-note>array:12</span> [ &#8230;12]
      #<span class=sf-dump-protected title=\"Protected property\">original</span>: <span class=sf-dump-note>array:12</span> [ &#8230;12]
      #<span class=sf-dump-protected title=\"Protected property\">changes</span>: []
      #<span class=sf-dump-protected title=\"Protected property\">casts</span>: []
      #<span class=sf-dump-protected title=\"Protected property\">classCastCache</span>: []
      #<span class=sf-dump-protected title=\"Protected property\">attributeCastCache</span>: []
      #<span class=sf-dump-protected title=\"Protected property\">dateFormat</span>: <span class=sf-dump-const>null</span>
      #<span class=sf-dump-protected title=\"Protected property\">appends</span>: []
      #<span class=sf-dump-protected title=\"Protected property\">dispatchesEvents</span>: []
      #<span class=sf-dump-protected title=\"Protected property\">observables</span>: []
      #<span class=sf-dump-protected title=\"Protected property\">relations</span>: []
      #<span class=sf-dump-protected title=\"Protected property\">touches</span>: []
      +<span class=sf-dump-public title=\"Public property\">timestamps</span>: <span class=sf-dump-const>true</span>
      +<span class=sf-dump-public title=\"Public property\">usesUniqueIds</span>: <span class=sf-dump-const>false</span>
      #<span class=sf-dump-protected title=\"Protected property\">hidden</span>: []
      #<span class=sf-dump-protected title=\"Protected property\">visible</span>: []
      #<span class=sf-dump-protected title=\"Protected property\">fillable</span>: <span class=sf-dump-note>array:8</span> [ &#8230;8]
      #<span class=sf-dump-protected title=\"Protected property\">guarded</span>: <span class=sf-dump-note>array:1</span> [ &#8230;1]
    </samp>}
    <span class=sf-dump-index>4</span> => <span class=sf-dump-note title=\"App\\Observacion
\"><span class=\"sf-dump-ellipsis sf-dump-ellipsis-note\">App</span><span class=\"sf-dump-ellipsis sf-dump-ellipsis-note\">\\</span>Observacion</span> {<a class=sf-dump-ref>#2183</a><samp data-depth=3 class=sf-dump-compact>
      #<span class=sf-dump-protected title=\"Protected property\">connection</span>: \"<span class=sf-dump-str title=\"5 characters\">mysql</span>\"
      #<span class=sf-dump-protected title=\"Protected property\">table</span>: \"<span class=sf-dump-str title=\"12 characters\">observacions</span>\"
      #<span class=sf-dump-protected title=\"Protected property\">primaryKey</span>: \"<span class=sf-dump-str title=\"6 characters\">ID_Obs</span>\"
      #<span class=sf-dump-protected title=\"Protected property\">keyType</span>: \"<span class=sf-dump-str title=\"3 characters\">int</span>\"
      +<span class=sf-dump-public title=\"Public property\">incrementing</span>: <span class=sf-dump-const>true</span>
      #<span class=sf-dump-protected title=\"Protected property\">with</span>: []
      #<span class=sf-dump-protected title=\"Protected property\">withCount</span>: []
      +<span class=sf-dump-public title=\"Public property\">preventsLazyLoading</span>: <span class=sf-dump-const>false</span>
      #<span class=sf-dump-protected title=\"Protected property\">perPage</span>: <span class=sf-dump-num>15</span>
      +<span class=sf-dump-public title=\"Public property\">exists</span>: <span class=sf-dump-const>true</span>
      +<span class=sf-dump-public title=\"Public property\">wasRecentlyCreated</span>: <span class=sf-dump-const>false</span>
      #<span class=sf-dump-protected title=\"Protected property\">escapeWhenCastingToString</span>: <span class=sf-dump-const>false</span>
      #<span class=sf-dump-protected title=\"Protected property\">attributes</span>: <span class=sf-dump-note>array:12</span> [ &#8230;12]
      #<span class=sf-dump-protected title=\"Protected property\">original</span>: <span class=sf-dump-note>array:12</span> [ &#8230;12]
      #<span class=sf-dump-protected title=\"Protected property\">changes</span>: []
      #<span class=sf-dump-protected title=\"Protected property\">casts</span>: []
      #<span class=sf-dump-protected title=\"Protected property\">classCastCache</span>: []
      #<span class=sf-dump-protected title=\"Protected property\">attributeCastCache</span>: []
      #<span class=sf-dump-protected title=\"Protected property\">dateFormat</span>: <span class=sf-dump-const>null</span>
      #<span class=sf-dump-protected title=\"Protected property\">appends</span>: []
      #<span class=sf-dump-protected title=\"Protected property\">dispatchesEvents</span>: []
      #<span class=sf-dump-protected title=\"Protected property\">observables</span>: []
      #<span class=sf-dump-protected title=\"Protected property\">relations</span>: []
      #<span class=sf-dump-protected title=\"Protected property\">touches</span>: []
      +<span class=sf-dump-public title=\"Public property\">timestamps</span>: <span class=sf-dump-const>true</span>
      +<span class=sf-dump-public title=\"Public property\">usesUniqueIds</span>: <span class=sf-dump-const>false</span>
      #<span class=sf-dump-protected title=\"Protected property\">hidden</span>: []
      #<span class=sf-dump-protected title=\"Protected property\">visible</span>: []
      #<span class=sf-dump-protected title=\"Protected property\">fillable</span>: <span class=sf-dump-note>array:8</span> [ &#8230;8]
      #<span class=sf-dump-protected title=\"Protected property\">guarded</span>: <span class=sf-dump-note>array:1</span> [ &#8230;1]
    </samp>}
    <span class=sf-dump-index>5</span> => <span class=sf-dump-note title=\"App\\Observacion
\"><span class=\"sf-dump-ellipsis sf-dump-ellipsis-note\">App</span><span class=\"sf-dump-ellipsis sf-dump-ellipsis-note\">\\</span>Observacion</span> {<a class=sf-dump-ref>#2184</a><samp data-depth=3 class=sf-dump-compact>
      #<span class=sf-dump-protected title=\"Protected property\">connection</span>: \"<span class=sf-dump-str title=\"5 characters\">mysql</span>\"
      #<span class=sf-dump-protected title=\"Protected property\">table</span>: \"<span class=sf-dump-str title=\"12 characters\">observacions</span>\"
      #<span class=sf-dump-protected title=\"Protected property\">primaryKey</span>: \"<span class=sf-dump-str title=\"6 characters\">ID_Obs</span>\"
      #<span class=sf-dump-protected title=\"Protected property\">keyType</span>: \"<span class=sf-dump-str title=\"3 characters\">int</span>\"
      +<span class=sf-dump-public title=\"Public property\">incrementing</span>: <span class=sf-dump-const>true</span>
      #<span class=sf-dump-protected title=\"Protected property\">with</span>: []
      #<span class=sf-dump-protected title=\"Protected property\">withCount</span>: []
      +<span class=sf-dump-public title=\"Public property\">preventsLazyLoading</span>: <span class=sf-dump-const>false</span>
      #<span class=sf-dump-protected title=\"Protected property\">perPage</span>: <span class=sf-dump-num>15</span>
      +<span class=sf-dump-public title=\"Public property\">exists</span>: <span class=sf-dump-const>true</span>
      +<span class=sf-dump-public title=\"Public property\">wasRecentlyCreated</span>: <span class=sf-dump-const>false</span>
      #<span class=sf-dump-protected title=\"Protected property\">escapeWhenCastingToString</span>: <span class=sf-dump-const>false</span>
      #<span class=sf-dump-protected title=\"Protected property\">attributes</span>: <span class=sf-dump-note>array:12</span> [ &#8230;12]
      #<span class=sf-dump-protected title=\"Protected property\">original</span>: <span class=sf-dump-note>array:12</span> [ &#8230;12]
      #<span class=sf-dump-protected title=\"Protected property\">changes</span>: []
      #<span class=sf-dump-protected title=\"Protected property\">casts</span>: []
      #<span class=sf-dump-protected title=\"Protected property\">classCastCache</span>: []
      #<span class=sf-dump-protected title=\"Protected property\">attributeCastCache</span>: []
      #<span class=sf-dump-protected title=\"Protected property\">dateFormat</span>: <span class=sf-dump-const>null</span>
      #<span class=sf-dump-protected title=\"Protected property\">appends</span>: []
      #<span class=sf-dump-protected title=\"Protected property\">dispatchesEvents</span>: []
      #<span class=sf-dump-protected title=\"Protected property\">observables</span>: []
      #<span class=sf-dump-protected title=\"Protected property\">relations</span>: []
      #<span class=sf-dump-protected title=\"Protected property\">touches</span>: []
      +<span class=sf-dump-public title=\"Public property\">timestamps</span>: <span class=sf-dump-const>true</span>
      +<span class=sf-dump-public title=\"Public property\">usesUniqueIds</span>: <span class=sf-dump-const>false</span>
      #<span class=sf-dump-protected title=\"Protected property\">hidden</span>: []
      #<span class=sf-dump-protected title=\"Protected property\">visible</span>: []
      #<span class=sf-dump-protected title=\"Protected property\">fillable</span>: <span class=sf-dump-note>array:8</span> [ &#8230;8]
      #<span class=sf-dump-protected title=\"Protected property\">guarded</span>: <span class=sf-dump-note>array:1</span> [ &#8230;1]
    </samp>}
    <span class=sf-dump-index>6</span> => <span class=sf-dump-note title=\"App\\Observacion
\"><span class=\"sf-dump-ellipsis sf-dump-ellipsis-note\">App</span><span class=\"sf-dump-ellipsis sf-dump-ellipsis-note\">\\</span>Observacion</span> {<a class=sf-dump-ref>#2185</a><samp data-depth=3 class=sf-dump-compact>
      #<span class=sf-dump-protected title=\"Protected property\">connection</span>: \"<span class=sf-dump-str title=\"5 characters\">mysql</span>\"
      #<span class=sf-dump-protected title=\"Protected property\">table</span>: \"<span class=sf-dump-str title=\"12 characters\">observacions</span>\"
      #<span class=sf-dump-protected title=\"Protected property\">primaryKey</span>: \"<span class=sf-dump-str title=\"6 characters\">ID_Obs</span>\"
      #<span class=sf-dump-protected title=\"Protected property\">keyType</span>: \"<span class=sf-dump-str title=\"3 characters\">int</span>\"
      +<span class=sf-dump-public title=\"Public property\">incrementing</span>: <span class=sf-dump-const>true</span>
      #<span class=sf-dump-protected title=\"Protected property\">with</span>: []
      #<span class=sf-dump-protected title=\"Protected property\">withCount</span>: []
      +<span class=sf-dump-public title=\"Public property\">preventsLazyLoading</span>: <span class=sf-dump-const>false</span>
      #<span class=sf-dump-protected title=\"Protected property\">perPage</span>: <span class=sf-dump-num>15</span>
      +<span class=sf-dump-public title=\"Public property\">exists</span>: <span class=sf-dump-const>true</span>
      +<span class=sf-dump-public title=\"Public property\">wasRecentlyCreated</span>: <span class=sf-dump-const>false</span>
      #<span class=sf-dump-protected title=\"Protected property\">escapeWhenCastingToString</span>: <span class=sf-dump-const>false</span>
      #<span class=sf-dump-protected title=\"Protected property\">attributes</span>: <span class=sf-dump-note>array:12</span> [ &#8230;12]
      #<span class=sf-dump-protected title=\"Protected property\">original</span>: <span class=sf-dump-note>array:12</span> [ &#8230;12]
      #<span class=sf-dump-protected title=\"Protected property\">changes</span>: []
      #<span class=sf-dump-protected title=\"Protected property\">casts</span>: []
      #<span class=sf-dump-protected title=\"Protected property\">classCastCache</span>: []
      #<span class=sf-dump-protected title=\"Protected property\">attributeCastCache</span>: []
      #<span class=sf-dump-protected title=\"Protected property\">dateFormat</span>: <span class=sf-dump-const>null</span>
      #<span class=sf-dump-protected title=\"Protected property\">appends</span>: []
      #<span class=sf-dump-protected title=\"Protected property\">dispatchesEvents</span>: []
      #<span class=sf-dump-protected title=\"Protected property\">observables</span>: []
      #<span class=sf-dump-protected title=\"Protected property\">relations</span>: []
      #<span class=sf-dump-protected title=\"Protected property\">touches</span>: []
      +<span class=sf-dump-public title=\"Public property\">timestamps</span>: <span class=sf-dump-const>true</span>
      +<span class=sf-dump-public title=\"Public property\">usesUniqueIds</span>: <span class=sf-dump-const>false</span>
      #<span class=sf-dump-protected title=\"Protected property\">hidden</span>: []
      #<span class=sf-dump-protected title=\"Protected property\">visible</span>: []
      #<span class=sf-dump-protected title=\"Protected property\">fillable</span>: <span class=sf-dump-note>array:8</span> [ &#8230;8]
      #<span class=sf-dump-protected title=\"Protected property\">guarded</span>: <span class=sf-dump-note>array:1</span> [ &#8230;1]
    </samp>}
    <span class=sf-dump-index>7</span> => <span class=sf-dump-note title=\"App\\Observacion
\"><span class=\"sf-dump-ellipsis sf-dump-ellipsis-note\">App</span><span class=\"sf-dump-ellipsis sf-dump-ellipsis-note\">\\</span>Observacion</span> {<a class=sf-dump-ref>#2186</a><samp data-depth=3 class=sf-dump-compact>
      #<span class=sf-dump-protected title=\"Protected property\">connection</span>: \"<span class=sf-dump-str title=\"5 characters\">mysql</span>\"
      #<span class=sf-dump-protected title=\"Protected property\">table</span>: \"<span class=sf-dump-str title=\"12 characters\">observacions</span>\"
      #<span class=sf-dump-protected title=\"Protected property\">primaryKey</span>: \"<span class=sf-dump-str title=\"6 characters\">ID_Obs</span>\"
      #<span class=sf-dump-protected title=\"Protected property\">keyType</span>: \"<span class=sf-dump-str title=\"3 characters\">int</span>\"
      +<span class=sf-dump-public title=\"Public property\">incrementing</span>: <span class=sf-dump-const>true</span>
      #<span class=sf-dump-protected title=\"Protected property\">with</span>: []
      #<span class=sf-dump-protected title=\"Protected property\">withCount</span>: []
      +<span class=sf-dump-public title=\"Public property\">preventsLazyLoading</span>: <span class=sf-dump-const>false</span>
      #<span class=sf-dump-protected title=\"Protected property\">perPage</span>: <span class=sf-dump-num>15</span>
      +<span class=sf-dump-public title=\"Public property\">exists</span>: <span class=sf-dump-const>true</span>
      +<span class=sf-dump-public title=\"Public property\">wasRecentlyCreated</span>: <span class=sf-dump-const>false</span>
      #<span class=sf-dump-protected title=\"Protected property\">escapeWhenCastingToString</span>: <span class=sf-dump-const>false</span>
      #<span class=sf-dump-protected title=\"Protected property\">attributes</span>: <span class=sf-dump-note>array:12</span> [ &#8230;12]
      #<span class=sf-dump-protected title=\"Protected property\">original</span>: <span class=sf-dump-note>array:12</span> [ &#8230;12]
      #<span class=sf-dump-protected title=\"Protected property\">changes</span>: []
      #<span class=sf-dump-protected title=\"Protected property\">casts</span>: []
      #<span class=sf-dump-protected title=\"Protected property\">classCastCache</span>: []
      #<span class=sf-dump-protected title=\"Protected property\">attributeCastCache</span>: []
      #<span class=sf-dump-protected title=\"Protected property\">dateFormat</span>: <span class=sf-dump-const>null</span>
      #<span class=sf-dump-protected title=\"Protected property\">appends</span>: []
      #<span class=sf-dump-protected title=\"Protected property\">dispatchesEvents</span>: []
      #<span class=sf-dump-protected title=\"Protected property\">observables</span>: []
      #<span class=sf-dump-protected title=\"Protected property\">relations</span>: []
      #<span class=sf-dump-protected title=\"Protected property\">touches</span>: []
      +<span class=sf-dump-public title=\"Public property\">timestamps</span>: <span class=sf-dump-const>true</span>
      +<span class=sf-dump-public title=\"Public property\">usesUniqueIds</span>: <span class=sf-dump-const>false</span>
      #<span class=sf-dump-protected title=\"Protected property\">hidden</span>: []
      #<span class=sf-dump-protected title=\"Protected property\">visible</span>: []
      #<span class=sf-dump-protected title=\"Protected property\">fillable</span>: <span class=sf-dump-note>array:8</span> [ &#8230;8]
      #<span class=sf-dump-protected title=\"Protected property\">guarded</span>: <span class=sf-dump-note>array:1</span> [ &#8230;1]
    </samp>}
    <span class=sf-dump-index>8</span> => <span class=sf-dump-note title=\"App\\Observacion
\"><span class=\"sf-dump-ellipsis sf-dump-ellipsis-note\">App</span><span class=\"sf-dump-ellipsis sf-dump-ellipsis-note\">\\</span>Observacion</span> {<a class=sf-dump-ref>#2187</a><samp data-depth=3 class=sf-dump-compact>
      #<span class=sf-dump-protected title=\"Protected property\">connection</span>: \"<span class=sf-dump-str title=\"5 characters\">mysql</span>\"
      #<span class=sf-dump-protected title=\"Protected property\">table</span>: \"<span class=sf-dump-str title=\"12 characters\">observacions</span>\"
      #<span class=sf-dump-protected title=\"Protected property\">primaryKey</span>: \"<span class=sf-dump-str title=\"6 characters\">ID_Obs</span>\"
      #<span class=sf-dump-protected title=\"Protected property\">keyType</span>: \"<span class=sf-dump-str title=\"3 characters\">int</span>\"
      +<span class=sf-dump-public title=\"Public property\">incrementing</span>: <span class=sf-dump-const>true</span>
      #<span class=sf-dump-protected title=\"Protected property\">with</span>: []
      #<span class=sf-dump-protected title=\"Protected property\">withCount</span>: []
      +<span class=sf-dump-public title=\"Public property\">preventsLazyLoading</span>: <span class=sf-dump-const>false</span>
      #<span class=sf-dump-protected title=\"Protected property\">perPage</span>: <span class=sf-dump-num>15</span>
      +<span class=sf-dump-public title=\"Public property\">exists</span>: <span class=sf-dump-const>true</span>
      +<span class=sf-dump-public title=\"Public property\">wasRecentlyCreated</span>: <span class=sf-dump-const>false</span>
      #<span class=sf-dump-protected title=\"Protected property\">escapeWhenCastingToString</span>: <span class=sf-dump-const>false</span>
      #<span class=sf-dump-protected title=\"Protected property\">attributes</span>: <span class=sf-dump-note>array:12</span> [ &#8230;12]
      #<span class=sf-dump-protected title=\"Protected property\">original</span>: <span class=sf-dump-note>array:12</span> [ &#8230;12]
      #<span class=sf-dump-protected title=\"Protected property\">changes</span>: []
      #<span class=sf-dump-protected title=\"Protected property\">casts</span>: []
      #<span class=sf-dump-protected title=\"Protected property\">classCastCache</span>: []
      #<span class=sf-dump-protected title=\"Protected property\">attributeCastCache</span>: []
      #<span class=sf-dump-protected title=\"Protected property\">dateFormat</span>: <span class=sf-dump-const>null</span>
      #<span class=sf-dump-protected title=\"Protected property\">appends</span>: []
      #<span class=sf-dump-protected title=\"Protected property\">dispatchesEvents</span>: []
      #<span class=sf-dump-protected title=\"Protected property\">observables</span>: []
      #<span class=sf-dump-protected title=\"Protected property\">relations</span>: []
      #<span class=sf-dump-protected title=\"Protected property\">touches</span>: []
      +<span class=sf-dump-public title=\"Public property\">timestamps</span>: <span class=sf-dump-const>true</span>
      +<span class=sf-dump-public title=\"Public property\">usesUniqueIds</span>: <span class=sf-dump-const>false</span>
      #<span class=sf-dump-protected title=\"Protected property\">hidden</span>: []
      #<span class=sf-dump-protected title=\"Protected property\">visible</span>: []
      #<span class=sf-dump-protected title=\"Protected property\">fillable</span>: <span class=sf-dump-note>array:8</span> [ &#8230;8]
      #<span class=sf-dump-protected title=\"Protected property\">guarded</span>: <span class=sf-dump-note>array:1</span> [ &#8230;1]
    </samp>}
    <span class=sf-dump-index>9</span> => <span class=sf-dump-note title=\"App\\Observacion
\"><span class=\"sf-dump-ellipsis sf-dump-ellipsis-note\">App</span><span class=\"sf-dump-ellipsis sf-dump-ellipsis-note\">\\</span>Observacion</span> {<a class=sf-dump-ref>#2188</a><samp data-depth=3 class=sf-dump-compact>
      #<span class=sf-dump-protected title=\"Protected property\">connection</span>: \"<span class=sf-dump-str title=\"5 characters\">mysql</span>\"
      #<span class=sf-dump-protected title=\"Protected property\">table</span>: \"<span class=sf-dump-str title=\"12 characters\">observacions</span>\"
      #<span class=sf-dump-protected title=\"Protected property\">primaryKey</span>: \"<span class=sf-dump-str title=\"6 characters\">ID_Obs</span>\"
      #<span class=sf-dump-protected title=\"Protected property\">keyType</span>: \"<span class=sf-dump-str title=\"3 characters\">int</span>\"
      +<span class=sf-dump-public title=\"Public property\">incrementing</span>: <span class=sf-dump-const>true</span>
      #<span class=sf-dump-protected title=\"Protected property\">with</span>: []
      #<span class=sf-dump-protected title=\"Protected property\">withCount</span>: []
      +<span class=sf-dump-public title=\"Public property\">preventsLazyLoading</span>: <span class=sf-dump-const>false</span>
      #<span class=sf-dump-protected title=\"Protected property\">perPage</span>: <span class=sf-dump-num>15</span>
      +<span class=sf-dump-public title=\"Public property\">exists</span>: <span class=sf-dump-const>true</span>
      +<span class=sf-dump-public title=\"Public property\">wasRecentlyCreated</span>: <span class=sf-dump-const>false</span>
      #<span class=sf-dump-protected title=\"Protected property\">escapeWhenCastingToString</span>: <span class=sf-dump-const>false</span>
      #<span class=sf-dump-protected title=\"Protected property\">attributes</span>: <span class=sf-dump-note>array:12</span> [ &#8230;12]
      #<span class=sf-dump-protected title=\"Protected property\">original</span>: <span class=sf-dump-note>array:12</span> [ &#8230;12]
      #<span class=sf-dump-protected title=\"Protected property\">changes</span>: []
      #<span class=sf-dump-protected title=\"Protected property\">casts</span>: []
      #<span class=sf-dump-protected title=\"Protected property\">classCastCache</span>: []
      #<span class=sf-dump-protected title=\"Protected property\">attributeCastCache</span>: []
      #<span class=sf-dump-protected title=\"Protected property\">dateFormat</span>: <span class=sf-dump-const>null</span>
      #<span class=sf-dump-protected title=\"Protected property\">appends</span>: []
      #<span class=sf-dump-protected title=\"Protected property\">dispatchesEvents</span>: []
      #<span class=sf-dump-protected title=\"Protected property\">observables</span>: []
      #<span class=sf-dump-protected title=\"Protected property\">relations</span>: []
      #<span class=sf-dump-protected title=\"Protected property\">touches</span>: []
      +<span class=sf-dump-public title=\"Public property\">timestamps</span>: <span class=sf-dump-const>true</span>
      +<span class=sf-dump-public title=\"Public property\">usesUniqueIds</span>: <span class=sf-dump-const>false</span>
      #<span class=sf-dump-protected title=\"Protected property\">hidden</span>: []
      #<span class=sf-dump-protected title=\"Protected property\">visible</span>: []
      #<span class=sf-dump-protected title=\"Protected property\">fillable</span>: <span class=sf-dump-note>array:8</span> [ &#8230;8]
      #<span class=sf-dump-protected title=\"Protected property\">guarded</span>: <span class=sf-dump-note>array:1</span> [ &#8230;1]
    </samp>}
    <span class=sf-dump-index>10</span> => <span class=sf-dump-note title=\"App\\Observacion
\"><span class=\"sf-dump-ellipsis sf-dump-ellipsis-note\">App</span><span class=\"sf-dump-ellipsis sf-dump-ellipsis-note\">\\</span>Observacion</span> {<a class=sf-dump-ref>#2189</a><samp data-depth=3 class=sf-dump-compact>
      #<span class=sf-dump-protected title=\"Protected property\">connection</span>: \"<span class=sf-dump-str title=\"5 characters\">mysql</span>\"
      #<span class=sf-dump-protected title=\"Protected property\">table</span>: \"<span class=sf-dump-str title=\"12 characters\">observacions</span>\"
      #<span class=sf-dump-protected title=\"Protected property\">primaryKey</span>: \"<span class=sf-dump-str title=\"6 characters\">ID_Obs</span>\"
      #<span class=sf-dump-protected title=\"Protected property\">keyType</span>: \"<span class=sf-dump-str title=\"3 characters\">int</span>\"
      +<span class=sf-dump-public title=\"Public property\">incrementing</span>: <span class=sf-dump-const>true</span>
      #<span class=sf-dump-protected title=\"Protected property\">with</span>: []
      #<span class=sf-dump-protected title=\"Protected property\">withCount</span>: []
      +<span class=sf-dump-public title=\"Public property\">preventsLazyLoading</span>: <span class=sf-dump-const>false</span>
      #<span class=sf-dump-protected title=\"Protected property\">perPage</span>: <span class=sf-dump-num>15</span>
      +<span class=sf-dump-public title=\"Public property\">exists</span>: <span class=sf-dump-const>true</span>
      +<span class=sf-dump-public title=\"Public property\">wasRecentlyCreated</span>: <span class=sf-dump-const>false</span>
      #<span class=sf-dump-protected title=\"Protected property\">escapeWhenCastingToString</span>: <span class=sf-dump-const>false</span>
      #<span class=sf-dump-protected title=\"Protected property\">attributes</span>: <span class=sf-dump-note>array:12</span> [ &#8230;12]
      #<span class=sf-dump-protected title=\"Protected property\">original</span>: <span class=sf-dump-note>array:12</span> [ &#8230;12]
      #<span class=sf-dump-protected title=\"Protected property\">changes</span>: []
      #<span class=sf-dump-protected title=\"Protected property\">casts</span>: []
      #<span class=sf-dump-protected title=\"Protected property\">classCastCache</span>: []
      #<span class=sf-dump-protected title=\"Protected property\">attributeCastCache</span>: []
      #<span class=sf-dump-protected title=\"Protected property\">dateFormat</span>: <span class=sf-dump-const>null</span>
      #<span class=sf-dump-protected title=\"Protected property\">appends</span>: []
      #<span class=sf-dump-protected title=\"Protected property\">dispatchesEvents</span>: []
      #<span class=sf-dump-protected title=\"Protected property\">observables</span>: []
      #<span class=sf-dump-protected title=\"Protected property\">relations</span>: []
      #<span class=sf-dump-protected title=\"Protected property\">touches</span>: []
      +<span class=sf-dump-public title=\"Public property\">timestamps</span>: <span class=sf-dump-const>true</span>
      +<span class=sf-dump-public title=\"Public property\">usesUniqueIds</span>: <span class=sf-dump-const>false</span>
      #<span class=sf-dump-protected title=\"Protected property\">hidden</span>: []
      #<span class=sf-dump-protected title=\"Protected property\">visible</span>: []
      #<span class=sf-dump-protected title=\"Protected property\">fillable</span>: <span class=sf-dump-note>array:8</span> [ &#8230;8]
      #<span class=sf-dump-protected title=\"Protected property\">guarded</span>: <span class=sf-dump-note>array:1</span> [ &#8230;1]
    </samp>}
    <span class=sf-dump-index>11</span> => <span class=sf-dump-note title=\"App\\Observacion
\"><span class=\"sf-dump-ellipsis sf-dump-ellipsis-note\">App</span><span class=\"sf-dump-ellipsis sf-dump-ellipsis-note\">\\</span>Observacion</span> {<a class=sf-dump-ref>#2190</a><samp data-depth=3 class=sf-dump-compact>
      #<span class=sf-dump-protected title=\"Protected property\">connection</span>: \"<span class=sf-dump-str title=\"5 characters\">mysql</span>\"
      #<span class=sf-dump-protected title=\"Protected property\">table</span>: \"<span class=sf-dump-str title=\"12 characters\">observacions</span>\"
      #<span class=sf-dump-protected title=\"Protected property\">primaryKey</span>: \"<span class=sf-dump-str title=\"6 characters\">ID_Obs</span>\"
      #<span class=sf-dump-protected title=\"Protected property\">keyType</span>: \"<span class=sf-dump-str title=\"3 characters\">int</span>\"
      +<span class=sf-dump-public title=\"Public property\">incrementing</span>: <span class=sf-dump-const>true</span>
      #<span class=sf-dump-protected title=\"Protected property\">with</span>: []
      #<span class=sf-dump-protected title=\"Protected property\">withCount</span>: []
      +<span class=sf-dump-public title=\"Public property\">preventsLazyLoading</span>: <span class=sf-dump-const>false</span>
      #<span class=sf-dump-protected title=\"Protected property\">perPage</span>: <span class=sf-dump-num>15</span>
      +<span class=sf-dump-public title=\"Public property\">exists</span>: <span class=sf-dump-const>true</span>
      +<span class=sf-dump-public title=\"Public property\">wasRecentlyCreated</span>: <span class=sf-dump-const>false</span>
      #<span class=sf-dump-protected title=\"Protected property\">escapeWhenCastingToString</span>: <span class=sf-dump-const>false</span>
      #<span class=sf-dump-protected title=\"Protected property\">attributes</span>: <span class=sf-dump-note>array:12</span> [ &#8230;12]
      #<span class=sf-dump-protected title=\"Protected property\">original</span>: <span class=sf-dump-note>array:12</span> [ &#8230;12]
      #<span class=sf-dump-protected title=\"Protected property\">changes</span>: []
      #<span class=sf-dump-protected title=\"Protected property\">casts</span>: []
      #<span class=sf-dump-protected title=\"Protected property\">classCastCache</span>: []
      #<span class=sf-dump-protected title=\"Protected property\">attributeCastCache</span>: []
      #<span class=sf-dump-protected title=\"Protected property\">dateFormat</span>: <span class=sf-dump-const>null</span>
      #<span class=sf-dump-protected title=\"Protected property\">appends</span>: []
      #<span class=sf-dump-protected title=\"Protected property\">dispatchesEvents</span>: []
      #<span class=sf-dump-protected title=\"Protected property\">observables</span>: []
      #<span class=sf-dump-protected title=\"Protected property\">relations</span>: []
      #<span class=sf-dump-protected title=\"Protected property\">touches</span>: []
      +<span class=sf-dump-public title=\"Public property\">timestamps</span>: <span class=sf-dump-const>true</span>
      +<span class=sf-dump-public title=\"Public property\">usesUniqueIds</span>: <span class=sf-dump-const>false</span>
      #<span class=sf-dump-protected title=\"Protected property\">hidden</span>: []
      #<span class=sf-dump-protected title=\"Protected property\">visible</span>: []
      #<span class=sf-dump-protected title=\"Protected property\">fillable</span>: <span class=sf-dump-note>array:8</span> [ &#8230;8]
      #<span class=sf-dump-protected title=\"Protected property\">guarded</span>: <span class=sf-dump-note>array:1</span> [ &#8230;1]
    </samp>}
    <span class=sf-dump-index>12</span> => <span class=sf-dump-note title=\"App\\Observacion
\"><span class=\"sf-dump-ellipsis sf-dump-ellipsis-note\">App</span><span class=\"sf-dump-ellipsis sf-dump-ellipsis-note\">\\</span>Observacion</span> {<a class=sf-dump-ref>#2191</a><samp data-depth=3 class=sf-dump-compact>
      #<span class=sf-dump-protected title=\"Protected property\">connection</span>: \"<span class=sf-dump-str title=\"5 characters\">mysql</span>\"
      #<span class=sf-dump-protected title=\"Protected property\">table</span>: \"<span class=sf-dump-str title=\"12 characters\">observacions</span>\"
      #<span class=sf-dump-protected title=\"Protected property\">primaryKey</span>: \"<span class=sf-dump-str title=\"6 characters\">ID_Obs</span>\"
      #<span class=sf-dump-protected title=\"Protected property\">keyType</span>: \"<span class=sf-dump-str title=\"3 characters\">int</span>\"
      +<span class=sf-dump-public title=\"Public property\">incrementing</span>: <span class=sf-dump-const>true</span>
      #<span class=sf-dump-protected title=\"Protected property\">with</span>: []
      #<span class=sf-dump-protected title=\"Protected property\">withCount</span>: []
      +<span class=sf-dump-public title=\"Public property\">preventsLazyLoading</span>: <span class=sf-dump-const>false</span>
      #<span class=sf-dump-protected title=\"Protected property\">perPage</span>: <span class=sf-dump-num>15</span>
      +<span class=sf-dump-public title=\"Public property\">exists</span>: <span class=sf-dump-const>true</span>
      +<span class=sf-dump-public title=\"Public property\">wasRecentlyCreated</span>: <span class=sf-dump-const>false</span>
      #<span class=sf-dump-protected title=\"Protected property\">escapeWhenCastingToString</span>: <span class=sf-dump-const>false</span>
      #<span class=sf-dump-protected title=\"Protected property\">attributes</span>: <span class=sf-dump-note>array:12</span> [ &#8230;12]
      #<span class=sf-dump-protected title=\"Protected property\">original</span>: <span class=sf-dump-note>array:12</span> [ &#8230;12]
      #<span class=sf-dump-protected title=\"Protected property\">changes</span>: []
      #<span class=sf-dump-protected title=\"Protected property\">casts</span>: []
      #<span class=sf-dump-protected title=\"Protected property\">classCastCache</span>: []
      #<span class=sf-dump-protected title=\"Protected property\">attributeCastCache</span>: []
      #<span class=sf-dump-protected title=\"Protected property\">dateFormat</span>: <span class=sf-dump-const>null</span>
      #<span class=sf-dump-protected title=\"Protected property\">appends</span>: []
      #<span class=sf-dump-protected title=\"Protected property\">dispatchesEvents</span>: []
      #<span class=sf-dump-protected title=\"Protected property\">observables</span>: []
      #<span class=sf-dump-protected title=\"Protected property\">relations</span>: []
      #<span class=sf-dump-protected title=\"Protected property\">touches</span>: []
      +<span class=sf-dump-public title=\"Public property\">timestamps</span>: <span class=sf-dump-const>true</span>
      +<span class=sf-dump-public title=\"Public property\">usesUniqueIds</span>: <span class=sf-dump-const>false</span>
      #<span class=sf-dump-protected title=\"Protected property\">hidden</span>: []
      #<span class=sf-dump-protected title=\"Protected property\">visible</span>: []
      #<span class=sf-dump-protected title=\"Protected property\">fillable</span>: <span class=sf-dump-note>array:8</span> [ &#8230;8]
      #<span class=sf-dump-protected title=\"Protected property\">guarded</span>: <span class=sf-dump-note>array:1</span> [ &#8230;1]
    </samp>}
    <span class=sf-dump-index>13</span> => <span class=sf-dump-note title=\"App\\Observacion
\"><span class=\"sf-dump-ellipsis sf-dump-ellipsis-note\">App</span><span class=\"sf-dump-ellipsis sf-dump-ellipsis-note\">\\</span>Observacion</span> {<a class=sf-dump-ref>#2192</a><samp data-depth=3 class=sf-dump-compact>
      #<span class=sf-dump-protected title=\"Protected property\">connection</span>: \"<span class=sf-dump-str title=\"5 characters\">mysql</span>\"
      #<span class=sf-dump-protected title=\"Protected property\">table</span>: \"<span class=sf-dump-str title=\"12 characters\">observacions</span>\"
      #<span class=sf-dump-protected title=\"Protected property\">primaryKey</span>: \"<span class=sf-dump-str title=\"6 characters\">ID_Obs</span>\"
      #<span class=sf-dump-protected title=\"Protected property\">keyType</span>: \"<span class=sf-dump-str title=\"3 characters\">int</span>\"
      +<span class=sf-dump-public title=\"Public property\">incrementing</span>: <span class=sf-dump-const>true</span>
      #<span class=sf-dump-protected title=\"Protected property\">with</span>: []
      #<span class=sf-dump-protected title=\"Protected property\">withCount</span>: []
      +<span class=sf-dump-public title=\"Public property\">preventsLazyLoading</span>: <span class=sf-dump-const>false</span>
      #<span class=sf-dump-protected title=\"Protected property\">perPage</span>: <span class=sf-dump-num>15</span>
      +<span class=sf-dump-public title=\"Public property\">exists</span>: <span class=sf-dump-const>true</span>
      +<span class=sf-dump-public title=\"Public property\">wasRecentlyCreated</span>: <span class=sf-dump-const>false</span>
      #<span class=sf-dump-protected title=\"Protected property\">escapeWhenCastingToString</span>: <span class=sf-dump-const>false</span>
      #<span class=sf-dump-protected title=\"Protected property\">attributes</span>: <span class=sf-dump-note>array:12</span> [ &#8230;12]
      #<span class=sf-dump-protected title=\"Protected property\">original</span>: <span class=sf-dump-note>array:12</span> [ &#8230;12]
      #<span class=sf-dump-protected title=\"Protected property\">changes</span>: []
      #<span class=sf-dump-protected title=\"Protected property\">casts</span>: []
      #<span class=sf-dump-protected title=\"Protected property\">classCastCache</span>: []
      #<span class=sf-dump-protected title=\"Protected property\">attributeCastCache</span>: []
      #<span class=sf-dump-protected title=\"Protected property\">dateFormat</span>: <span class=sf-dump-const>null</span>
      #<span class=sf-dump-protected title=\"Protected property\">appends</span>: []
      #<span class=sf-dump-protected title=\"Protected property\">dispatchesEvents</span>: []
      #<span class=sf-dump-protected title=\"Protected property\">observables</span>: []
      #<span class=sf-dump-protected title=\"Protected property\">relations</span>: []
      #<span class=sf-dump-protected title=\"Protected property\">touches</span>: []
      +<span class=sf-dump-public title=\"Public property\">timestamps</span>: <span class=sf-dump-const>true</span>
      +<span class=sf-dump-public title=\"Public property\">usesUniqueIds</span>: <span class=sf-dump-const>false</span>
      #<span class=sf-dump-protected title=\"Protected property\">hidden</span>: []
      #<span class=sf-dump-protected title=\"Protected property\">visible</span>: []
      #<span class=sf-dump-protected title=\"Protected property\">fillable</span>: <span class=sf-dump-note>array:8</span> [ &#8230;8]
      #<span class=sf-dump-protected title=\"Protected property\">guarded</span>: <span class=sf-dump-note>array:1</span> [ &#8230;1]
    </samp>}
  </samp>]
  #<span class=sf-dump-protected title=\"Protected property\">escapeWhenCastingToString</span>: <span class=sf-dump-const>false</span>
</samp>}
</pre><script>Sfdump(\"sf-dump-1171806271\", {\"maxDepth\":3,\"maxStringLength\":160})</script>
","PublicRespels":"<pre class=sf-dump id=sf-dump-1094100824 data-indent-pad=\"  \"><span class=sf-dump-note>Illuminate\\Support\\Collection</span> {<a class=sf-dump-ref>#2499</a><samp data-depth=1 class=sf-dump-expanded>
  #<span class=sf-dump-protected title=\"Protected property\">items</span>: <span class=sf-dump-note>array:7</span> [<samp data-depth=2 class=sf-dump-compact>
    <span class=sf-dump-index>0</span> => {<a class=sf-dump-ref>#2496</a><samp data-depth=3 class=sf-dump-compact>
      +\"<span class=sf-dump-public title=\"Runtime added dynamic property\">ID_Respel</span>\": <span class=sf-dump-num>7700</span>
      +\"<span class=sf-dump-public title=\"Runtime added dynamic property\">YRespelClasf4741</span>\": \"<span class=sf-dump-str title=\"2 characters\">Y1</span>\"
      +\"<span class=sf-dump-public title=\"Runtime added dynamic property\">ARespelClasf4741</span>\": <span class=sf-dump-const>null</span>
    </samp>}
    <span class=sf-dump-index>1</span> => {<a class=sf-dump-ref>#2506</a><samp data-depth=3 class=sf-dump-compact>
      +\"<span class=sf-dump-public title=\"Runtime added dynamic property\">ID_Respel</span>\": <span class=sf-dump-num>7923</span>
      +\"<span class=sf-dump-public title=\"Runtime added dynamic property\">YRespelClasf4741</span>\": \"<span class=sf-dump-str title=\"2 characters\">Y1</span>\"
      +\"<span class=sf-dump-public title=\"Runtime added dynamic property\">ARespelClasf4741</span>\": <span class=sf-dump-const>null</span>
    </samp>}
    <span class=sf-dump-index>2</span> => {<a class=sf-dump-ref>#2497</a><samp data-depth=3 class=sf-dump-compact>
      +\"<span class=sf-dump-public title=\"Runtime added dynamic property\">ID_Respel</span>\": <span class=sf-dump-num>7922</span>
      +\"<span class=sf-dump-public title=\"Runtime added dynamic property\">YRespelClasf4741</span>\": \"<span class=sf-dump-str title=\"2 characters\">Y1</span>\"
      +\"<span class=sf-dump-public title=\"Runtime added dynamic property\">ARespelClasf4741</span>\": <span class=sf-dump-const>null</span>
    </samp>}
    <span class=sf-dump-index>3</span> => {<a class=sf-dump-ref>#2568</a><samp data-depth=3 class=sf-dump-compact>
      +\"<span class=sf-dump-public title=\"Runtime added dynamic property\">ID_Respel</span>\": <span class=sf-dump-num>1200</span>
      +\"<span class=sf-dump-public title=\"Runtime added dynamic property\">YRespelClasf4741</span>\": <span class=sf-dump-const>null</span>
      +\"<span class=sf-dump-public title=\"Runtime added dynamic property\">ARespelClasf4741</span>\": \"<span class=sf-dump-str title=\"5 characters\">A4140</span>\"
    </samp>}
    <span class=sf-dump-index>4</span> => {<a class=sf-dump-ref>#2559</a><samp data-depth=3 class=sf-dump-compact>
      +\"<span class=sf-dump-public title=\"Runtime added dynamic property\">ID_Respel</span>\": <span class=sf-dump-num>671</span>
      +\"<span class=sf-dump-public title=\"Runtime added dynamic property\">YRespelClasf4741</span>\": <span class=sf-dump-const>null</span>
      +\"<span class=sf-dump-public title=\"Runtime added dynamic property\">ARespelClasf4741</span>\": \"<span class=sf-dump-str title=\"5 characters\">A4140</span>\"
    </samp>}
    <span class=sf-dump-index>5</span> => {<a class=sf-dump-ref>#2561</a><samp data-depth=3 class=sf-dump-compact>
      +\"<span class=sf-dump-public title=\"Runtime added dynamic property\">ID_Respel</span>\": <span class=sf-dump-num>20761</span>
      +\"<span class=sf-dump-public title=\"Runtime added dynamic property\">YRespelClasf4741</span>\": \"<span class=sf-dump-str title=\"3 characters\">Y35</span>\"
      +\"<span class=sf-dump-public title=\"Runtime added dynamic property\">ARespelClasf4741</span>\": <span class=sf-dump-const>null</span>
    </samp>}
    <span class=sf-dump-index>6</span> => {<a class=sf-dump-ref>#2560</a><samp data-depth=3 class=sf-dump-compact>
      +\"<span class=sf-dump-public title=\"Runtime added dynamic property\">ID_Respel</span>\": <span class=sf-dump-num>21565</span>
      +\"<span class=sf-dump-public title=\"Runtime added dynamic property\">YRespelClasf4741</span>\": <span class=sf-dump-const>null</span>
      +\"<span class=sf-dump-public title=\"Runtime added dynamic property\">ARespelClasf4741</span>\": <span class=sf-dump-const>null</span>
    </samp>}
  </samp>]
  #<span class=sf-dump-protected title=\"Protected property\">escapeWhenCastingToString</span>: <span class=sf-dump-const>false</span>
</samp>}
</pre><script>Sfdump(\"sf-dump-1094100824\", {\"maxDepth\":3,\"maxStringLength\":160})</script>
"}},"userId":1,"exception":"[object] (Spatie\\LaravelIgnition\\Exceptions\\ViewException(code: 0): Undefined variable $Tratamiento at C:\\laragon\\www\\lprosarc2\\resources\\views\\solicitud-serv\\show.blade.php:1284)
[stacktrace]
#0 C:\\laragon\\www\\lprosarc2\\vendor\\laravel\\framework\\src\\Illuminate\\Filesystem\\Filesystem.php(123): require('C:\\\\laragon\\\\www\\\\...')
#1 C:\\laragon\\www\\lprosarc2\\vendor\\laravel\\framework\\src\\Illuminate\\Filesystem\\Filesystem.php(124): Illuminate\\Filesystem\\Filesystem::Illuminate\\Filesystem\\{closure}()
#2 C:\\laragon\\www\\lprosarc2\\vendor\\laravel\\framework\\src\\Illuminate\\View\\Engines\\PhpEngine.php(58): Illuminate\\Filesystem\\Filesystem->getRequire('C:\\\\laragon\\\\www\\\\...', Array)
#3 C:\\laragon\\www\\lprosarc2\\vendor\\laravel\\framework\\src\\Illuminate\\View\\Engines\\CompilerEngine.php(73): Illuminate\\View\\Engines\\PhpEngine->evaluatePath('C:\\\\laragon\\\\www\\\\...', Array)
#4 C:\\laragon\\www\\lprosarc2\\vendor\\laravel\\framework\\src\\Illuminate\\View\\View.php(208): Illuminate\\View\\Engines\\CompilerEngine->get('C:\\\\laragon\\\\www\\\\...', Array)
#5 C:\\laragon\\www\\lprosarc2\\vendor\\laravel\\framework\\src\\Illuminate\\View\\View.php(191): Illuminate\\View\\View->getContents()
#6 C:\\laragon\\www\\lprosarc2\\vendor\\laravel\\framework\\src\\Illuminate\\View\\View.php(160): Illuminate\\View\\View->renderContents()
#7 C:\\laragon\\www\\lprosarc2\\vendor\\laravel\\framework\\src\\Illuminate\\Http\\Response.php(70): Illuminate\\View\\View->render()
#8 C:\\laragon\\www\\lprosarc2\\vendor\\laravel\\framework\\src\\Illuminate\\Http\\Response.php(35): Illuminate\\Http\\Response->setContent(Object(Illuminate\\View\\View))
#9 C:\\laragon\\www\\lprosarc2\\vendor\\laravel\\framework\\src\\Illuminate\\Routing\\Router.php(920): Illuminate\\Http\\Response->__construct(Object(Illuminate\\View\\View), 200, Array)
#10 C:\\laragon\\www\\lprosarc2\\vendor\\laravel\\framework\\src\\Illuminate\\Routing\\Router.php(887): Illuminate\\Routing\\Router::toResponse(Object(Illuminate\\Http\\Request), Object(Illuminate\\View\\View))
#11 C:\\laragon\\www\\lprosarc2\\vendor\\laravel\\framework\\src\\Illuminate\\Routing\\Router.php(807): Illuminate\\Routing\\Router->prepareResponse(Object(Illuminate\\Http\\Request), Object(Illuminate\\View\\View))
#12 C:\\laragon\\www\\lprosarc2\\vendor\\laravel\\framework\\src\\Illuminate\\Pipeline\\Pipeline.php(144): Illuminate\\Routing\\Router->Illuminate\\Routing\\{closure}(Object(Illuminate\\Http\\Request))
#13 C:\\laragon\\www\\lprosarc2\\vendor\\laravel\\framework\\src\\Illuminate\\Auth\\Middleware\\EnsureEmailIsVerified.php(41): Illuminate\\Pipeline\\Pipeline->Illuminate\\Pipeline\\{closure}(Object(Illuminate\\Http\\Request))
#14 C:\\laragon\\www\\lprosarc2\\vendor\\laravel\\framework\\src\\Illuminate\\Pipeline\\Pipeline.php(183): Illuminate\\Auth\\Middleware\\EnsureEmailIsVerified->handle(Object(Illuminate\\Http\\Request), Object(Closure))
#15 C:\\laragon\\www\\lprosarc2\\vendor\\laravel\\framework\\src\\Illuminate\\Routing\\Middleware\\SubstituteBindings.php(51): Illuminate\\Pipeline\\Pipeline->Illuminate\\Pipeline\\{closure}(Object(Illuminate\\Http\\Request))
#16 C:\\laragon\\www\\lprosarc2\\vendor\\laravel\\framework\\src\\Illuminate\\Pipeline\\Pipeline.php(183): Illuminate\\Routing\\Middleware\\SubstituteBindings->handle(Object(Illuminate\\Http\\Request), Object(Closure))
#17 C:\\laragon\\www\\lprosarc2\\vendor\\laravel\\framework\\src\\Illuminate\\Auth\\Middleware\\Authenticate.php(64): Illuminate\\Pipeline\\Pipeline->Illuminate\\Pipeline\\{closure}(Object(Illuminate\\Http\\Request))
#18 C:\\laragon\\www\\lprosarc2\\vendor\\laravel\\framework\\src\\Illuminate\\Pipeline\\Pipeline.php(183): Illuminate\\Auth\\Middleware\\Authenticate->handle(Object(Illuminate\\Http\\Request), Object(Closure))
#19 C:\\laragon\\www\\lprosarc2\\vendor\\laravel\\framework\\src\\Illuminate\\Foundation\\Http\\Middleware\\VerifyCsrfToken.php(88): Illuminate\\Pipeline\\Pipeline->Illuminate\\Pipeline\\{closure}(Object(Illuminate\\Http\\Request))
#20 C:\\laragon\\www\\lprosarc2\\vendor\\laravel\\framework\\src\\Illuminate\\Pipeline\\Pipeline.php(183): Illuminate\\Foundation\\Http\\Middleware\\VerifyCsrfToken->handle(Object(Illuminate\\Http\\Request), Object(Closure))
#21 C:\\laragon\\www\\lprosarc2\\vendor\\laravel\\framework\\src\\Illuminate\\View\\Middleware\\ShareErrorsFromSession.php(49): Illuminate\\Pipeline\\Pipeline->Illuminate\\Pipeline\\{closure}(Object(Illuminate\\Http\\Request))
#22 C:\\laragon\\www\\lprosarc2\\vendor\\laravel\\framework\\src\\Illuminate\\Pipeline\\Pipeline.php(183): Illuminate\\View\\Middleware\\ShareErrorsFromSession->handle(Object(Illuminate\\Http\\Request), Object(Closure))
#23 C:\\laragon\\www\\lprosarc2\\vendor\\laravel\\framework\\src\\Illuminate\\Session\\Middleware\\StartSession.php(121): Illuminate\\Pipeline\\Pipeline->Illuminate\\Pipeline\\{closure}(Object(Illuminate\\Http\\Request))
#24 C:\\laragon\\www\\lprosarc2\\vendor\\laravel\\framework\\src\\Illuminate\\Session\\Middleware\\StartSession.php(64): Illuminate\\Session\\Middleware\\StartSession->handleStatefulRequest(Object(Illuminate\\Http\\Request), Object(Illuminate\\Session\\Store), Object(Closure))
#25 C:\\laragon\\www\\lprosarc2\\vendor\\laravel\\framework\\src\\Illuminate\\Pipeline\\Pipeline.php(183): Illuminate\\Session\\Middleware\\StartSession->handle(Object(Illuminate\\Http\\Request), Object(Closure))
#26 C:\\laragon\\www\\lprosarc2\\vendor\\laravel\\framework\\src\\Illuminate\\Cookie\\Middleware\\AddQueuedCookiesToResponse.php(37): Illuminate\\Pipeline\\Pipeline->Illuminate\\Pipeline\\{closure}(Object(Illuminate\\Http\\Request))
#27 C:\\laragon\\www\\lprosarc2\\vendor\\laravel\\framework\\src\\Illuminate\\Pipeline\\Pipeline.php(183): Illuminate\\Cookie\\Middleware\\AddQueuedCookiesToResponse->handle(Object(Illuminate\\Http\\Request), Object(Closure))
#28 C:\\laragon\\www\\lprosarc2\\vendor\\laravel\\framework\\src\\Illuminate\\Cookie\\Middleware\\EncryptCookies.php(75): Illuminate\\Pipeline\\Pipeline->Illuminate\\Pipeline\\{closure}(Object(Illuminate\\Http\\Request))
#29 C:\\laragon\\www\\lprosarc2\\vendor\\laravel\\framework\\src\\Illuminate\\Pipeline\\Pipeline.php(183): Illuminate\\Cookie\\Middleware\\EncryptCookies->handle(Object(Illuminate\\Http\\Request), Object(Closure))
#30 C:\\laragon\\www\\lprosarc2\\vendor\\laravel\\framework\\src\\Illuminate\\Pipeline\\Pipeline.php(119): Illuminate\\Pipeline\\Pipeline->Illuminate\\Pipeline\\{closure}(Object(Illuminate\\Http\\Request))
#31 C:\\laragon\\www\\lprosarc2\\vendor\\laravel\\framework\\src\\Illuminate\\Routing\\Router.php(807): Illuminate\\Pipeline\\Pipeline->then(Object(Closure))
#32 C:\\laragon\\www\\lprosarc2\\vendor\\laravel\\framework\\src\\Illuminate\\Routing\\Router.php(786): Illuminate\\Routing\\Router->runRouteWithinStack(Object(Illuminate\\Routing\\Route), Object(Illuminate\\Http\\Request))
#33 C:\\laragon\\www\\lprosarc2\\vendor\\laravel\\framework\\src\\Illuminate\\Routing\\Router.php(750): Illuminate\\Routing\\Router->runRoute(Object(Illuminate\\Http\\Request), Object(Illuminate\\Routing\\Route))
#34 C:\\laragon\\www\\lprosarc2\\vendor\\laravel\\framework\\src\\Illuminate\\Routing\\Router.php(739): Illuminate\\Routing\\Router->dispatchToRoute(Object(Illuminate\\Http\\Request))
#35 C:\\laragon\\www\\lprosarc2\\vendor\\laravel\\framework\\src\\Illuminate\\Foundation\\Http\\Kernel.php(201): Illuminate\\Routing\\Router->dispatch(Object(Illuminate\\Http\\Request))
#36 C:\\laragon\\www\\lprosarc2\\vendor\\laravel\\framework\\src\\Illuminate\\Pipeline\\Pipeline.php(144): Illuminate\\Foundation\\Http\\Kernel->Illuminate\\Foundation\\Http\\{closure}(Object(Illuminate\\Http\\Request))
#37 C:\\laragon\\www\\lprosarc2\\vendor\\laravel\\framework\\src\\Illuminate\\Http\\Middleware\\TrustProxies.php(57): Illuminate\\Pipeline\\Pipeline->Illuminate\\Pipeline\\{closure}(Object(Illuminate\\Http\\Request))
#38 C:\\laragon\\www\\lprosarc2\\vendor\\laravel\\framework\\src\\Illuminate\\Pipeline\\Pipeline.php(183): Illuminate\\Http\\Middleware\\TrustProxies->handle(Object(Illuminate\\Http\\Request), Object(Closure))
#39 C:\\laragon\\www\\lprosarc2\\vendor\\laravel\\framework\\src\\Illuminate\\Foundation\\Http\\Middleware\\TransformsRequest.php(21): Illuminate\\Pipeline\\Pipeline->Illuminate\\Pipeline\\{closure}(Object(Illuminate\\Http\\Request))
#40 C:\\laragon\\www\\lprosarc2\\vendor\\laravel\\framework\\src\\Illuminate\\Foundation\\Http\\Middleware\\ConvertEmptyStringsToNull.php(31): Illuminate\\Foundation\\Http\\Middleware\\TransformsRequest->handle(Object(Illuminate\\Http\\Request), Object(Closure))
#41 C:\\laragon\\www\\lprosarc2\\vendor\\laravel\\framework\\src\\Illuminate\\Pipeline\\Pipeline.php(183): Illuminate\\Foundation\\Http\\Middleware\\ConvertEmptyStringsToNull->handle(Object(Illuminate\\Http\\Request), Object(Closure))
#42 C:\\laragon\\www\\lprosarc2\\vendor\\laravel\\framework\\src\\Illuminate\\Foundation\\Http\\Middleware\\TransformsRequest.php(21): Illuminate\\Pipeline\\Pipeline->Illuminate\\Pipeline\\{closure}(Object(Illuminate\\Http\\Request))
#43 C:\\laragon\\www\\lprosarc2\\vendor\\laravel\\framework\\src\\Illuminate\\Foundation\\Http\\Middleware\\TrimStrings.php(51): Illuminate\\Foundation\\Http\\Middleware\\TransformsRequest->handle(Object(Illuminate\\Http\\Request), Object(Closure))
#44 C:\\laragon\\www\\lprosarc2\\vendor\\laravel\\framework\\src\\Illuminate\\Pipeline\\Pipeline.php(183): Illuminate\\Foundation\\Http\\Middleware\\TrimStrings->handle(Object(Illuminate\\Http\\Request), Object(Closure))
#45 C:\\laragon\\www\\lprosarc2\\vendor\\laravel\\framework\\src\\Illuminate\\Http\\Middleware\\ValidatePostSize.php(27): Illuminate\\Pipeline\\Pipeline->Illuminate\\Pipeline\\{closure}(Object(Illuminate\\Http\\Request))
#46 C:\\laragon\\www\\lprosarc2\\vendor\\laravel\\framework\\src\\Illuminate\\Pipeline\\Pipeline.php(183): Illuminate\\Http\\Middleware\\ValidatePostSize->handle(Object(Illuminate\\Http\\Request), Object(Closure))
#47 C:\\laragon\\www\\lprosarc2\\vendor\\laravel\\framework\\src\\Illuminate\\Foundation\\Http\\Middleware\\PreventRequestsDuringMaintenance.php(110): Illuminate\\Pipeline\\Pipeline->Illuminate\\Pipeline\\{closure}(Object(Illuminate\\Http\\Request))
#48 C:\\laragon\\www\\lprosarc2\\vendor\\laravel\\framework\\src\\Illuminate\\Pipeline\\Pipeline.php(183): Illuminate\\Foundation\\Http\\Middleware\\PreventRequestsDuringMaintenance->handle(Object(Illuminate\\Http\\Request), Object(Closure))
#49 C:\\laragon\\www\\lprosarc2\\vendor\\laravel\\framework\\src\\Illuminate\\Pipeline\\Pipeline.php(119): Illuminate\\Pipeline\\Pipeline->Illuminate\\Pipeline\\{closure}(Object(Illuminate\\Http\\Request))
#50 C:\\laragon\\www\\lprosarc2\\vendor\\laravel\\framework\\src\\Illuminate\\Foundation\\Http\\Kernel.php(176): Illuminate\\Pipeline\\Pipeline->then(Object(Closure))
#51 C:\\laragon\\www\\lprosarc2\\vendor\\laravel\\framework\\src\\Illuminate\\Foundation\\Http\\Kernel.php(145): Illuminate\\Foundation\\Http\\Kernel->sendRequestThroughRouter(Object(Illuminate\\Http\\Request))
#52 C:\\laragon\\www\\lprosarc2\\public\\index.php(54): Illuminate\\Foundation\\Http\\Kernel->handle(Object(Illuminate\\Http\\Request))
#53 {main}

[previous exception] [object] (ErrorException(code: 0): Undefined variable $Tratamiento at C:\\laragon\\www\\lprosarc2\\storage\\framework\\views\\fe47585c8504755ec71f3d2b1a839bc1.php:1277)
[stacktrace]
#0 C:\\laragon\\www\\lprosarc2\\vendor\\laravel\\framework\\src\\Illuminate\\Foundation\\Bootstrap\\HandleExceptions.php(256): Illuminate\\Foundation\\Bootstrap\\HandleExceptions->handleError(2, 'Undefined varia...', 'C:\\\\laragon\\\\www\\\\...', 1277)
#1 C:\\laragon\\www\\lprosarc2\\storage\\framework\\views\\fe47585c8504755ec71f3d2b1a839bc1.php(1277): Illuminate\\Foundation\\Bootstrap\\HandleExceptions->Illuminate\\Foundation\\Bootstrap\\{closure}(2, 'Undefined varia...', 'C:\\\\laragon\\\\www\\\\...', 1277)
#2 C:\\laragon\\www\\lprosarc2\\vendor\\laravel\\framework\\src\\Illuminate\\Filesystem\\Filesystem.php(123): require('C:\\\\laragon\\\\www\\\\...')
#3 C:\\laragon\\www\\lprosarc2\\vendor\\laravel\\framework\\src\\Illuminate\\Filesystem\\Filesystem.php(124): Illuminate\\Filesystem\\Filesystem::Illuminate\\Filesystem\\{closure}()
#4 C:\\laragon\\www\\lprosarc2\\vendor\\laravel\\framework\\src\\Illuminate\\View\\Engines\\PhpEngine.php(58): Illuminate\\Filesystem\\Filesystem->getRequire('C:\\\\laragon\\\\www\\\\...', Array)
#5 C:\\laragon\\www\\lprosarc2\\vendor\\laravel\\framework\\src\\Illuminate\\View\\Engines\\CompilerEngine.php(73): Illuminate\\View\\Engines\\PhpEngine->evaluatePath('C:\\\\laragon\\\\www\\\\...', Array)
#6 C:\\laragon\\www\\lprosarc2\\vendor\\laravel\\framework\\src\\Illuminate\\View\\View.php(208): Illuminate\\View\\Engines\\CompilerEngine->get('C:\\\\laragon\\\\www\\\\...', Array)
#7 C:\\laragon\\www\\lprosarc2\\vendor\\laravel\\framework\\src\\Illuminate\\View\\View.php(191): Illuminate\\View\\View->getContents()
#8 C:\\laragon\\www\\lprosarc2\\vendor\\laravel\\framework\\src\\Illuminate\\View\\View.php(160): Illuminate\\View\\View->renderContents()
#9 C:\\laragon\\www\\lprosarc2\\vendor\\laravel\\framework\\src\\Illuminate\\Http\\Response.php(70): Illuminate\\View\\View->render()
#10 C:\\laragon\\www\\lprosarc2\\vendor\\laravel\\framework\\src\\Illuminate\\Http\\Response.php(35): Illuminate\\Http\\Response->setContent(Object(Illuminate\\View\\View))
#11 C:\\laragon\\www\\lprosarc2\\vendor\\laravel\\framework\\src\\Illuminate\\Routing\\Router.php(920): Illuminate\\Http\\Response->__construct(Object(Illuminate\\View\\View), 200, Array)
#12 C:\\laragon\\www\\lprosarc2\\vendor\\laravel\\framework\\src\\Illuminate\\Routing\\Router.php(887): Illuminate\\Routing\\Router::toResponse(Object(Illuminate\\Http\\Request), Object(Illuminate\\View\\View))
#13 C:\\laragon\\www\\lprosarc2\\vendor\\laravel\\framework\\src\\Illuminate\\Routing\\Router.php(807): Illuminate\\Routing\\Router->prepareResponse(Object(Illuminate\\Http\\Request), Object(Illuminate\\View\\View))
#14 C:\\laragon\\www\\lprosarc2\\vendor\\laravel\\framework\\src\\Illuminate\\Pipeline\\Pipeline.php(144): Illuminate\\Routing\\Router->Illuminate\\Routing\\{closure}(Object(Illuminate\\Http\\Request))
#15 C:\\laragon\\www\\lprosarc2\\vendor\\laravel\\framework\\src\\Illuminate\\Auth\\Middleware\\EnsureEmailIsVerified.php(41): Illuminate\\Pipeline\\Pipeline->Illuminate\\Pipeline\\{closure}(Object(Illuminate\\Http\\Request))
#16 C:\\laragon\\www\\lprosarc2\\vendor\\laravel\\framework\\src\\Illuminate\\Pipeline\\Pipeline.php(183): Illuminate\\Auth\\Middleware\\EnsureEmailIsVerified->handle(Object(Illuminate\\Http\\Request), Object(Closure))
#17 C:\\laragon\\www\\lprosarc2\\vendor\\laravel\\framework\\src\\Illuminate\\Routing\\Middleware\\SubstituteBindings.php(51): Illuminate\\Pipeline\\Pipeline->Illuminate\\Pipeline\\{closure}(Object(Illuminate\\Http\\Request))
#18 C:\\laragon\\www\\lprosarc2\\vendor\\laravel\\framework\\src\\Illuminate\\Pipeline\\Pipeline.php(183): Illuminate\\Routing\\Middleware\\SubstituteBindings->handle(Object(Illuminate\\Http\\Request), Object(Closure))
#19 C:\\laragon\\www\\lprosarc2\\vendor\\laravel\\framework\\src\\Illuminate\\Auth\\Middleware\\Authenticate.php(64): Illuminate\\Pipeline\\Pipeline->Illuminate\\Pipeline\\{closure}(Object(Illuminate\\Http\\Request))
#20 C:\\laragon\\www\\lprosarc2\\vendor\\laravel\\framework\\src\\Illuminate\\Pipeline\\Pipeline.php(183): Illuminate\\Auth\\Middleware\\Authenticate->handle(Object(Illuminate\\Http\\Request), Object(Closure))
#21 C:\\laragon\\www\\lprosarc2\\vendor\\laravel\\framework\\src\\Illuminate\\Foundation\\Http\\Middleware\\VerifyCsrfToken.php(88): Illuminate\\Pipeline\\Pipeline->Illuminate\\Pipeline\\{closure}(Object(Illuminate\\Http\\Request))
#22 C:\\laragon\\www\\lprosarc2\\vendor\\laravel\\framework\\src\\Illuminate\\Pipeline\\Pipeline.php(183): Illuminate\\Foundation\\Http\\Middleware\\VerifyCsrfToken->handle(Object(Illuminate\\Http\\Request), Object(Closure))
#23 C:\\laragon\\www\\lprosarc2\\vendor\\laravel\\framework\\src\\Illuminate\\View\\Middleware\\ShareErrorsFromSession.php(49): Illuminate\\Pipeline\\Pipeline->Illuminate\\Pipeline\\{closure}(Object(Illuminate\\Http\\Request))
#24 C:\\laragon\\www\\lprosarc2\\vendor\\laravel\\framework\\src\\Illuminate\\Pipeline\\Pipeline.php(183): Illuminate\\View\\Middleware\\ShareErrorsFromSession->handle(Object(Illuminate\\Http\\Request), Object(Closure))
#25 C:\\laragon\\www\\lprosarc2\\vendor\\laravel\\framework\\src\\Illuminate\\Session\\Middleware\\StartSession.php(121): Illuminate\\Pipeline\\Pipeline->Illuminate\\Pipeline\\{closure}(Object(Illuminate\\Http\\Request))
#26 C:\\laragon\\www\\lprosarc2\\vendor\\laravel\\framework\\src\\Illuminate\\Session\\Middleware\\StartSession.php(64): Illuminate\\Session\\Middleware\\StartSession->handleStatefulRequest(Object(Illuminate\\Http\\Request), Object(Illuminate\\Session\\Store), Object(Closure))
#27 C:\\laragon\\www\\lprosarc2\\vendor\\laravel\\framework\\src\\Illuminate\\Pipeline\\Pipeline.php(183): Illuminate\\Session\\Middleware\\StartSession->handle(Object(Illuminate\\Http\\Request), Object(Closure))
#28 C:\\laragon\\www\\lprosarc2\\vendor\\laravel\\framework\\src\\Illuminate\\Cookie\\Middleware\\AddQueuedCookiesToResponse.php(37): Illuminate\\Pipeline\\Pipeline->Illuminate\\Pipeline\\{closure}(Object(Illuminate\\Http\\Request))
#29 C:\\laragon\\www\\lprosarc2\\vendor\\laravel\\framework\\src\\Illuminate\\Pipeline\\Pipeline.php(183): Illuminate\\Cookie\\Middleware\\AddQueuedCookiesToResponse->handle(Object(Illuminate\\Http\\Request), Object(Closure))
#30 C:\\laragon\\www\\lprosarc2\\vendor\\laravel\\framework\\src\\Illuminate\\Cookie\\Middleware\\EncryptCookies.php(75): Illuminate\\Pipeline\\Pipeline->Illuminate\\Pipeline\\{closure}(Object(Illuminate\\Http\\Request))
#31 C:\\laragon\\www\\lprosarc2\\vendor\\laravel\\framework\\src\\Illuminate\\Pipeline\\Pipeline.php(183): Illuminate\\Cookie\\Middleware\\EncryptCookies->handle(Object(Illuminate\\Http\\Request), Object(Closure))
#32 C:\\laragon\\www\\lprosarc2\\vendor\\laravel\\framework\\src\\Illuminate\\Pipeline\\Pipeline.php(119): Illuminate\\Pipeline\\Pipeline->Illuminate\\Pipeline\\{closure}(Object(Illuminate\\Http\\Request))
#33 C:\\laragon\\www\\lprosarc2\\vendor\\laravel\\framework\\src\\Illuminate\\Routing\\Router.php(807): Illuminate\\Pipeline\\Pipeline->then(Object(Closure))
#34 C:\\laragon\\www\\lprosarc2\\vendor\\laravel\\framework\\src\\Illuminate\\Routing\\Router.php(786): Illuminate\\Routing\\Router->runRouteWithinStack(Object(Illuminate\\Routing\\Route), Object(Illuminate\\Http\\Request))
#35 C:\\laragon\\www\\lprosarc2\\vendor\\laravel\\framework\\src\\Illuminate\\Routing\\Router.php(750): Illuminate\\Routing\\Router->runRoute(Object(Illuminate\\Http\\Request), Object(Illuminate\\Routing\\Route))
#36 C:\\laragon\\www\\lprosarc2\\vendor\\laravel\\framework\\src\\Illuminate\\Routing\\Router.php(739): Illuminate\\Routing\\Router->dispatchToRoute(Object(Illuminate\\Http\\Request))
#37 C:\\laragon\\www\\lprosarc2\\vendor\\laravel\\framework\\src\\Illuminate\\Foundation\\Http\\Kernel.php(201): Illuminate\\Routing\\Router->dispatch(Object(Illuminate\\Http\\Request))
#38 C:\\laragon\\www\\lprosarc2\\vendor\\laravel\\framework\\src\\Illuminate\\Pipeline\\Pipeline.php(144): Illuminate\\Foundation\\Http\\Kernel->Illuminate\\Foundation\\Http\\{closure}(Object(Illuminate\\Http\\Request))
#39 C:\\laragon\\www\\lprosarc2\\vendor\\laravel\\framework\\src\\Illuminate\\Http\\Middleware\\TrustProxies.php(57): Illuminate\\Pipeline\\Pipeline->Illuminate\\Pipeline\\{closure}(Object(Illuminate\\Http\\Request))
#40 C:\\laragon\\www\\lprosarc2\\vendor\\laravel\\framework\\src\\Illuminate\\Pipeline\\Pipeline.php(183): Illuminate\\Http\\Middleware\\TrustProxies->handle(Object(Illuminate\\Http\\Request), Object(Closure))
#41 C:\\laragon\\www\\lprosarc2\\vendor\\laravel\\framework\\src\\Illuminate\\Foundation\\Http\\Middleware\\TransformsRequest.php(21): Illuminate\\Pipeline\\Pipeline->Illuminate\\Pipeline\\{closure}(Object(Illuminate\\Http\\Request))
#42 C:\\laragon\\www\\lprosarc2\\vendor\\laravel\\framework\\src\\Illuminate\\Foundation\\Http\\Middleware\\ConvertEmptyStringsToNull.php(31): Illuminate\\Foundation\\Http\\Middleware\\TransformsRequest->handle(Object(Illuminate\\Http\\Request), Object(Closure))
#43 C:\\laragon\\www\\lprosarc2\\vendor\\laravel\\framework\\src\\Illuminate\\Pipeline\\Pipeline.php(183): Illuminate\\Foundation\\Http\\Middleware\\ConvertEmptyStringsToNull->handle(Object(Illuminate\\Http\\Request), Object(Closure))
#44 C:\\laragon\\www\\lprosarc2\\vendor\\laravel\\framework\\src\\Illuminate\\Foundation\\Http\\Middleware\\TransformsRequest.php(21): Illuminate\\Pipeline\\Pipeline->Illuminate\\Pipeline\\{closure}(Object(Illuminate\\Http\\Request))
#45 C:\\laragon\\www\\lprosarc2\\vendor\\laravel\\framework\\src\\Illuminate\\Foundation\\Http\\Middleware\\TrimStrings.php(51): Illuminate\\Foundation\\Http\\Middleware\\TransformsRequest->handle(Object(Illuminate\\Http\\Request), Object(Closure))
#46 C:\\laragon\\www\\lprosarc2\\vendor\\laravel\\framework\\src\\Illuminate\\Pipeline\\Pipeline.php(183): Illuminate\\Foundation\\Http\\Middleware\\TrimStrings->handle(Object(Illuminate\\Http\\Request), Object(Closure))
#47 C:\\laragon\\www\\lprosarc2\\vendor\\laravel\\framework\\src\\Illuminate\\Http\\Middleware\\ValidatePostSize.php(27): Illuminate\\Pipeline\\Pipeline->Illuminate\\Pipeline\\{closure}(Object(Illuminate\\Http\\Request))
#48 C:\\laragon\\www\\lprosarc2\\vendor\\laravel\\framework\\src\\Illuminate\\Pipeline\\Pipeline.php(183): Illuminate\\Http\\Middleware\\ValidatePostSize->handle(Object(Illuminate\\Http\\Request), Object(Closure))
#49 C:\\laragon\\www\\lprosarc2\\vendor\\laravel\\framework\\src\\Illuminate\\Foundation\\Http\\Middleware\\PreventRequestsDuringMaintenance.php(110): Illuminate\\Pipeline\\Pipeline->Illuminate\\Pipeline\\{closure}(Object(Illuminate\\Http\\Request))
#50 C:\\laragon\\www\\lprosarc2\\vendor\\laravel\\framework\\src\\Illuminate\\Pipeline\\Pipeline.php(183): Illuminate\\Foundation\\Http\\Middleware\\PreventRequestsDuringMaintenance->handle(Object(Illuminate\\Http\\Request), Object(Closure))
#51 C:\\laragon\\www\\lprosarc2\\vendor\\laravel\\framework\\src\\Illuminate\\Pipeline\\Pipeline.php(119): Illuminate\\Pipeline\\Pipeline->Illuminate\\Pipeline\\{closure}(Object(Illuminate\\Http\\Request))
#52 C:\\laragon\\www\\lprosarc2\\vendor\\laravel\\framework\\src\\Illuminate\\Foundation\\Http\\Kernel.php(176): Illuminate\\Pipeline\\Pipeline->then(Object(Closure))
#53 C:\\laragon\\www\\lprosarc2\\vendor\\laravel\\framework\\src\\Illuminate\\Foundation\\Http\\Kernel.php(145): Illuminate\\Foundation\\Http\\Kernel->sendRequestThroughRouter(Object(Illuminate\\Http\\Request))
#54 C:\\laragon\\www\\lprosarc2\\public\\index.php(54): Illuminate\\Foundation\\Http\\Kernel->handle(Object(Illuminate\\Http\\Request))
#55 {main}
"} 
[2024-08-09 12:18:52] local.ERROR: Undefined variable $Trat {"view":{"view":"C:\\laragon\\www\\lprosarc2\\resources\\views\\solicitud-serv\\show.blade.php","data":{"errors":"<pre class=sf-dump id=sf-dump-2058954205 data-indent-pad=\"  \"><span class=sf-dump-note>Illuminate\\Support\\ViewErrorBag</span> {<a class=sf-dump-ref>#2129</a><samp data-depth=1 class=sf-dump-expanded>
  #<span class=sf-dump-protected title=\"Protected property\">bags</span>: []
</samp>}
</pre><script>Sfdump(\"sf-dump-2058954205\", {\"maxDepth\":3,\"maxStringLength\":160})</script>
","SolicitudServicio":"<pre class=sf-dump id=sf-dump-1668924919 data-indent-pad=\"  \">{<a class=sf-dump-ref>#2145</a><samp data-depth=1 class=sf-dump-expanded>
  +\"<span class=sf-dump-public title=\"Runtime added dynamic property\">ID_SolSer</span>\": <span class=sf-dump-num>46367</span>
  +\"<span class=sf-dump-public title=\"Runtime added dynamic property\">SolSerStatus</span>\": \"<span class=sf-dump-str title=\"13 characters\">No Conciliado</span>\"
  +\"<span class=sf-dump-public title=\"Runtime added dynamic property\">SolSerTipo</span>\": \"<span class=sf-dump-str title=\"7 characters\">Interno</span>\"
  +\"<span class=sf-dump-public title=\"Runtime added dynamic property\">SolSerAuditable</span>\": <span class=sf-dump-num>0</span>
  +\"<span class=sf-dump-public title=\"Runtime added dynamic property\">SolSerConductor</span>\": \"<span class=sf-dump-str title=\"24 characters\">SEBASTIAN HIGUERA MARI&#209;O</span>\"
  +\"<span class=sf-dump-public title=\"Runtime added dynamic property\">SolSerVehiculo</span>\": \"<span class=sf-dump-str title=\"7 characters\">WFR-524</span>\"
  +\"<span class=sf-dump-public title=\"Runtime added dynamic property\">SolSerFecha</span>\": <span class=sf-dump-const>null</span>
  +\"<span class=sf-dump-public title=\"Runtime added dynamic property\">SolSerSlug</span>\": \"<span class=sf-dump-str title=\"64 characters\">d8104ead3307bb6093a92e4fc48b93f167ec1756932f6f274334d363b8ed9b15</span>\"
  +\"<span class=sf-dump-public title=\"Runtime added dynamic property\">created_at</span>\": \"<span class=sf-dump-str title=\"19 characters\">2022-10-06 13:25:04</span>\"
  +\"<span class=sf-dump-public title=\"Runtime added dynamic property\">updated_at</span>\": \"<span class=sf-dump-str title=\"19 characters\">2024-02-15 10:58:58</span>\"
  +\"<span class=sf-dump-public title=\"Runtime added dynamic property\">SolSerDelete</span>\": <span class=sf-dump-num>0</span>
  +\"<span class=sf-dump-public title=\"Runtime added dynamic property\">SolResAuditoriaTipo</span>\": \"<span class=sf-dump-str title=\"12 characters\">No Auditable</span>\"
  +\"<span class=sf-dump-public title=\"Runtime added dynamic property\">SolSerNameTrans</span>\": \"<span class=sf-dump-str title=\"61 characters\">PROTECCI&#211;N SERVICIOS AMBIENTALES RESPEL DE COLOMBIA S.A. ESP.</span>\"
  +\"<span class=sf-dump-public title=\"Runtime added dynamic property\">SolSerNitTrans</span>\": \"<span class=sf-dump-str title=\"13 characters\">900.079.188-0</span>\"
  +\"<span class=sf-dump-public title=\"Runtime added dynamic property\">SolSerAdressTrans</span>\": \"<span class=sf-dump-str title=\"39 characters\">KM 6 V&#205;A LA MESA SUB ESTACI&#211;N BALSILLAS</span>\"
  +\"<span class=sf-dump-public title=\"Runtime added dynamic property\">SolSerCityTrans</span>\": <span class=sf-dump-num>584</span>
  +\"<span class=sf-dump-public title=\"Runtime added dynamic property\">SolSerTypeCollect</span>\": \"<span class=sf-dump-str title=\"2 characters\">98</span>\"
  +\"<span class=sf-dump-public title=\"Runtime added dynamic property\">SolSerCollectAddress</span>\": \"<span class=sf-dump-str title=\"3 characters\">220</span>\"
  +\"<span class=sf-dump-public title=\"Runtime added dynamic property\">FK_SolSerCollectMun</span>\": <span class=sf-dump-const>null</span>
  +\"<span class=sf-dump-public title=\"Runtime added dynamic property\">SolSerBascula</span>\": <span class=sf-dump-num>0</span>
  +\"<span class=sf-dump-public title=\"Runtime added dynamic property\">SolSerCapacitacion</span>\": <span class=sf-dump-num>0</span>
  +\"<span class=sf-dump-public title=\"Runtime added dynamic property\">SolSerMasPerson</span>\": <span class=sf-dump-num>0</span>
  +\"<span class=sf-dump-public title=\"Runtime added dynamic property\">SolSerVehicExclusive</span>\": <span class=sf-dump-num>0</span>
  +\"<span class=sf-dump-public title=\"Runtime added dynamic property\">SolSerPlatform</span>\": <span class=sf-dump-num>0</span>
  +\"<span class=sf-dump-public title=\"Runtime added dynamic property\">SolSerDevolucion</span>\": <span class=sf-dump-const>null</span>
  +\"<span class=sf-dump-public title=\"Runtime added dynamic property\">SolSerDevolucionTipo</span>\": <span class=sf-dump-const>null</span>
  +\"<span class=sf-dump-public title=\"Runtime added dynamic property\">FK_SolSerPersona</span>\": <span class=sf-dump-num>1</span>
  +\"<span class=sf-dump-public title=\"Runtime added dynamic property\">FK_SolSerCliente</span>\": <span class=sf-dump-num>145</span>
  +\"<span class=sf-dump-public title=\"Runtime added dynamic property\">SolSerDescript</span>\": \"<span class=sf-dump-str>.</span>\"
  +\"<span class=sf-dump-public title=\"Runtime added dynamic property\">SolSerSupport</span>\": <span class=sf-dump-const>null</span>
  +\"<span class=sf-dump-public title=\"Runtime added dynamic property\">SolServCertStatus</span>\": <span class=sf-dump-num>0</span>
  +\"<span class=sf-dump-public title=\"Runtime added dynamic property\">SolServMailCopia</span>\": \"<span class=sf-dump-str title=\"4 characters\">null</span>\"
  +\"<span class=sf-dump-public title=\"Runtime added dynamic property\">SolSerRMs</span>\": <span class=sf-dump-note>array:8</span> [<samp data-depth=2 class=sf-dump-compact>
    <span class=sf-dump-index>0</span> => \"<span class=sf-dump-str title=\"5 characters\">12356</span>\"
    <span class=sf-dump-index>1</span> => <span class=sf-dump-const>null</span>
    <span class=sf-dump-index>2</span> => <span class=sf-dump-const>null</span>
    <span class=sf-dump-index>3</span> => <span class=sf-dump-const>null</span>
    <span class=sf-dump-index>4</span> => <span class=sf-dump-const>null</span>
    <span class=sf-dump-index>5</span> => <span class=sf-dump-const>null</span>
    <span class=sf-dump-index>6</span> => <span class=sf-dump-const>null</span>
    <span class=sf-dump-index>7</span> => <span class=sf-dump-const>null</span>
  </samp>]
  +\"<span class=sf-dump-public title=\"Runtime added dynamic property\">SolSerTranspPrecio</span>\": \"<span class=sf-dump-str title=\"4 characters\">0.00</span>\"
  +\"<span class=sf-dump-public title=\"Runtime added dynamic property\">FK_ReciboSolserv</span>\": <span class=sf-dump-const>null</span>
  +\"<span class=sf-dump-public title=\"Runtime added dynamic property\">SolNumeroFactura</span>\": <span class=sf-dump-const>null</span>
  +\"<span class=sf-dump-public title=\"Runtime added dynamic property\">PersFirstName</span>\": \"<span class=sf-dump-str title=\"4 characters\">Luis</span>\"
  +\"<span class=sf-dump-public title=\"Runtime added dynamic property\">PersLastName</span>\": \"<span class=sf-dump-str title=\"18 characters\">De la hoz Ricaurte</span>\"
  +\"<span class=sf-dump-public title=\"Runtime added dynamic property\">PersEmail</span>\": \"<span class=sf-dump-str title=\"23 characters\">Sistemas@prosarc.com.co</span>\"
  +\"<span class=sf-dump-public title=\"Runtime added dynamic property\">Repetible</span>\": <span class=sf-dump-num>0</span>
  +\"<span class=sf-dump-public title=\"Runtime added dynamic property\">recepcion</span>\": \"<span class=sf-dump-str title=\"19 characters\">2022-10-07 09:00:00</span>\"
</samp>}
</pre><script>Sfdump(\"sf-dump-1668924919\", {\"maxDepth\":3,\"maxStringLength\":160})</script>
","Residuos":"<pre class=sf-dump id=sf-dump-14425877 data-indent-pad=\"  \"><span class=sf-dump-note>Illuminate\\Support\\Collection</span> {<a class=sf-dump-ref>#2193</a><samp data-depth=1 class=sf-dump-expanded>
  #<span class=sf-dump-protected title=\"Protected property\">items</span>: <span class=sf-dump-note>array:7</span> [<samp data-depth=2 class=sf-dump-compact>
    <span class=sf-dump-index>0</span> => {<a class=sf-dump-ref>#2196</a><samp data-depth=3 class=sf-dump-compact>
      +\"<span class=sf-dump-public title=\"Runtime added dynamic property\">ID_SolRes</span>\": <span class=sf-dump-num>41689</span>
      +\"<span class=sf-dump-public title=\"Runtime added dynamic property\">SolResKgEnviado</span>\": \"<span class=sf-dump-str title=\"6 characters\">160.00</span>\"
      +\"<span class=sf-dump-public title=\"Runtime added dynamic property\">SolResKgRecibido</span>\": \"<span class=sf-dump-str title=\"5 characters\">12.00</span>\"
      +\"<span class=sf-dump-public title=\"Runtime added dynamic property\">SolResKgConciliado</span>\": \"<span class=sf-dump-str title=\"5 characters\">12.00</span>\"
      +\"<span class=sf-dump-public title=\"Runtime added dynamic property\">SolResKgTratado</span>\": \"<span class=sf-dump-str title=\"4 characters\">0.00</span>\"
      +\"<span class=sf-dump-public title=\"Runtime added dynamic property\">created_at</span>\": \"<span class=sf-dump-str title=\"19 characters\">2022-02-02 19:57:22</span>\"
      +\"<span class=sf-dump-public title=\"Runtime added dynamic property\">updated_at</span>\": \"<span class=sf-dump-str title=\"19 characters\">2022-02-03 16:56:19</span>\"
      +\"<span class=sf-dump-public title=\"Runtime added dynamic property\">SolResDelete</span>\": <span class=sf-dump-num>0</span>
      +\"<span class=sf-dump-public title=\"Runtime added dynamic property\">SolResSlug</span>\": \"<span class=sf-dump-str title=\"64 characters\">55875dea95ce11b88cd669991c0c7647fcccf2456e7f43569a1d2501a1a033d3</span>\"
      +\"<span class=sf-dump-public title=\"Runtime added dynamic property\">FK_SolResSolSer</span>\": <span class=sf-dump-num>46367</span>
      +\"<span class=sf-dump-public title=\"Runtime added dynamic property\">SolResTypeUnidad</span>\": \"<span class=sf-dump-str title=\"6 characters\">Unidad</span>\"
      +\"<span class=sf-dump-public title=\"Runtime added dynamic property\">SolResCantiUnidad</span>\": \"<span class=sf-dump-str title=\"4 characters\">0.00</span>\"
      +\"<span class=sf-dump-public title=\"Runtime added dynamic property\">SolResEmbalaje</span>\": \"<span class=sf-dump-str title=\"12 characters\">Sacos/Bolsas</span>\"
      +\"<span class=sf-dump-public title=\"Runtime added dynamic property\">SolResAlto</span>\": <span class=sf-dump-const>null</span>
      +\"<span class=sf-dump-public title=\"Runtime added dynamic property\">SolResAncho</span>\": <span class=sf-dump-const>null</span>
      +\"<span class=sf-dump-public title=\"Runtime added dynamic property\">SolResProfundo</span>\": <span class=sf-dump-const>null</span>
      +\"<span class=sf-dump-public title=\"Runtime added dynamic property\">SolResFotoDescargue_Pesaje</span>\": <span class=sf-dump-num>0</span>
      +\"<span class=sf-dump-public title=\"Runtime added dynamic property\">SolResFotoTratamiento</span>\": <span class=sf-dump-num>0</span>
      +\"<span class=sf-dump-public title=\"Runtime added dynamic property\">SolResVideoDescargue_Pesaje</span>\": <span class=sf-dump-num>0</span>
      +\"<span class=sf-dump-public title=\"Runtime added dynamic property\">SolResVideoTratamiento</span>\": <span class=sf-dump-num>0</span>
      +\"<span class=sf-dump-public title=\"Runtime added dynamic property\">FK_SolResRg</span>\": <span class=sf-dump-num>9510</span>
      +\"<span class=sf-dump-public title=\"Runtime added dynamic property\">SolResCantiUnidadRecibida</span>\": \"<span class=sf-dump-str title=\"3 characters\">1.0</span>\"
      +\"<span class=sf-dump-public title=\"Runtime added dynamic property\">SolResCantiUnidadConciliada</span>\": \"<span class=sf-dump-str title=\"3 characters\">1.0</span>\"
      +\"<span class=sf-dump-public title=\"Runtime added dynamic property\">SolResCantiUnidadTratada</span>\": <span class=sf-dump-const>null</span>
      +\"<span class=sf-dump-public title=\"Runtime added dynamic property\">SolResDevolucion</span>\": <span class=sf-dump-num>0</span>
      +\"<span class=sf-dump-public title=\"Runtime added dynamic property\">SolResDevolCantidad</span>\": \"<span class=sf-dump-str>0</span>\"
      +\"<span class=sf-dump-public title=\"Runtime added dynamic property\">SolResAuditoria</span>\": <span class=sf-dump-num>0</span>
      +\"<span class=sf-dump-public title=\"Runtime added dynamic property\">SolResAuditoriaTipo</span>\": \"<span class=sf-dump-str>0</span>\"
      +\"<span class=sf-dump-public title=\"Runtime added dynamic property\">SolResPrecio</span>\": \"<span class=sf-dump-str title=\"4 characters\">0.00</span>\"
      +\"<span class=sf-dump-public title=\"Runtime added dynamic property\">FK_SolResRequerimiento</span>\": <span class=sf-dump-num>62289</span>
      +\"<span class=sf-dump-public title=\"Runtime added dynamic property\">SolResRM</span>\": \"<span class=sf-dump-str title=\"9 characters\">[&quot;12356&quot;]</span>\"
      +\"<span class=sf-dump-public title=\"Runtime added dynamic property\">auto_SolResFotoDescargue_Pesaje</span>\": <span class=sf-dump-num>0</span>
      +\"<span class=sf-dump-public title=\"Runtime added dynamic property\">auto_SolResFotoTratamiento</span>\": <span class=sf-dump-num>0</span>
      +\"<span class=sf-dump-public title=\"Runtime added dynamic property\">auto_SolResVideoDescargue_Pesaje</span>\": <span class=sf-dump-num>0</span>
      +\"<span class=sf-dump-public title=\"Runtime added dynamic property\">auto_SolResVideoTratamiento</span>\": <span class=sf-dump-num>0</span>
      +\"<span class=sf-dump-public title=\"Runtime added dynamic property\">auto_SolResDevolucion</span>\": <span class=sf-dump-num>0</span>
      +\"<span class=sf-dump-public title=\"Runtime added dynamic property\">auto_SolResAuditoria</span>\": <span class=sf-dump-num>0</span>
      +\"<span class=sf-dump-public title=\"Runtime added dynamic property\">SolResTypePrecio</span>\": <span class=sf-dump-num>0</span>
      +\"<span class=sf-dump-public title=\"Runtime added dynamic property\">FK_SGener</span>\": <span class=sf-dump-num>408</span>
      +\"<span class=sf-dump-public title=\"Runtime added dynamic property\">ID_Respel</span>\": <span class=sf-dump-num>7700</span>
      +\"<span class=sf-dump-public title=\"Runtime added dynamic property\">RespelName</span>\": \"<span class=sf-dump-str title=\"27 characters\">RESIDUOS ANATOMOPATOL&#211;GICOS</span>\"
      +\"<span class=sf-dump-public title=\"Runtime added dynamic property\">RespelDescrip</span>\": \"<span class=sf-dump-str title=\"39 characters\">Residuos de fluidos corporales o sangre</span>\"
      +\"<span class=sf-dump-public title=\"Runtime added dynamic property\">YRespelClasf4741</span>\": \"<span class=sf-dump-str title=\"2 characters\">Y1</span>\"
      +\"<span class=sf-dump-public title=\"Runtime added dynamic property\">ARespelClasf4741</span>\": <span class=sf-dump-const>null</span>
      +\"<span class=sf-dump-public title=\"Runtime added dynamic property\">RespelIgrosidad</span>\": \"<span class=sf-dump-str title=\"21 characters\">Pat&#243;geno - Infeccioso</span>\"
      +\"<span class=sf-dump-public title=\"Runtime added dynamic property\">RespelEstado</span>\": \"<span class=sf-dump-str title=\"6 characters\">S&#243;lido</span>\"
      +\"<span class=sf-dump-public title=\"Runtime added dynamic property\">RespelHojaSeguridad</span>\": \"<span class=sf-dump-str title=\"68 characters\">edbffb6a83ea3d33b393a3e675056065a4e03cec544687e07b4ee3226e23eed0.pdf</span>\"
      +\"<span class=sf-dump-public title=\"Runtime added dynamic property\">RespelTarj</span>\": \"<span class=sf-dump-str title=\"68 characters\">5e50c924490861ed08a722bc8f06b4cfd78374e43c8da440511540273c99bbcd.pdf</span>\"
      +\"<span class=sf-dump-public title=\"Runtime added dynamic property\">RespelStatus</span>\": \"<span class=sf-dump-str title=\"8 characters\">Aprobado</span>\"
      +\"<span class=sf-dump-public title=\"Runtime added dynamic property\">RespelSlug</span>\": \"<span class=sf-dump-str title=\"64 characters\">f051d382f123be3602792a697f8ba2660a871ba2c009ba285f9a5e9d1eda5786</span>\"
      +\"<span class=sf-dump-public title=\"Runtime added dynamic property\">RespelDelete</span>\": <span class=sf-dump-num>0</span>
      +\"<span class=sf-dump-public title=\"Runtime added dynamic property\">FK_RespelCoti</span>\": <span class=sf-dump-num>2986</span>
      +\"<span class=sf-dump-public title=\"Runtime added dynamic property\">RespelFoto</span>\": \"<span class=sf-dump-str title=\"68 characters\">893d12dc836e5d0c5b9b6e5357978136f2d593753a815fe244bb4eb5bbeb8c7f.png</span>\"
      +\"<span class=sf-dump-public title=\"Runtime added dynamic property\">SustanciaControlada</span>\": <span class=sf-dump-num>0</span>
      +\"<span class=sf-dump-public title=\"Runtime added dynamic property\">SustanciaControladaTipo</span>\": <span class=sf-dump-const>null</span>
      +\"<span class=sf-dump-public title=\"Runtime added dynamic property\">SustanciaControladaNombre</span>\": <span class=sf-dump-const>null</span>
      +\"<span class=sf-dump-public title=\"Runtime added dynamic property\">SustanciaControladaDocumento</span>\": <span class=sf-dump-const>null</span>
      +\"<span class=sf-dump-public title=\"Runtime added dynamic property\">RespelDeclaracion</span>\": <span class=sf-dump-num>1</span>
      +\"<span class=sf-dump-public title=\"Runtime added dynamic property\">AceiteUsado</span>\": <span class=sf-dump-num>0</span>
      +\"<span class=sf-dump-public title=\"Runtime added dynamic property\">RespelStatusDescription</span>\": \"<span class=sf-dump-str title=\"11 characters\">APROBADO DP</span>\"
      +\"<span class=sf-dump-public title=\"Runtime added dynamic property\">RespelPublic</span>\": <span class=sf-dump-num>0</span>
      +\"<span class=sf-dump-public title=\"Runtime added dynamic property\">FK_SubCategoryRP</span>\": <span class=sf-dump-const>null</span>
      +\"<span class=sf-dump-public title=\"Runtime added dynamic property\">ID_Req</span>\": <span class=sf-dump-num>62289</span>
      +\"<span class=sf-dump-public title=\"Runtime added dynamic property\">TratName</span>\": \"<span class=sf-dump-str title=\"18 characters\">Celda de Seguridad</span>\"
      +\"<span class=sf-dump-public title=\"Runtime added dynamic property\">ID_Trat</span>\": <span class=sf-dump-num>2</span>
      +\"<span class=sf-dump-public title=\"Runtime added dynamic property\">CliShortName</span>\": \"<span class=sf-dump-str title=\"6 characters\">Veolia</span>\"
      +\"<span class=sf-dump-public title=\"Runtime added dynamic property\">pretratamientosSelected</span>\": <span class=sf-dump-note title=\"Illuminate\\Database\\Eloquent\\Collection
\"><span class=\"sf-dump-ellipsis sf-dump-ellipsis-note\">Illuminate\\Database\\Eloquent</span><span class=\"sf-dump-ellipsis sf-dump-ellipsis-note\">\\</span>Collection</span> {<a class=sf-dump-ref>#2211</a> &#8230;2}
      +\"<span class=sf-dump-public title=\"Runtime added dynamic property\">tarifa</span>\": <span class=sf-dump-note title=\"App\\Tarifa
\"><span class=\"sf-dump-ellipsis sf-dump-ellipsis-note\">App</span><span class=\"sf-dump-ellipsis sf-dump-ellipsis-note\">\\</span>Tarifa</span> {<a class=sf-dump-ref>#2225</a> &#8230;30}
      +\"<span class=sf-dump-public title=\"Runtime added dynamic property\">ctarifa</span>\": <span class=sf-dump-const>null</span>
      +\"<span class=sf-dump-public title=\"Runtime added dynamic property\">SolResRM2</span>\": <span class=sf-dump-note>array:1</span> [ &#8230;1]
    </samp>}
    <span class=sf-dump-index>1</span> => {<a class=sf-dump-ref>#2199</a><samp data-depth=3 class=sf-dump-compact>
      +\"<span class=sf-dump-public title=\"Runtime added dynamic property\">ID_SolRes</span>\": <span class=sf-dump-num>41690</span>
      +\"<span class=sf-dump-public title=\"Runtime added dynamic property\">SolResKgEnviado</span>\": \"<span class=sf-dump-str title=\"5 characters\">20.00</span>\"
      +\"<span class=sf-dump-public title=\"Runtime added dynamic property\">SolResKgRecibido</span>\": \"<span class=sf-dump-str title=\"4 characters\">0.00</span>\"
      +\"<span class=sf-dump-public title=\"Runtime added dynamic property\">SolResKgConciliado</span>\": \"<span class=sf-dump-str title=\"4 characters\">0.00</span>\"
      +\"<span class=sf-dump-public title=\"Runtime added dynamic property\">SolResKgTratado</span>\": \"<span class=sf-dump-str title=\"4 characters\">0.00</span>\"
      +\"<span class=sf-dump-public title=\"Runtime added dynamic property\">created_at</span>\": \"<span class=sf-dump-str title=\"19 characters\">2022-02-03 14:14:10</span>\"
      +\"<span class=sf-dump-public title=\"Runtime added dynamic property\">updated_at</span>\": \"<span class=sf-dump-str title=\"19 characters\">2022-02-03 16:41:47</span>\"
      +\"<span class=sf-dump-public title=\"Runtime added dynamic property\">SolResDelete</span>\": <span class=sf-dump-num>0</span>
      +\"<span class=sf-dump-public title=\"Runtime added dynamic property\">SolResSlug</span>\": \"<span class=sf-dump-str title=\"64 characters\">d995367b1360ef64338d58a2c39127ce232258c56c5e423def36246b09da9bd4</span>\"
      +\"<span class=sf-dump-public title=\"Runtime added dynamic property\">FK_SolResSolSer</span>\": <span class=sf-dump-num>46367</span>
      +\"<span class=sf-dump-public title=\"Runtime added dynamic property\">SolResTypeUnidad</span>\": <span class=sf-dump-const>null</span>
      +\"<span class=sf-dump-public title=\"Runtime added dynamic property\">SolResCantiUnidad</span>\": <span class=sf-dump-const>null</span>
      +\"<span class=sf-dump-public title=\"Runtime added dynamic property\">SolResEmbalaje</span>\": \"<span class=sf-dump-str title=\"12 characters\">Sacos/Bolsas</span>\"
      +\"<span class=sf-dump-public title=\"Runtime added dynamic property\">SolResAlto</span>\": <span class=sf-dump-const>null</span>
      +\"<span class=sf-dump-public title=\"Runtime added dynamic property\">SolResAncho</span>\": <span class=sf-dump-const>null</span>
      +\"<span class=sf-dump-public title=\"Runtime added dynamic property\">SolResProfundo</span>\": <span class=sf-dump-const>null</span>
      +\"<span class=sf-dump-public title=\"Runtime added dynamic property\">SolResFotoDescargue_Pesaje</span>\": <span class=sf-dump-num>0</span>
      +\"<span class=sf-dump-public title=\"Runtime added dynamic property\">SolResFotoTratamiento</span>\": <span class=sf-dump-num>0</span>
      +\"<span class=sf-dump-public title=\"Runtime added dynamic property\">SolResVideoDescargue_Pesaje</span>\": <span class=sf-dump-num>0</span>
      +\"<span class=sf-dump-public title=\"Runtime added dynamic property\">SolResVideoTratamiento</span>\": <span class=sf-dump-num>0</span>
      +\"<span class=sf-dump-public title=\"Runtime added dynamic property\">FK_SolResRg</span>\": <span class=sf-dump-num>9508</span>
      +\"<span class=sf-dump-public title=\"Runtime added dynamic property\">SolResCantiUnidadRecibida</span>\": <span class=sf-dump-const>null</span>
      +\"<span class=sf-dump-public title=\"Runtime added dynamic property\">SolResCantiUnidadConciliada</span>\": <span class=sf-dump-const>null</span>
      +\"<span class=sf-dump-public title=\"Runtime added dynamic property\">SolResCantiUnidadTratada</span>\": <span class=sf-dump-const>null</span>
      +\"<span class=sf-dump-public title=\"Runtime added dynamic property\">SolResDevolucion</span>\": <span class=sf-dump-num>0</span>
      +\"<span class=sf-dump-public title=\"Runtime added dynamic property\">SolResDevolCantidad</span>\": \"<span class=sf-dump-str>0</span>\"
      +\"<span class=sf-dump-public title=\"Runtime added dynamic property\">SolResAuditoria</span>\": <span class=sf-dump-num>0</span>
      +\"<span class=sf-dump-public title=\"Runtime added dynamic property\">SolResAuditoriaTipo</span>\": \"<span class=sf-dump-str>0</span>\"
      +\"<span class=sf-dump-public title=\"Runtime added dynamic property\">SolResPrecio</span>\": \"<span class=sf-dump-str title=\"4 characters\">0.00</span>\"
      +\"<span class=sf-dump-public title=\"Runtime added dynamic property\">FK_SolResRequerimiento</span>\": <span class=sf-dump-num>62290</span>
      +\"<span class=sf-dump-public title=\"Runtime added dynamic property\">SolResRM</span>\": <span class=sf-dump-const>null</span>
      +\"<span class=sf-dump-public title=\"Runtime added dynamic property\">auto_SolResFotoDescargue_Pesaje</span>\": <span class=sf-dump-num>0</span>
      +\"<span class=sf-dump-public title=\"Runtime added dynamic property\">auto_SolResFotoTratamiento</span>\": <span class=sf-dump-num>0</span>
      +\"<span class=sf-dump-public title=\"Runtime added dynamic property\">auto_SolResVideoDescargue_Pesaje</span>\": <span class=sf-dump-num>0</span>
      +\"<span class=sf-dump-public title=\"Runtime added dynamic property\">auto_SolResVideoTratamiento</span>\": <span class=sf-dump-num>0</span>
      +\"<span class=sf-dump-public title=\"Runtime added dynamic property\">auto_SolResDevolucion</span>\": <span class=sf-dump-num>0</span>
      +\"<span class=sf-dump-public title=\"Runtime added dynamic property\">auto_SolResAuditoria</span>\": <span class=sf-dump-num>0</span>
      +\"<span class=sf-dump-public title=\"Runtime added dynamic property\">SolResTypePrecio</span>\": <span class=sf-dump-num>0</span>
      +\"<span class=sf-dump-public title=\"Runtime added dynamic property\">FK_SGener</span>\": <span class=sf-dump-num>408</span>
      +\"<span class=sf-dump-public title=\"Runtime added dynamic property\">ID_Respel</span>\": <span class=sf-dump-num>7923</span>
      +\"<span class=sf-dump-public title=\"Runtime added dynamic property\">RespelName</span>\": \"<span class=sf-dump-str title=\"22 characters\">Residuos biosanitarios</span>\"
      +\"<span class=sf-dump-public title=\"Runtime added dynamic property\">RespelDescrip</span>\": \"<span class=sf-dump-str title=\"104 characters\">Residuos de guantes, tapabocas, y dem&#225;s elementos que entren en contacto con sangre o fluidos corporales</span>\"
      +\"<span class=sf-dump-public title=\"Runtime added dynamic property\">YRespelClasf4741</span>\": \"<span class=sf-dump-str title=\"2 characters\">Y1</span>\"
      +\"<span class=sf-dump-public title=\"Runtime added dynamic property\">ARespelClasf4741</span>\": <span class=sf-dump-const>null</span>
      +\"<span class=sf-dump-public title=\"Runtime added dynamic property\">RespelIgrosidad</span>\": \"<span class=sf-dump-str title=\"21 characters\">Pat&#243;geno - Infeccioso</span>\"
      +\"<span class=sf-dump-public title=\"Runtime added dynamic property\">RespelEstado</span>\": \"<span class=sf-dump-str title=\"6 characters\">S&#243;lido</span>\"
      +\"<span class=sf-dump-public title=\"Runtime added dynamic property\">RespelHojaSeguridad</span>\": \"<span class=sf-dump-str title=\"68 characters\">aca791087273936f54ecd754be73448484f560a0f70fe5473aed8dd00860103a.pdf</span>\"
      +\"<span class=sf-dump-public title=\"Runtime added dynamic property\">RespelTarj</span>\": \"<span class=sf-dump-str title=\"68 characters\">be378b2fefd0fa21d0ebcfb40860b1ad9e99f97191d5eea41229f9bb4eff54b5.pdf</span>\"
      +\"<span class=sf-dump-public title=\"Runtime added dynamic property\">RespelStatus</span>\": \"<span class=sf-dump-str title=\"8 characters\">Aprobado</span>\"
      +\"<span class=sf-dump-public title=\"Runtime added dynamic property\">RespelSlug</span>\": \"<span class=sf-dump-str title=\"64 characters\">10610619f27602e82dbbf5398f11bc0a785fb94fe01e0aca8221e4680afb1178</span>\"
      +\"<span class=sf-dump-public title=\"Runtime added dynamic property\">RespelDelete</span>\": <span class=sf-dump-num>0</span>
      +\"<span class=sf-dump-public title=\"Runtime added dynamic property\">FK_RespelCoti</span>\": <span class=sf-dump-num>3000</span>
      +\"<span class=sf-dump-public title=\"Runtime added dynamic property\">RespelFoto</span>\": \"<span class=sf-dump-str title=\"68 characters\">e59b5843e897d05d71a6b4a3ebc284375bcf0081080dbdc4e3417d7906ea4c30.png</span>\"
      +\"<span class=sf-dump-public title=\"Runtime added dynamic property\">SustanciaControlada</span>\": <span class=sf-dump-num>0</span>
      +\"<span class=sf-dump-public title=\"Runtime added dynamic property\">SustanciaControladaTipo</span>\": <span class=sf-dump-const>null</span>
      +\"<span class=sf-dump-public title=\"Runtime added dynamic property\">SustanciaControladaNombre</span>\": <span class=sf-dump-const>null</span>
      +\"<span class=sf-dump-public title=\"Runtime added dynamic property\">SustanciaControladaDocumento</span>\": <span class=sf-dump-const>null</span>
      +\"<span class=sf-dump-public title=\"Runtime added dynamic property\">RespelDeclaracion</span>\": <span class=sf-dump-num>1</span>
      +\"<span class=sf-dump-public title=\"Runtime added dynamic property\">AceiteUsado</span>\": <span class=sf-dump-num>0</span>
      +\"<span class=sf-dump-public title=\"Runtime added dynamic property\">RespelStatusDescription</span>\": \"<span class=sf-dump-str title=\"11 characters\">APROBADO dp</span>\"
      +\"<span class=sf-dump-public title=\"Runtime added dynamic property\">RespelPublic</span>\": <span class=sf-dump-num>0</span>
      +\"<span class=sf-dump-public title=\"Runtime added dynamic property\">FK_SubCategoryRP</span>\": <span class=sf-dump-const>null</span>
      +\"<span class=sf-dump-public title=\"Runtime added dynamic property\">ID_Req</span>\": <span class=sf-dump-num>62290</span>
      +\"<span class=sf-dump-public title=\"Runtime added dynamic property\">TratName</span>\": \"<span class=sf-dump-str title=\"16 characters\">TermoDestrucci&#243;n</span>\"
      +\"<span class=sf-dump-public title=\"Runtime added dynamic property\">ID_Trat</span>\": <span class=sf-dump-num>1</span>
      +\"<span class=sf-dump-public title=\"Runtime added dynamic property\">CliShortName</span>\": \"<span class=sf-dump-str title=\"17 characters\">Prosarc S.A. ESP.</span>\"
      +\"<span class=sf-dump-public title=\"Runtime added dynamic property\">pretratamientosSelected</span>\": <span class=sf-dump-note title=\"Illuminate\\Database\\Eloquent\\Collection
\"><span class=\"sf-dump-ellipsis sf-dump-ellipsis-note\">Illuminate\\Database\\Eloquent</span><span class=\"sf-dump-ellipsis sf-dump-ellipsis-note\">\\</span>Collection</span> {<a class=sf-dump-ref>#2242</a> &#8230;2}
      +\"<span class=sf-dump-public title=\"Runtime added dynamic property\">tarifa</span>\": <span class=sf-dump-note title=\"App\\Tarifa
\"><span class=\"sf-dump-ellipsis sf-dump-ellipsis-note\">App</span><span class=\"sf-dump-ellipsis sf-dump-ellipsis-note\">\\</span>Tarifa</span> {<a class=sf-dump-ref>#2256</a> &#8230;30}
      +\"<span class=sf-dump-public title=\"Runtime added dynamic property\">ctarifa</span>\": <span class=sf-dump-const>null</span>
      +\"<span class=sf-dump-public title=\"Runtime added dynamic property\">SolResRM2</span>\": <span class=sf-dump-const>null</span>
    </samp>}
    <span class=sf-dump-index>2</span> => {<a class=sf-dump-ref>#2197</a><samp data-depth=3 class=sf-dump-compact>
      +\"<span class=sf-dump-public title=\"Runtime added dynamic property\">ID_SolRes</span>\": <span class=sf-dump-num>41691</span>
      +\"<span class=sf-dump-public title=\"Runtime added dynamic property\">SolResKgEnviado</span>\": \"<span class=sf-dump-str title=\"4 characters\">7.00</span>\"
      +\"<span class=sf-dump-public title=\"Runtime added dynamic property\">SolResKgRecibido</span>\": \"<span class=sf-dump-str title=\"4 characters\">0.00</span>\"
      +\"<span class=sf-dump-public title=\"Runtime added dynamic property\">SolResKgConciliado</span>\": \"<span class=sf-dump-str title=\"4 characters\">0.00</span>\"
      +\"<span class=sf-dump-public title=\"Runtime added dynamic property\">SolResKgTratado</span>\": \"<span class=sf-dump-str title=\"4 characters\">0.00</span>\"
      +\"<span class=sf-dump-public title=\"Runtime added dynamic property\">created_at</span>\": \"<span class=sf-dump-str title=\"19 characters\">2022-02-03 14:09:55</span>\"
      +\"<span class=sf-dump-public title=\"Runtime added dynamic property\">updated_at</span>\": \"<span class=sf-dump-str title=\"19 characters\">2022-02-03 16:43:21</span>\"
      +\"<span class=sf-dump-public title=\"Runtime added dynamic property\">SolResDelete</span>\": <span class=sf-dump-num>0</span>
      +\"<span class=sf-dump-public title=\"Runtime added dynamic property\">SolResSlug</span>\": \"<span class=sf-dump-str title=\"64 characters\">0f75c1a48f7c19fa59bf4d5058dea2f9b7225620ce3d66ddae9504b77e0cdc06</span>\"
      +\"<span class=sf-dump-public title=\"Runtime added dynamic property\">FK_SolResSolSer</span>\": <span class=sf-dump-num>46367</span>
      +\"<span class=sf-dump-public title=\"Runtime added dynamic property\">SolResTypeUnidad</span>\": <span class=sf-dump-const>null</span>
      +\"<span class=sf-dump-public title=\"Runtime added dynamic property\">SolResCantiUnidad</span>\": <span class=sf-dump-const>null</span>
      +\"<span class=sf-dump-public title=\"Runtime added dynamic property\">SolResEmbalaje</span>\": \"<span class=sf-dump-str title=\"12 characters\">Sacos/Bolsas</span>\"
      +\"<span class=sf-dump-public title=\"Runtime added dynamic property\">SolResAlto</span>\": <span class=sf-dump-const>null</span>
      +\"<span class=sf-dump-public title=\"Runtime added dynamic property\">SolResAncho</span>\": <span class=sf-dump-const>null</span>
      +\"<span class=sf-dump-public title=\"Runtime added dynamic property\">SolResProfundo</span>\": <span class=sf-dump-const>null</span>
      +\"<span class=sf-dump-public title=\"Runtime added dynamic property\">SolResFotoDescargue_Pesaje</span>\": <span class=sf-dump-num>0</span>
      +\"<span class=sf-dump-public title=\"Runtime added dynamic property\">SolResFotoTratamiento</span>\": <span class=sf-dump-num>0</span>
      +\"<span class=sf-dump-public title=\"Runtime added dynamic property\">SolResVideoDescargue_Pesaje</span>\": <span class=sf-dump-num>0</span>
      +\"<span class=sf-dump-public title=\"Runtime added dynamic property\">SolResVideoTratamiento</span>\": <span class=sf-dump-num>0</span>
      +\"<span class=sf-dump-public title=\"Runtime added dynamic property\">FK_SolResRg</span>\": <span class=sf-dump-num>9509</span>
      +\"<span class=sf-dump-public title=\"Runtime added dynamic property\">SolResCantiUnidadRecibida</span>\": <span class=sf-dump-const>null</span>
      +\"<span class=sf-dump-public title=\"Runtime added dynamic property\">SolResCantiUnidadConciliada</span>\": <span class=sf-dump-const>null</span>
      +\"<span class=sf-dump-public title=\"Runtime added dynamic property\">SolResCantiUnidadTratada</span>\": <span class=sf-dump-const>null</span>
      +\"<span class=sf-dump-public title=\"Runtime added dynamic property\">SolResDevolucion</span>\": <span class=sf-dump-num>0</span>
      +\"<span class=sf-dump-public title=\"Runtime added dynamic property\">SolResDevolCantidad</span>\": \"<span class=sf-dump-str>0</span>\"
      +\"<span class=sf-dump-public title=\"Runtime added dynamic property\">SolResAuditoria</span>\": <span class=sf-dump-num>0</span>
      +\"<span class=sf-dump-public title=\"Runtime added dynamic property\">SolResAuditoriaTipo</span>\": \"<span class=sf-dump-str>0</span>\"
      +\"<span class=sf-dump-public title=\"Runtime added dynamic property\">SolResPrecio</span>\": \"<span class=sf-dump-str title=\"4 characters\">0.00</span>\"
      +\"<span class=sf-dump-public title=\"Runtime added dynamic property\">FK_SolResRequerimiento</span>\": <span class=sf-dump-num>62291</span>
      +\"<span class=sf-dump-public title=\"Runtime added dynamic property\">SolResRM</span>\": <span class=sf-dump-const>null</span>
      +\"<span class=sf-dump-public title=\"Runtime added dynamic property\">auto_SolResFotoDescargue_Pesaje</span>\": <span class=sf-dump-num>0</span>
      +\"<span class=sf-dump-public title=\"Runtime added dynamic property\">auto_SolResFotoTratamiento</span>\": <span class=sf-dump-num>0</span>
      +\"<span class=sf-dump-public title=\"Runtime added dynamic property\">auto_SolResVideoDescargue_Pesaje</span>\": <span class=sf-dump-num>0</span>
      +\"<span class=sf-dump-public title=\"Runtime added dynamic property\">auto_SolResVideoTratamiento</span>\": <span class=sf-dump-num>0</span>
      +\"<span class=sf-dump-public title=\"Runtime added dynamic property\">auto_SolResDevolucion</span>\": <span class=sf-dump-num>0</span>
      +\"<span class=sf-dump-public title=\"Runtime added dynamic property\">auto_SolResAuditoria</span>\": <span class=sf-dump-num>0</span>
      +\"<span class=sf-dump-public title=\"Runtime added dynamic property\">SolResTypePrecio</span>\": <span class=sf-dump-num>0</span>
      +\"<span class=sf-dump-public title=\"Runtime added dynamic property\">FK_SGener</span>\": <span class=sf-dump-num>408</span>
      +\"<span class=sf-dump-public title=\"Runtime added dynamic property\">ID_Respel</span>\": <span class=sf-dump-num>7922</span>
      +\"<span class=sf-dump-public title=\"Runtime added dynamic property\">RespelName</span>\": \"<span class=sf-dump-str title=\"23 characters\">Residuos Cortopunzantes</span>\"
      +\"<span class=sf-dump-public title=\"Runtime added dynamic property\">RespelDescrip</span>\": \"<span class=sf-dump-str title=\"97 characters\">residuos de agujas, lancetas o dem&#225;s elementos contaminados que puedan generar heridas en la piel</span>\"
      +\"<span class=sf-dump-public title=\"Runtime added dynamic property\">YRespelClasf4741</span>\": \"<span class=sf-dump-str title=\"2 characters\">Y1</span>\"
      +\"<span class=sf-dump-public title=\"Runtime added dynamic property\">ARespelClasf4741</span>\": <span class=sf-dump-const>null</span>
      +\"<span class=sf-dump-public title=\"Runtime added dynamic property\">RespelIgrosidad</span>\": \"<span class=sf-dump-str title=\"21 characters\">Pat&#243;geno - Infeccioso</span>\"
      +\"<span class=sf-dump-public title=\"Runtime added dynamic property\">RespelEstado</span>\": \"<span class=sf-dump-str title=\"6 characters\">S&#243;lido</span>\"
      +\"<span class=sf-dump-public title=\"Runtime added dynamic property\">RespelHojaSeguridad</span>\": \"<span class=sf-dump-str title=\"68 characters\">eb7a5575645fc5b1ea96bb294e321f5657b2ef6871bf40d3d5b9d35d4fd34cd3.pdf</span>\"
      +\"<span class=sf-dump-public title=\"Runtime added dynamic property\">RespelTarj</span>\": \"<span class=sf-dump-str title=\"68 characters\">a94a8bba9e633c547f24a88adcf155b5ead4710f83b9ea586a242699d9af6cfa.pdf</span>\"
      +\"<span class=sf-dump-public title=\"Runtime added dynamic property\">RespelStatus</span>\": \"<span class=sf-dump-str title=\"8 characters\">Aprobado</span>\"
      +\"<span class=sf-dump-public title=\"Runtime added dynamic property\">RespelSlug</span>\": \"<span class=sf-dump-str title=\"64 characters\">11686a7ebd44d79b062bd159af8cbbc44606150a4193455a9be3712e55594ea3</span>\"
      +\"<span class=sf-dump-public title=\"Runtime added dynamic property\">RespelDelete</span>\": <span class=sf-dump-num>0</span>
      +\"<span class=sf-dump-public title=\"Runtime added dynamic property\">FK_RespelCoti</span>\": <span class=sf-dump-num>2999</span>
      +\"<span class=sf-dump-public title=\"Runtime added dynamic property\">RespelFoto</span>\": \"<span class=sf-dump-str title=\"68 characters\">a8e1577f7f30f30dc48b19df438c690622b05a88b99ee02cf6154b05c90c651f.png</span>\"
      +\"<span class=sf-dump-public title=\"Runtime added dynamic property\">SustanciaControlada</span>\": <span class=sf-dump-num>0</span>
      +\"<span class=sf-dump-public title=\"Runtime added dynamic property\">SustanciaControladaTipo</span>\": <span class=sf-dump-const>null</span>
      +\"<span class=sf-dump-public title=\"Runtime added dynamic property\">SustanciaControladaNombre</span>\": <span class=sf-dump-const>null</span>
      +\"<span class=sf-dump-public title=\"Runtime added dynamic property\">SustanciaControladaDocumento</span>\": <span class=sf-dump-const>null</span>
      +\"<span class=sf-dump-public title=\"Runtime added dynamic property\">RespelDeclaracion</span>\": <span class=sf-dump-num>1</span>
      +\"<span class=sf-dump-public title=\"Runtime added dynamic property\">AceiteUsado</span>\": <span class=sf-dump-num>0</span>
      +\"<span class=sf-dump-public title=\"Runtime added dynamic property\">RespelStatusDescription</span>\": \"<span class=sf-dump-str title=\"11 characters\">APROBADO DP</span>\"
      +\"<span class=sf-dump-public title=\"Runtime added dynamic property\">RespelPublic</span>\": <span class=sf-dump-num>0</span>
      +\"<span class=sf-dump-public title=\"Runtime added dynamic property\">FK_SubCategoryRP</span>\": <span class=sf-dump-const>null</span>
      +\"<span class=sf-dump-public title=\"Runtime added dynamic property\">ID_Req</span>\": <span class=sf-dump-num>62291</span>
      +\"<span class=sf-dump-public title=\"Runtime added dynamic property\">TratName</span>\": \"<span class=sf-dump-str title=\"16 characters\">TermoDestrucci&#243;n</span>\"
      +\"<span class=sf-dump-public title=\"Runtime added dynamic property\">ID_Trat</span>\": <span class=sf-dump-num>1</span>
      +\"<span class=sf-dump-public title=\"Runtime added dynamic property\">CliShortName</span>\": \"<span class=sf-dump-str title=\"17 characters\">Prosarc S.A. ESP.</span>\"
      +\"<span class=sf-dump-public title=\"Runtime added dynamic property\">pretratamientosSelected</span>\": <span class=sf-dump-note title=\"Illuminate\\Database\\Eloquent\\Collection
\"><span class=\"sf-dump-ellipsis sf-dump-ellipsis-note\">Illuminate\\Database\\Eloquent</span><span class=\"sf-dump-ellipsis sf-dump-ellipsis-note\">\\</span>Collection</span> {<a class=sf-dump-ref>#2273</a> &#8230;2}
      +\"<span class=sf-dump-public title=\"Runtime added dynamic property\">tarifa</span>\": <span class=sf-dump-note title=\"App\\Tarifa
\"><span class=\"sf-dump-ellipsis sf-dump-ellipsis-note\">App</span><span class=\"sf-dump-ellipsis sf-dump-ellipsis-note\">\\</span>Tarifa</span> {<a class=sf-dump-ref>#2287</a> &#8230;30}
      +\"<span class=sf-dump-public title=\"Runtime added dynamic property\">ctarifa</span>\": <span class=sf-dump-const>null</span>
      +\"<span class=sf-dump-public title=\"Runtime added dynamic property\">SolResRM2</span>\": <span class=sf-dump-const>null</span>
    </samp>}
    <span class=sf-dump-index>3</span> => {<a class=sf-dump-ref>#2198</a><samp data-depth=3 class=sf-dump-compact>
      +\"<span class=sf-dump-public title=\"Runtime added dynamic property\">ID_SolRes</span>\": <span class=sf-dump-num>41692</span>
      +\"<span class=sf-dump-public title=\"Runtime added dynamic property\">SolResKgEnviado</span>\": \"<span class=sf-dump-str title=\"4 characters\">1.20</span>\"
      +\"<span class=sf-dump-public title=\"Runtime added dynamic property\">SolResKgRecibido</span>\": \"<span class=sf-dump-str title=\"4 characters\">0.00</span>\"
      +\"<span class=sf-dump-public title=\"Runtime added dynamic property\">SolResKgConciliado</span>\": \"<span class=sf-dump-str title=\"4 characters\">0.00</span>\"
      +\"<span class=sf-dump-public title=\"Runtime added dynamic property\">SolResKgTratado</span>\": \"<span class=sf-dump-str title=\"4 characters\">0.00</span>\"
      +\"<span class=sf-dump-public title=\"Runtime added dynamic property\">created_at</span>\": \"<span class=sf-dump-str title=\"19 characters\">2021-01-08 13:43:36</span>\"
      +\"<span class=sf-dump-public title=\"Runtime added dynamic property\">updated_at</span>\": \"<span class=sf-dump-str title=\"19 characters\">2021-04-07 19:12:51</span>\"
      +\"<span class=sf-dump-public title=\"Runtime added dynamic property\">SolResDelete</span>\": <span class=sf-dump-num>0</span>
      +\"<span class=sf-dump-public title=\"Runtime added dynamic property\">SolResSlug</span>\": \"<span class=sf-dump-str title=\"64 characters\">f7ffa81f77933ef69fc685482ed61a4f288288608276b09f33e4ff05a604e960</span>\"
      +\"<span class=sf-dump-public title=\"Runtime added dynamic property\">FK_SolResSolSer</span>\": <span class=sf-dump-num>46367</span>
      +\"<span class=sf-dump-public title=\"Runtime added dynamic property\">SolResTypeUnidad</span>\": <span class=sf-dump-const>null</span>
      +\"<span class=sf-dump-public title=\"Runtime added dynamic property\">SolResCantiUnidad</span>\": <span class=sf-dump-const>null</span>
      +\"<span class=sf-dump-public title=\"Runtime added dynamic property\">SolResEmbalaje</span>\": \"<span class=sf-dump-str title=\"12 characters\">Sacos/Bolsas</span>\"
      +\"<span class=sf-dump-public title=\"Runtime added dynamic property\">SolResAlto</span>\": <span class=sf-dump-const>null</span>
      +\"<span class=sf-dump-public title=\"Runtime added dynamic property\">SolResAncho</span>\": <span class=sf-dump-const>null</span>
      +\"<span class=sf-dump-public title=\"Runtime added dynamic property\">SolResProfundo</span>\": <span class=sf-dump-const>null</span>
      +\"<span class=sf-dump-public title=\"Runtime added dynamic property\">SolResFotoDescargue_Pesaje</span>\": <span class=sf-dump-num>0</span>
      +\"<span class=sf-dump-public title=\"Runtime added dynamic property\">SolResFotoTratamiento</span>\": <span class=sf-dump-num>0</span>
      +\"<span class=sf-dump-public title=\"Runtime added dynamic property\">SolResVideoDescargue_Pesaje</span>\": <span class=sf-dump-num>0</span>
      +\"<span class=sf-dump-public title=\"Runtime added dynamic property\">SolResVideoTratamiento</span>\": <span class=sf-dump-num>0</span>
      +\"<span class=sf-dump-public title=\"Runtime added dynamic property\">FK_SolResRg</span>\": <span class=sf-dump-num>1846</span>
      +\"<span class=sf-dump-public title=\"Runtime added dynamic property\">SolResCantiUnidadRecibida</span>\": <span class=sf-dump-const>null</span>
      +\"<span class=sf-dump-public title=\"Runtime added dynamic property\">SolResCantiUnidadConciliada</span>\": <span class=sf-dump-const>null</span>
      +\"<span class=sf-dump-public title=\"Runtime added dynamic property\">SolResCantiUnidadTratada</span>\": <span class=sf-dump-const>null</span>
      +\"<span class=sf-dump-public title=\"Runtime added dynamic property\">SolResDevolucion</span>\": <span class=sf-dump-num>0</span>
      +\"<span class=sf-dump-public title=\"Runtime added dynamic property\">SolResDevolCantidad</span>\": \"<span class=sf-dump-str>0</span>\"
      +\"<span class=sf-dump-public title=\"Runtime added dynamic property\">SolResAuditoria</span>\": <span class=sf-dump-num>0</span>
      +\"<span class=sf-dump-public title=\"Runtime added dynamic property\">SolResAuditoriaTipo</span>\": \"<span class=sf-dump-str>0</span>\"
      +\"<span class=sf-dump-public title=\"Runtime added dynamic property\">SolResPrecio</span>\": \"<span class=sf-dump-str title=\"4 characters\">0.00</span>\"
      +\"<span class=sf-dump-public title=\"Runtime added dynamic property\">FK_SolResRequerimiento</span>\": <span class=sf-dump-num>62292</span>
      +\"<span class=sf-dump-public title=\"Runtime added dynamic property\">SolResRM</span>\": <span class=sf-dump-const>null</span>
      +\"<span class=sf-dump-public title=\"Runtime added dynamic property\">auto_SolResFotoDescargue_Pesaje</span>\": <span class=sf-dump-num>0</span>
      +\"<span class=sf-dump-public title=\"Runtime added dynamic property\">auto_SolResFotoTratamiento</span>\": <span class=sf-dump-num>0</span>
      +\"<span class=sf-dump-public title=\"Runtime added dynamic property\">auto_SolResVideoDescargue_Pesaje</span>\": <span class=sf-dump-num>0</span>
      +\"<span class=sf-dump-public title=\"Runtime added dynamic property\">auto_SolResVideoTratamiento</span>\": <span class=sf-dump-num>0</span>
      +\"<span class=sf-dump-public title=\"Runtime added dynamic property\">auto_SolResDevolucion</span>\": <span class=sf-dump-num>0</span>
      +\"<span class=sf-dump-public title=\"Runtime added dynamic property\">auto_SolResAuditoria</span>\": <span class=sf-dump-num>0</span>
      +\"<span class=sf-dump-public title=\"Runtime added dynamic property\">SolResTypePrecio</span>\": <span class=sf-dump-num>0</span>
      +\"<span class=sf-dump-public title=\"Runtime added dynamic property\">FK_SGener</span>\": <span class=sf-dump-num>408</span>
      +\"<span class=sf-dump-public title=\"Runtime added dynamic property\">ID_Respel</span>\": <span class=sf-dump-num>1200</span>
      +\"<span class=sf-dump-public title=\"Runtime added dynamic property\">RespelName</span>\": \"<span class=sf-dump-str title=\"17 characters\">RESIDUOS QU&#205;MICOS</span>\"
      +\"<span class=sf-dump-public title=\"Runtime added dynamic property\">RespelDescrip</span>\": \"<span class=sf-dump-str title=\"76 characters\">ENVASES CON RESTOS DE PRODUCTOS QU&#205;MICOS Y MATERIAL CONTAMINADO CON RECTIVOS</span>\"
      +\"<span class=sf-dump-public title=\"Runtime added dynamic property\">YRespelClasf4741</span>\": <span class=sf-dump-const>null</span>
      +\"<span class=sf-dump-public title=\"Runtime added dynamic property\">ARespelClasf4741</span>\": \"<span class=sf-dump-str title=\"5 characters\">A4140</span>\"
      +\"<span class=sf-dump-public title=\"Runtime added dynamic property\">RespelIgrosidad</span>\": \"<span class=sf-dump-str title=\"6 characters\">Toxico</span>\"
      +\"<span class=sf-dump-public title=\"Runtime added dynamic property\">RespelEstado</span>\": \"<span class=sf-dump-str title=\"6 characters\">S&#243;lido</span>\"
      +\"<span class=sf-dump-public title=\"Runtime added dynamic property\">RespelHojaSeguridad</span>\": \"<span class=sf-dump-str title=\"68 characters\">40f2482e6001439c200976f6f12266154f3d8940ec99221eb91ce99e5e2359de.pdf</span>\"
      +\"<span class=sf-dump-public title=\"Runtime added dynamic property\">RespelTarj</span>\": \"<span class=sf-dump-str title=\"68 characters\">449a98b0200b015f0a4b4fcaef74f5640be9d17182a1b66b11fed73d4b394a88.pdf</span>\"
      +\"<span class=sf-dump-public title=\"Runtime added dynamic property\">RespelStatus</span>\": \"<span class=sf-dump-str title=\"8 characters\">Aprobado</span>\"
      +\"<span class=sf-dump-public title=\"Runtime added dynamic property\">RespelSlug</span>\": \"<span class=sf-dump-str title=\"64 characters\">ba1d21855ae2bfd3b9ac27db2f5a8641e0bc7c1fe64a5394ddaf63086035884b</span>\"
      +\"<span class=sf-dump-public title=\"Runtime added dynamic property\">RespelDelete</span>\": <span class=sf-dump-num>0</span>
      +\"<span class=sf-dump-public title=\"Runtime added dynamic property\">FK_RespelCoti</span>\": <span class=sf-dump-num>1192</span>
      +\"<span class=sf-dump-public title=\"Runtime added dynamic property\">RespelFoto</span>\": \"<span class=sf-dump-str title=\"21 characters\">RespelFotoDefault.png</span>\"
      +\"<span class=sf-dump-public title=\"Runtime added dynamic property\">SustanciaControlada</span>\": <span class=sf-dump-num>0</span>
      +\"<span class=sf-dump-public title=\"Runtime added dynamic property\">SustanciaControladaTipo</span>\": <span class=sf-dump-num>1</span>
      +\"<span class=sf-dump-public title=\"Runtime added dynamic property\">SustanciaControladaNombre</span>\": \"<span class=sf-dump-str title=\"35 characters\">Aceite combustible para motor- ACPM</span>\"
      +\"<span class=sf-dump-public title=\"Runtime added dynamic property\">SustanciaControladaDocumento</span>\": <span class=sf-dump-const>null</span>
      +\"<span class=sf-dump-public title=\"Runtime added dynamic property\">RespelDeclaracion</span>\": <span class=sf-dump-num>1</span>
      +\"<span class=sf-dump-public title=\"Runtime added dynamic property\">AceiteUsado</span>\": <span class=sf-dump-num>0</span>
      +\"<span class=sf-dump-public title=\"Runtime added dynamic property\">RespelStatusDescription</span>\": <span class=sf-dump-const>null</span>
      +\"<span class=sf-dump-public title=\"Runtime added dynamic property\">RespelPublic</span>\": <span class=sf-dump-num>0</span>
      +\"<span class=sf-dump-public title=\"Runtime added dynamic property\">FK_SubCategoryRP</span>\": <span class=sf-dump-const>null</span>
      +\"<span class=sf-dump-public title=\"Runtime added dynamic property\">ID_Req</span>\": <span class=sf-dump-num>62292</span>
      +\"<span class=sf-dump-public title=\"Runtime added dynamic property\">TratName</span>\": \"<span class=sf-dump-str title=\"16 characters\">TermoDestrucci&#243;n</span>\"
      +\"<span class=sf-dump-public title=\"Runtime added dynamic property\">ID_Trat</span>\": <span class=sf-dump-num>1</span>
      +\"<span class=sf-dump-public title=\"Runtime added dynamic property\">CliShortName</span>\": \"<span class=sf-dump-str title=\"17 characters\">Prosarc S.A. ESP.</span>\"
      +\"<span class=sf-dump-public title=\"Runtime added dynamic property\">pretratamientosSelected</span>\": <span class=sf-dump-note title=\"Illuminate\\Database\\Eloquent\\Collection
\"><span class=\"sf-dump-ellipsis sf-dump-ellipsis-note\">Illuminate\\Database\\Eloquent</span><span class=\"sf-dump-ellipsis sf-dump-ellipsis-note\">\\</span>Collection</span> {<a class=sf-dump-ref>#2304</a> &#8230;2}
      +\"<span class=sf-dump-public title=\"Runtime added dynamic property\">tarifa</span>\": <span class=sf-dump-note title=\"App\\Tarifa
\"><span class=\"sf-dump-ellipsis sf-dump-ellipsis-note\">App</span><span class=\"sf-dump-ellipsis sf-dump-ellipsis-note\">\\</span>Tarifa</span> {<a class=sf-dump-ref>#2318</a> &#8230;30}
      +\"<span class=sf-dump-public title=\"Runtime added dynamic property\">ctarifa</span>\": <span class=sf-dump-const>null</span>
      +\"<span class=sf-dump-public title=\"Runtime added dynamic property\">SolResRM2</span>\": <span class=sf-dump-const>null</span>
    </samp>}
    <span class=sf-dump-index>4</span> => {<a class=sf-dump-ref>#2200</a><samp data-depth=3 class=sf-dump-compact>
      +\"<span class=sf-dump-public title=\"Runtime added dynamic property\">ID_SolRes</span>\": <span class=sf-dump-num>41693</span>
      +\"<span class=sf-dump-public title=\"Runtime added dynamic property\">SolResKgEnviado</span>\": \"<span class=sf-dump-str title=\"4 characters\">1.20</span>\"
      +\"<span class=sf-dump-public title=\"Runtime added dynamic property\">SolResKgRecibido</span>\": \"<span class=sf-dump-str title=\"4 characters\">0.00</span>\"
      +\"<span class=sf-dump-public title=\"Runtime added dynamic property\">SolResKgConciliado</span>\": \"<span class=sf-dump-str title=\"4 characters\">0.00</span>\"
      +\"<span class=sf-dump-public title=\"Runtime added dynamic property\">SolResKgTratado</span>\": \"<span class=sf-dump-str title=\"4 characters\">0.00</span>\"
      +\"<span class=sf-dump-public title=\"Runtime added dynamic property\">created_at</span>\": \"<span class=sf-dump-str title=\"19 characters\">2020-10-26 16:28:27</span>\"
      +\"<span class=sf-dump-public title=\"Runtime added dynamic property\">updated_at</span>\": \"<span class=sf-dump-str title=\"19 characters\">2021-04-07 19:12:12</span>\"
      +\"<span class=sf-dump-public title=\"Runtime added dynamic property\">SolResDelete</span>\": <span class=sf-dump-num>0</span>
      +\"<span class=sf-dump-public title=\"Runtime added dynamic property\">SolResSlug</span>\": \"<span class=sf-dump-str title=\"64 characters\">b28692ffdda6d130c1b342a57347fd3d77c0684aad13dbe33284628b8f12d746</span>\"
      +\"<span class=sf-dump-public title=\"Runtime added dynamic property\">FK_SolResSolSer</span>\": <span class=sf-dump-num>46367</span>
      +\"<span class=sf-dump-public title=\"Runtime added dynamic property\">SolResTypeUnidad</span>\": <span class=sf-dump-const>null</span>
      +\"<span class=sf-dump-public title=\"Runtime added dynamic property\">SolResCantiUnidad</span>\": <span class=sf-dump-const>null</span>
      +\"<span class=sf-dump-public title=\"Runtime added dynamic property\">SolResEmbalaje</span>\": \"<span class=sf-dump-str title=\"15 characters\">Bidones Grandes</span>\"
      +\"<span class=sf-dump-public title=\"Runtime added dynamic property\">SolResAlto</span>\": <span class=sf-dump-const>null</span>
      +\"<span class=sf-dump-public title=\"Runtime added dynamic property\">SolResAncho</span>\": <span class=sf-dump-const>null</span>
      +\"<span class=sf-dump-public title=\"Runtime added dynamic property\">SolResProfundo</span>\": <span class=sf-dump-const>null</span>
      +\"<span class=sf-dump-public title=\"Runtime added dynamic property\">SolResFotoDescargue_Pesaje</span>\": <span class=sf-dump-num>0</span>
      +\"<span class=sf-dump-public title=\"Runtime added dynamic property\">SolResFotoTratamiento</span>\": <span class=sf-dump-num>0</span>
      +\"<span class=sf-dump-public title=\"Runtime added dynamic property\">SolResVideoDescargue_Pesaje</span>\": <span class=sf-dump-num>0</span>
      +\"<span class=sf-dump-public title=\"Runtime added dynamic property\">SolResVideoTratamiento</span>\": <span class=sf-dump-num>0</span>
      +\"<span class=sf-dump-public title=\"Runtime added dynamic property\">FK_SolResRg</span>\": <span class=sf-dump-num>1820</span>
      +\"<span class=sf-dump-public title=\"Runtime added dynamic property\">SolResCantiUnidadRecibida</span>\": <span class=sf-dump-const>null</span>
      +\"<span class=sf-dump-public title=\"Runtime added dynamic property\">SolResCantiUnidadConciliada</span>\": <span class=sf-dump-const>null</span>
      +\"<span class=sf-dump-public title=\"Runtime added dynamic property\">SolResCantiUnidadTratada</span>\": <span class=sf-dump-const>null</span>
      +\"<span class=sf-dump-public title=\"Runtime added dynamic property\">SolResDevolucion</span>\": <span class=sf-dump-num>0</span>
      +\"<span class=sf-dump-public title=\"Runtime added dynamic property\">SolResDevolCantidad</span>\": \"<span class=sf-dump-str>0</span>\"
      +\"<span class=sf-dump-public title=\"Runtime added dynamic property\">SolResAuditoria</span>\": <span class=sf-dump-num>0</span>
      +\"<span class=sf-dump-public title=\"Runtime added dynamic property\">SolResAuditoriaTipo</span>\": \"<span class=sf-dump-str>0</span>\"
      +\"<span class=sf-dump-public title=\"Runtime added dynamic property\">SolResPrecio</span>\": \"<span class=sf-dump-str title=\"4 characters\">0.00</span>\"
      +\"<span class=sf-dump-public title=\"Runtime added dynamic property\">FK_SolResRequerimiento</span>\": <span class=sf-dump-num>62293</span>
      +\"<span class=sf-dump-public title=\"Runtime added dynamic property\">SolResRM</span>\": <span class=sf-dump-const>null</span>
      +\"<span class=sf-dump-public title=\"Runtime added dynamic property\">auto_SolResFotoDescargue_Pesaje</span>\": <span class=sf-dump-num>0</span>
      +\"<span class=sf-dump-public title=\"Runtime added dynamic property\">auto_SolResFotoTratamiento</span>\": <span class=sf-dump-num>0</span>
      +\"<span class=sf-dump-public title=\"Runtime added dynamic property\">auto_SolResVideoDescargue_Pesaje</span>\": <span class=sf-dump-num>0</span>
      +\"<span class=sf-dump-public title=\"Runtime added dynamic property\">auto_SolResVideoTratamiento</span>\": <span class=sf-dump-num>0</span>
      +\"<span class=sf-dump-public title=\"Runtime added dynamic property\">auto_SolResDevolucion</span>\": <span class=sf-dump-num>0</span>
      +\"<span class=sf-dump-public title=\"Runtime added dynamic property\">auto_SolResAuditoria</span>\": <span class=sf-dump-num>0</span>
      +\"<span class=sf-dump-public title=\"Runtime added dynamic property\">SolResTypePrecio</span>\": <span class=sf-dump-num>0</span>
      +\"<span class=sf-dump-public title=\"Runtime added dynamic property\">FK_SGener</span>\": <span class=sf-dump-num>408</span>
      +\"<span class=sf-dump-public title=\"Runtime added dynamic property\">ID_Respel</span>\": <span class=sf-dump-num>671</span>
      +\"<span class=sf-dump-public title=\"Runtime added dynamic property\">RespelName</span>\": \"<span class=sf-dump-str title=\"44 characters\">Residuo L&#237;quido con reactivos de laboratorio</span>\"
      +\"<span class=sf-dump-public title=\"Runtime added dynamic property\">RespelDescrip</span>\": \"<span class=sf-dump-str title=\"128 characters\">Residuo en estado l&#237;quido con caracter&#237;sticas de peligrosidad, incoloro, estable, almacenado en bidones de pl&#225;stico de 60 litros</span>\"
      +\"<span class=sf-dump-public title=\"Runtime added dynamic property\">YRespelClasf4741</span>\": <span class=sf-dump-const>null</span>
      +\"<span class=sf-dump-public title=\"Runtime added dynamic property\">ARespelClasf4741</span>\": \"<span class=sf-dump-str title=\"5 characters\">A4140</span>\"
      +\"<span class=sf-dump-public title=\"Runtime added dynamic property\">RespelIgrosidad</span>\": \"<span class=sf-dump-str title=\"6 characters\">Toxico</span>\"
      +\"<span class=sf-dump-public title=\"Runtime added dynamic property\">RespelEstado</span>\": \"<span class=sf-dump-str title=\"7 characters\">L&#237;quido</span>\"
      +\"<span class=sf-dump-public title=\"Runtime added dynamic property\">RespelHojaSeguridad</span>\": \"<span class=sf-dump-str title=\"68 characters\">6c8edea987a0c3c1ab40b12e985973a174f87cbd2849287989e36816adb556f8.pdf</span>\"
      +\"<span class=sf-dump-public title=\"Runtime added dynamic property\">RespelTarj</span>\": \"<span class=sf-dump-str title=\"68 characters\">f3d677598eceab4a0c765a1d865924338ce901b639ab3294988bc51c7f35059e.pdf</span>\"
      +\"<span class=sf-dump-public title=\"Runtime added dynamic property\">RespelStatus</span>\": \"<span class=sf-dump-str title=\"8 characters\">Aprobado</span>\"
      +\"<span class=sf-dump-public title=\"Runtime added dynamic property\">RespelSlug</span>\": \"<span class=sf-dump-str title=\"64 characters\">513c622bc3b954e93177db76b92403f2889316d32848d65adad0c06e59effbb2</span>\"
      +\"<span class=sf-dump-public title=\"Runtime added dynamic property\">RespelDelete</span>\": <span class=sf-dump-num>0</span>
      +\"<span class=sf-dump-public title=\"Runtime added dynamic property\">FK_RespelCoti</span>\": <span class=sf-dump-num>663</span>
      +\"<span class=sf-dump-public title=\"Runtime added dynamic property\">RespelFoto</span>\": \"<span class=sf-dump-str title=\"68 characters\">f3f0dd0f305fb24ec35adc52e7992a875a6b27933c07824779e28c283a7ebdcd.png</span>\"
      +\"<span class=sf-dump-public title=\"Runtime added dynamic property\">SustanciaControlada</span>\": <span class=sf-dump-num>0</span>
      +\"<span class=sf-dump-public title=\"Runtime added dynamic property\">SustanciaControladaTipo</span>\": <span class=sf-dump-num>1</span>
      +\"<span class=sf-dump-public title=\"Runtime added dynamic property\">SustanciaControladaNombre</span>\": \"<span class=sf-dump-str title=\"35 characters\">Aceite combustible para motor- ACPM</span>\"
      +\"<span class=sf-dump-public title=\"Runtime added dynamic property\">SustanciaControladaDocumento</span>\": <span class=sf-dump-const>null</span>
      +\"<span class=sf-dump-public title=\"Runtime added dynamic property\">RespelDeclaracion</span>\": <span class=sf-dump-num>1</span>
      +\"<span class=sf-dump-public title=\"Runtime added dynamic property\">AceiteUsado</span>\": <span class=sf-dump-num>0</span>
      +\"<span class=sf-dump-public title=\"Runtime added dynamic property\">RespelStatusDescription</span>\": <span class=sf-dump-const>null</span>
      +\"<span class=sf-dump-public title=\"Runtime added dynamic property\">RespelPublic</span>\": <span class=sf-dump-num>0</span>
      +\"<span class=sf-dump-public title=\"Runtime added dynamic property\">FK_SubCategoryRP</span>\": <span class=sf-dump-const>null</span>
      +\"<span class=sf-dump-public title=\"Runtime added dynamic property\">ID_Req</span>\": <span class=sf-dump-num>62293</span>
      +\"<span class=sf-dump-public title=\"Runtime added dynamic property\">TratName</span>\": \"<span class=sf-dump-str title=\"16 characters\">TermoDestrucci&#243;n</span>\"
      +\"<span class=sf-dump-public title=\"Runtime added dynamic property\">ID_Trat</span>\": <span class=sf-dump-num>1</span>
      +\"<span class=sf-dump-public title=\"Runtime added dynamic property\">CliShortName</span>\": \"<span class=sf-dump-str title=\"17 characters\">Prosarc S.A. ESP.</span>\"
      +\"<span class=sf-dump-public title=\"Runtime added dynamic property\">pretratamientosSelected</span>\": <span class=sf-dump-note title=\"Illuminate\\Database\\Eloquent\\Collection
\"><span class=\"sf-dump-ellipsis sf-dump-ellipsis-note\">Illuminate\\Database\\Eloquent</span><span class=\"sf-dump-ellipsis sf-dump-ellipsis-note\">\\</span>Collection</span> {<a class=sf-dump-ref>#2335</a> &#8230;2}
      +\"<span class=sf-dump-public title=\"Runtime added dynamic property\">tarifa</span>\": <span class=sf-dump-note title=\"App\\Tarifa
\"><span class=\"sf-dump-ellipsis sf-dump-ellipsis-note\">App</span><span class=\"sf-dump-ellipsis sf-dump-ellipsis-note\">\\</span>Tarifa</span> {<a class=sf-dump-ref>#2349</a> &#8230;30}
      +\"<span class=sf-dump-public title=\"Runtime added dynamic property\">ctarifa</span>\": <span class=sf-dump-const>null</span>
      +\"<span class=sf-dump-public title=\"Runtime added dynamic property\">SolResRM2</span>\": <span class=sf-dump-const>null</span>
    </samp>}
    <span class=sf-dump-index>5</span> => {<a class=sf-dump-ref>#2201</a><samp data-depth=3 class=sf-dump-compact>
      +\"<span class=sf-dump-public title=\"Runtime added dynamic property\">ID_SolRes</span>\": <span class=sf-dump-num>41698</span>
      +\"<span class=sf-dump-public title=\"Runtime added dynamic property\">SolResKgEnviado</span>\": \"<span class=sf-dump-str title=\"4 characters\">3.00</span>\"
      +\"<span class=sf-dump-public title=\"Runtime added dynamic property\">SolResKgRecibido</span>\": \"<span class=sf-dump-str title=\"4 characters\">0.00</span>\"
      +\"<span class=sf-dump-public title=\"Runtime added dynamic property\">SolResKgConciliado</span>\": \"<span class=sf-dump-str title=\"4 characters\">0.00</span>\"
      +\"<span class=sf-dump-public title=\"Runtime added dynamic property\">SolResKgTratado</span>\": \"<span class=sf-dump-str title=\"4 characters\">0.00</span>\"
      +\"<span class=sf-dump-public title=\"Runtime added dynamic property\">created_at</span>\": \"<span class=sf-dump-str title=\"19 characters\">2022-09-12 09:29:00</span>\"
      +\"<span class=sf-dump-public title=\"Runtime added dynamic property\">updated_at</span>\": \"<span class=sf-dump-str title=\"19 characters\">2022-09-14 09:59:47</span>\"
      +\"<span class=sf-dump-public title=\"Runtime added dynamic property\">SolResDelete</span>\": <span class=sf-dump-num>0</span>
      +\"<span class=sf-dump-public title=\"Runtime added dynamic property\">SolResSlug</span>\": \"<span class=sf-dump-str title=\"64 characters\">1464034fca0865b2e0ba5b08308fe17fb318c8c3a30df856c360e8aff8856d9d</span>\"
      +\"<span class=sf-dump-public title=\"Runtime added dynamic property\">FK_SolResSolSer</span>\": <span class=sf-dump-num>46367</span>
      +\"<span class=sf-dump-public title=\"Runtime added dynamic property\">SolResTypeUnidad</span>\": <span class=sf-dump-const>null</span>
      +\"<span class=sf-dump-public title=\"Runtime added dynamic property\">SolResCantiUnidad</span>\": <span class=sf-dump-const>null</span>
      +\"<span class=sf-dump-public title=\"Runtime added dynamic property\">SolResEmbalaje</span>\": \"<span class=sf-dump-str title=\"12 characters\">Sacos/Bolsas</span>\"
      +\"<span class=sf-dump-public title=\"Runtime added dynamic property\">SolResAlto</span>\": <span class=sf-dump-const>null</span>
      +\"<span class=sf-dump-public title=\"Runtime added dynamic property\">SolResAncho</span>\": <span class=sf-dump-const>null</span>
      +\"<span class=sf-dump-public title=\"Runtime added dynamic property\">SolResProfundo</span>\": <span class=sf-dump-const>null</span>
      +\"<span class=sf-dump-public title=\"Runtime added dynamic property\">SolResFotoDescargue_Pesaje</span>\": <span class=sf-dump-num>0</span>
      +\"<span class=sf-dump-public title=\"Runtime added dynamic property\">SolResFotoTratamiento</span>\": <span class=sf-dump-num>0</span>
      +\"<span class=sf-dump-public title=\"Runtime added dynamic property\">SolResVideoDescargue_Pesaje</span>\": <span class=sf-dump-num>0</span>
      +\"<span class=sf-dump-public title=\"Runtime added dynamic property\">SolResVideoTratamiento</span>\": <span class=sf-dump-num>0</span>
      +\"<span class=sf-dump-public title=\"Runtime added dynamic property\">FK_SolResRg</span>\": <span class=sf-dump-num>23233</span>
      +\"<span class=sf-dump-public title=\"Runtime added dynamic property\">SolResCantiUnidadRecibida</span>\": <span class=sf-dump-const>null</span>
      +\"<span class=sf-dump-public title=\"Runtime added dynamic property\">SolResCantiUnidadConciliada</span>\": <span class=sf-dump-const>null</span>
      +\"<span class=sf-dump-public title=\"Runtime added dynamic property\">SolResCantiUnidadTratada</span>\": <span class=sf-dump-const>null</span>
      +\"<span class=sf-dump-public title=\"Runtime added dynamic property\">SolResDevolucion</span>\": <span class=sf-dump-num>0</span>
      +\"<span class=sf-dump-public title=\"Runtime added dynamic property\">SolResDevolCantidad</span>\": \"<span class=sf-dump-str>0</span>\"
      +\"<span class=sf-dump-public title=\"Runtime added dynamic property\">SolResAuditoria</span>\": <span class=sf-dump-num>0</span>
      +\"<span class=sf-dump-public title=\"Runtime added dynamic property\">SolResAuditoriaTipo</span>\": <span class=sf-dump-const>null</span>
      +\"<span class=sf-dump-public title=\"Runtime added dynamic property\">SolResPrecio</span>\": \"<span class=sf-dump-str title=\"4 characters\">0.00</span>\"
      +\"<span class=sf-dump-public title=\"Runtime added dynamic property\">FK_SolResRequerimiento</span>\": <span class=sf-dump-num>62353</span>
      +\"<span class=sf-dump-public title=\"Runtime added dynamic property\">SolResRM</span>\": <span class=sf-dump-const>null</span>
      +\"<span class=sf-dump-public title=\"Runtime added dynamic property\">auto_SolResFotoDescargue_Pesaje</span>\": <span class=sf-dump-num>0</span>
      +\"<span class=sf-dump-public title=\"Runtime added dynamic property\">auto_SolResFotoTratamiento</span>\": <span class=sf-dump-num>0</span>
      +\"<span class=sf-dump-public title=\"Runtime added dynamic property\">auto_SolResVideoDescargue_Pesaje</span>\": <span class=sf-dump-num>0</span>
      +\"<span class=sf-dump-public title=\"Runtime added dynamic property\">auto_SolResVideoTratamiento</span>\": <span class=sf-dump-num>0</span>
      +\"<span class=sf-dump-public title=\"Runtime added dynamic property\">auto_SolResDevolucion</span>\": <span class=sf-dump-num>0</span>
      +\"<span class=sf-dump-public title=\"Runtime added dynamic property\">auto_SolResAuditoria</span>\": <span class=sf-dump-num>0</span>
      +\"<span class=sf-dump-public title=\"Runtime added dynamic property\">SolResTypePrecio</span>\": <span class=sf-dump-num>0</span>
      +\"<span class=sf-dump-public title=\"Runtime added dynamic property\">FK_SGener</span>\": <span class=sf-dump-num>408</span>
      +\"<span class=sf-dump-public title=\"Runtime added dynamic property\">ID_Respel</span>\": <span class=sf-dump-num>20761</span>
      +\"<span class=sf-dump-public title=\"Runtime added dynamic property\">RespelName</span>\": \"<span class=sf-dump-str title=\"24 characters\">amoniaco para uso m&#233;dico</span>\"
      +\"<span class=sf-dump-public title=\"Runtime added dynamic property\">RespelDescrip</span>\": \"<span class=sf-dump-str title=\"27 characters\">Amoniaco presentaci&#243;n 100ml</span>\"
      +\"<span class=sf-dump-public title=\"Runtime added dynamic property\">YRespelClasf4741</span>\": \"<span class=sf-dump-str title=\"3 characters\">Y35</span>\"
      +\"<span class=sf-dump-public title=\"Runtime added dynamic property\">ARespelClasf4741</span>\": <span class=sf-dump-const>null</span>
      +\"<span class=sf-dump-public title=\"Runtime added dynamic property\">RespelIgrosidad</span>\": \"<span class=sf-dump-str title=\"9 characters\">Corrosivo</span>\"
      +\"<span class=sf-dump-public title=\"Runtime added dynamic property\">RespelEstado</span>\": \"<span class=sf-dump-str title=\"7 characters\">L&#237;quido</span>\"
      +\"<span class=sf-dump-public title=\"Runtime added dynamic property\">RespelHojaSeguridad</span>\": \"<span class=sf-dump-str title=\"68 characters\">c95d24a341caf4db7139cf795853d2d3c69452bb0ac9bb9054f2fab3fc3910b0.pdf</span>\"
      +\"<span class=sf-dump-public title=\"Runtime added dynamic property\">RespelTarj</span>\": \"<span class=sf-dump-str title=\"68 characters\">4adb42a243c23838f16878ba9eb76101ede295fc84d7e9f3add831ba41dbb567.pdf</span>\"
      +\"<span class=sf-dump-public title=\"Runtime added dynamic property\">RespelStatus</span>\": \"<span class=sf-dump-str title=\"8 characters\">Aprobado</span>\"
      +\"<span class=sf-dump-public title=\"Runtime added dynamic property\">RespelSlug</span>\": \"<span class=sf-dump-str title=\"64 characters\">dd4f9e83d70ff6ec98d6454b5d58a0cd8d39c8540973b00789b7e71505a69e5b</span>\"
      +\"<span class=sf-dump-public title=\"Runtime added dynamic property\">RespelDelete</span>\": <span class=sf-dump-num>0</span>
      +\"<span class=sf-dump-public title=\"Runtime added dynamic property\">FK_RespelCoti</span>\": <span class=sf-dump-num>4575</span>
      +\"<span class=sf-dump-public title=\"Runtime added dynamic property\">RespelFoto</span>\": \"<span class=sf-dump-str title=\"68 characters\">6c5b1d2970f84fc7589f4f7a85dfbe929b2c15e0cf37c21c13e1ee5b6c024a8b.png</span>\"
      +\"<span class=sf-dump-public title=\"Runtime added dynamic property\">SustanciaControlada</span>\": <span class=sf-dump-num>0</span>
      +\"<span class=sf-dump-public title=\"Runtime added dynamic property\">SustanciaControladaTipo</span>\": <span class=sf-dump-num>1</span>
      +\"<span class=sf-dump-public title=\"Runtime added dynamic property\">SustanciaControladaNombre</span>\": \"<span class=sf-dump-str title=\"35 characters\">Aceite combustible para motor- ACPM</span>\"
      +\"<span class=sf-dump-public title=\"Runtime added dynamic property\">SustanciaControladaDocumento</span>\": <span class=sf-dump-const>null</span>
      +\"<span class=sf-dump-public title=\"Runtime added dynamic property\">RespelDeclaracion</span>\": <span class=sf-dump-num>1</span>
      +\"<span class=sf-dump-public title=\"Runtime added dynamic property\">AceiteUsado</span>\": <span class=sf-dump-num>0</span>
      +\"<span class=sf-dump-public title=\"Runtime added dynamic property\">RespelStatusDescription</span>\": \"\"\"
        <span class=sf-dump-str title=\"92 characters\">Se manejan cantidades inferiores a 5 l o 5 kg. <span class=\"sf-dump-default sf-dump-ns\">\\r\\n</span></span>
        <span class=sf-dump-str title=\"92 characters\">No se requiere de CCITE. <span class=\"sf-dump-default sf-dump-ns\">\\r\\n</span></span>
        <span class=sf-dump-str title=\"92 characters\"><span class=\"sf-dump-default sf-dump-ns\">\\r\\n</span></span>
        <span class=sf-dump-str title=\"92 characters\">Aprobado VHVP.</span>
        \"\"\"
      +\"<span class=sf-dump-public title=\"Runtime added dynamic property\">RespelPublic</span>\": <span class=sf-dump-num>0</span>
      +\"<span class=sf-dump-public title=\"Runtime added dynamic property\">FK_SubCategoryRP</span>\": <span class=sf-dump-const>null</span>
      +\"<span class=sf-dump-public title=\"Runtime added dynamic property\">ID_Req</span>\": <span class=sf-dump-num>62353</span>
      +\"<span class=sf-dump-public title=\"Runtime added dynamic property\">TratName</span>\": \"<span class=sf-dump-str title=\"16 characters\">TermoDestrucci&#243;n</span>\"
      +\"<span class=sf-dump-public title=\"Runtime added dynamic property\">ID_Trat</span>\": <span class=sf-dump-num>1</span>
      +\"<span class=sf-dump-public title=\"Runtime added dynamic property\">CliShortName</span>\": \"<span class=sf-dump-str title=\"17 characters\">Prosarc S.A. ESP.</span>\"
      +\"<span class=sf-dump-public title=\"Runtime added dynamic property\">pretratamientosSelected</span>\": <span class=sf-dump-note title=\"Illuminate\\Database\\Eloquent\\Collection
\"><span class=\"sf-dump-ellipsis sf-dump-ellipsis-note\">Illuminate\\Database\\Eloquent</span><span class=\"sf-dump-ellipsis sf-dump-ellipsis-note\">\\</span>Collection</span> {<a class=sf-dump-ref>#2366</a> &#8230;2}
      +\"<span class=sf-dump-public title=\"Runtime added dynamic property\">tarifa</span>\": <span class=sf-dump-note title=\"App\\Tarifa
\"><span class=\"sf-dump-ellipsis sf-dump-ellipsis-note\">App</span><span class=\"sf-dump-ellipsis sf-dump-ellipsis-note\">\\</span>Tarifa</span> {<a class=sf-dump-ref>#2380</a> &#8230;30}
      +\"<span class=sf-dump-public title=\"Runtime added dynamic property\">ctarifa</span>\": <span class=sf-dump-const>null</span>
      +\"<span class=sf-dump-public title=\"Runtime added dynamic property\">SolResRM2</span>\": <span class=sf-dump-const>null</span>
    </samp>}
    <span class=sf-dump-index>6</span> => {<a class=sf-dump-ref>#2202</a><samp data-depth=3 class=sf-dump-compact>
      +\"<span class=sf-dump-public title=\"Runtime added dynamic property\">ID_SolRes</span>\": <span class=sf-dump-num>41702</span>
      +\"<span class=sf-dump-public title=\"Runtime added dynamic property\">SolResKgEnviado</span>\": \"<span class=sf-dump-str title=\"5 characters\">10.00</span>\"
      +\"<span class=sf-dump-public title=\"Runtime added dynamic property\">SolResKgRecibido</span>\": \"<span class=sf-dump-str title=\"4 characters\">0.00</span>\"
      +\"<span class=sf-dump-public title=\"Runtime added dynamic property\">SolResKgConciliado</span>\": \"<span class=sf-dump-str title=\"4 characters\">0.00</span>\"
      +\"<span class=sf-dump-public title=\"Runtime added dynamic property\">SolResKgTratado</span>\": \"<span class=sf-dump-str title=\"4 characters\">0.00</span>\"
      +\"<span class=sf-dump-public title=\"Runtime added dynamic property\">created_at</span>\": \"<span class=sf-dump-str title=\"19 characters\">2022-12-19 09:53:02</span>\"
      +\"<span class=sf-dump-public title=\"Runtime added dynamic property\">updated_at</span>\": \"<span class=sf-dump-str title=\"19 characters\">2022-12-19 11:20:11</span>\"
      +\"<span class=sf-dump-public title=\"Runtime added dynamic property\">SolResDelete</span>\": <span class=sf-dump-num>0</span>
      +\"<span class=sf-dump-public title=\"Runtime added dynamic property\">SolResSlug</span>\": \"<span class=sf-dump-str title=\"64 characters\">2331afdac5789c3bf3e72c7e722ac1e6bbe065e94af4f3035b575b49d4b53abf</span>\"
      +\"<span class=sf-dump-public title=\"Runtime added dynamic property\">FK_SolResSolSer</span>\": <span class=sf-dump-num>46367</span>
      +\"<span class=sf-dump-public title=\"Runtime added dynamic property\">SolResTypeUnidad</span>\": <span class=sf-dump-const>null</span>
      +\"<span class=sf-dump-public title=\"Runtime added dynamic property\">SolResCantiUnidad</span>\": <span class=sf-dump-const>null</span>
      +\"<span class=sf-dump-public title=\"Runtime added dynamic property\">SolResEmbalaje</span>\": \"<span class=sf-dump-str title=\"12 characters\">Sacos/Bolsas</span>\"
      +\"<span class=sf-dump-public title=\"Runtime added dynamic property\">SolResAlto</span>\": <span class=sf-dump-const>null</span>
      +\"<span class=sf-dump-public title=\"Runtime added dynamic property\">SolResAncho</span>\": <span class=sf-dump-const>null</span>
      +\"<span class=sf-dump-public title=\"Runtime added dynamic property\">SolResProfundo</span>\": <span class=sf-dump-const>null</span>
      +\"<span class=sf-dump-public title=\"Runtime added dynamic property\">SolResFotoDescargue_Pesaje</span>\": <span class=sf-dump-num>0</span>
      +\"<span class=sf-dump-public title=\"Runtime added dynamic property\">SolResFotoTratamiento</span>\": <span class=sf-dump-num>0</span>
      +\"<span class=sf-dump-public title=\"Runtime added dynamic property\">SolResVideoDescargue_Pesaje</span>\": <span class=sf-dump-num>0</span>
      +\"<span class=sf-dump-public title=\"Runtime added dynamic property\">SolResVideoTratamiento</span>\": <span class=sf-dump-num>0</span>
      +\"<span class=sf-dump-public title=\"Runtime added dynamic property\">FK_SolResRg</span>\": <span class=sf-dump-num>23855</span>
      +\"<span class=sf-dump-public title=\"Runtime added dynamic property\">SolResCantiUnidadRecibida</span>\": <span class=sf-dump-const>null</span>
      +\"<span class=sf-dump-public title=\"Runtime added dynamic property\">SolResCantiUnidadConciliada</span>\": <span class=sf-dump-const>null</span>
      +\"<span class=sf-dump-public title=\"Runtime added dynamic property\">SolResCantiUnidadTratada</span>\": <span class=sf-dump-const>null</span>
      +\"<span class=sf-dump-public title=\"Runtime added dynamic property\">SolResDevolucion</span>\": <span class=sf-dump-num>0</span>
      +\"<span class=sf-dump-public title=\"Runtime added dynamic property\">SolResDevolCantidad</span>\": \"<span class=sf-dump-str>0</span>\"
      +\"<span class=sf-dump-public title=\"Runtime added dynamic property\">SolResAuditoria</span>\": <span class=sf-dump-num>0</span>
      +\"<span class=sf-dump-public title=\"Runtime added dynamic property\">SolResAuditoriaTipo</span>\": <span class=sf-dump-const>null</span>
      +\"<span class=sf-dump-public title=\"Runtime added dynamic property\">SolResPrecio</span>\": \"<span class=sf-dump-str title=\"4 characters\">0.00</span>\"
      +\"<span class=sf-dump-public title=\"Runtime added dynamic property\">FK_SolResRequerimiento</span>\": <span class=sf-dump-num>62389</span>
      +\"<span class=sf-dump-public title=\"Runtime added dynamic property\">SolResRM</span>\": <span class=sf-dump-const>null</span>
      +\"<span class=sf-dump-public title=\"Runtime added dynamic property\">auto_SolResFotoDescargue_Pesaje</span>\": <span class=sf-dump-num>0</span>
      +\"<span class=sf-dump-public title=\"Runtime added dynamic property\">auto_SolResFotoTratamiento</span>\": <span class=sf-dump-num>0</span>
      +\"<span class=sf-dump-public title=\"Runtime added dynamic property\">auto_SolResVideoDescargue_Pesaje</span>\": <span class=sf-dump-num>0</span>
      +\"<span class=sf-dump-public title=\"Runtime added dynamic property\">auto_SolResVideoTratamiento</span>\": <span class=sf-dump-num>0</span>
      +\"<span class=sf-dump-public title=\"Runtime added dynamic property\">auto_SolResDevolucion</span>\": <span class=sf-dump-num>0</span>
      +\"<span class=sf-dump-public title=\"Runtime added dynamic property\">auto_SolResAuditoria</span>\": <span class=sf-dump-num>0</span>
      +\"<span class=sf-dump-public title=\"Runtime added dynamic property\">SolResTypePrecio</span>\": <span class=sf-dump-num>0</span>
      +\"<span class=sf-dump-public title=\"Runtime added dynamic property\">FK_SGener</span>\": <span class=sf-dump-num>408</span>
      +\"<span class=sf-dump-public title=\"Runtime added dynamic property\">ID_Respel</span>\": <span class=sf-dump-num>21565</span>
      +\"<span class=sf-dump-public title=\"Runtime added dynamic property\">RespelName</span>\": \"<span class=sf-dump-str title=\"15 characters\">Aceite Prueba 9</span>\"
      +\"<span class=sf-dump-public title=\"Runtime added dynamic property\">RespelDescrip</span>\": \"<span class=sf-dump-str title=\"15 characters\">Aceite Prueba 9</span>\"
      +\"<span class=sf-dump-public title=\"Runtime added dynamic property\">YRespelClasf4741</span>\": <span class=sf-dump-const>null</span>
      +\"<span class=sf-dump-public title=\"Runtime added dynamic property\">ARespelClasf4741</span>\": <span class=sf-dump-const>null</span>
      +\"<span class=sf-dump-public title=\"Runtime added dynamic property\">RespelIgrosidad</span>\": \"<span class=sf-dump-str title=\"12 characters\">No peligroso</span>\"
      +\"<span class=sf-dump-public title=\"Runtime added dynamic property\">RespelEstado</span>\": \"<span class=sf-dump-str title=\"6 characters\">S&#243;lido</span>\"
      +\"<span class=sf-dump-public title=\"Runtime added dynamic property\">RespelHojaSeguridad</span>\": \"<span class=sf-dump-str title=\"68 characters\">347a36c1ee4d4adc32d20d5dd7213668fca4d2e6611705bedefc1d93693bab8b.pdf</span>\"
      +\"<span class=sf-dump-public title=\"Runtime added dynamic property\">RespelTarj</span>\": \"<span class=sf-dump-str title=\"68 characters\">95cfc932490e407b9dff9c28d02bb5f0304ebe6d8980353828690d3ed842a5de.pdf</span>\"
      +\"<span class=sf-dump-public title=\"Runtime added dynamic property\">RespelStatus</span>\": \"<span class=sf-dump-str title=\"8 characters\">Aprobado</span>\"
      +\"<span class=sf-dump-public title=\"Runtime added dynamic property\">RespelSlug</span>\": \"<span class=sf-dump-str title=\"64 characters\">ea36f676bd7f5ffd2d2989f0980d7038e83f6c5f6c724db47f18c786887e3d3d</span>\"
      +\"<span class=sf-dump-public title=\"Runtime added dynamic property\">RespelDelete</span>\": <span class=sf-dump-num>0</span>
      +\"<span class=sf-dump-public title=\"Runtime added dynamic property\">FK_RespelCoti</span>\": <span class=sf-dump-num>4728</span>
      +\"<span class=sf-dump-public title=\"Runtime added dynamic property\">RespelFoto</span>\": \"<span class=sf-dump-str title=\"68 characters\">f186292e0d63e6e3ff981ffd6ce265a7cd1725b0c92a10ea263aa0907b9a8422.png</span>\"
      +\"<span class=sf-dump-public title=\"Runtime added dynamic property\">SustanciaControlada</span>\": <span class=sf-dump-num>0</span>
      +\"<span class=sf-dump-public title=\"Runtime added dynamic property\">SustanciaControladaTipo</span>\": <span class=sf-dump-const>null</span>
      +\"<span class=sf-dump-public title=\"Runtime added dynamic property\">SustanciaControladaNombre</span>\": <span class=sf-dump-const>null</span>
      +\"<span class=sf-dump-public title=\"Runtime added dynamic property\">SustanciaControladaDocumento</span>\": <span class=sf-dump-const>null</span>
      +\"<span class=sf-dump-public title=\"Runtime added dynamic property\">RespelDeclaracion</span>\": <span class=sf-dump-num>1</span>
      +\"<span class=sf-dump-public title=\"Runtime added dynamic property\">AceiteUsado</span>\": <span class=sf-dump-num>1</span>
      +\"<span class=sf-dump-public title=\"Runtime added dynamic property\">RespelStatusDescription</span>\": <span class=sf-dump-const>null</span>
      +\"<span class=sf-dump-public title=\"Runtime added dynamic property\">RespelPublic</span>\": <span class=sf-dump-num>0</span>
      +\"<span class=sf-dump-public title=\"Runtime added dynamic property\">FK_SubCategoryRP</span>\": <span class=sf-dump-const>null</span>
      +\"<span class=sf-dump-public title=\"Runtime added dynamic property\">ID_Req</span>\": <span class=sf-dump-num>62389</span>
      +\"<span class=sf-dump-public title=\"Runtime added dynamic property\">TratName</span>\": \"<span class=sf-dump-str title=\"21 characters\">Posconsumo luminarias</span>\"
      +\"<span class=sf-dump-public title=\"Runtime added dynamic property\">ID_Trat</span>\": <span class=sf-dump-num>8</span>
      +\"<span class=sf-dump-public title=\"Runtime added dynamic property\">CliShortName</span>\": \"<span class=sf-dump-str title=\"17 characters\">Prosarc S.A. ESP.</span>\"
      +\"<span class=sf-dump-public title=\"Runtime added dynamic property\">pretratamientosSelected</span>\": <span class=sf-dump-note title=\"Illuminate\\Database\\Eloquent\\Collection
\"><span class=\"sf-dump-ellipsis sf-dump-ellipsis-note\">Illuminate\\Database\\Eloquent</span><span class=\"sf-dump-ellipsis sf-dump-ellipsis-note\">\\</span>Collection</span> {<a class=sf-dump-ref>#2397</a> &#8230;2}
      +\"<span class=sf-dump-public title=\"Runtime added dynamic property\">tarifa</span>\": <span class=sf-dump-note title=\"App\\Tarifa
\"><span class=\"sf-dump-ellipsis sf-dump-ellipsis-note\">App</span><span class=\"sf-dump-ellipsis sf-dump-ellipsis-note\">\\</span>Tarifa</span> {<a class=sf-dump-ref>#2411</a> &#8230;30}
      +\"<span class=sf-dump-public title=\"Runtime added dynamic property\">ctarifa</span>\": <span class=sf-dump-const>null</span>
      +\"<span class=sf-dump-public title=\"Runtime added dynamic property\">SolResRM2</span>\": <span class=sf-dump-const>null</span>
    </samp>}
  </samp>]
  #<span class=sf-dump-protected title=\"Protected property\">escapeWhenCastingToString</span>: <span class=sf-dump-const>false</span>
</samp>}
</pre><script>Sfdump(\"sf-dump-14425877\", {\"maxDepth\":3,\"maxStringLength\":160})</script>
","GenerResiduos":"<pre class=sf-dump id=sf-dump-1286823830 data-indent-pad=\"  \"><span class=sf-dump-note>Illuminate\\Support\\Collection</span> {<a class=sf-dump-ref>#2176</a><samp data-depth=1 class=sf-dump-expanded>
  #<span class=sf-dump-protected title=\"Protected property\">items</span>: <span class=sf-dump-note>array:1</span> [<samp data-depth=2 class=sf-dump-compact>
    <span class=sf-dump-index>0</span> => {<a class=sf-dump-ref>#2162</a><samp data-depth=3 class=sf-dump-compact>
      +\"<span class=sf-dump-public title=\"Runtime added dynamic property\">GSedeName</span>\": \"<span class=sf-dump-str title=\"43 characters\">FUNDACION BANCO NACIONAL DE SANGRE HEMOLIFE</span>\"
      +\"<span class=sf-dump-public title=\"Runtime added dynamic property\">FK_SGener</span>\": <span class=sf-dump-num>408</span>
      +\"<span class=sf-dump-public title=\"Runtime added dynamic property\">GenerName</span>\": \"<span class=sf-dump-str title=\"43 characters\">FUNDACION BANCO NACIONAL DE SANGRE HEMOLIFE</span>\"
      +\"<span class=sf-dump-public title=\"Runtime added dynamic property\">GSedeSlug</span>\": \"<span class=sf-dump-str title=\"64 characters\">77c6a426cfb3be36f9613d34cd7d522b44738e59241e107a1f5c9c961469a93f</span>\"
      +\"<span class=sf-dump-public title=\"Runtime added dynamic property\">GSedeAddress</span>\": \"<span class=sf-dump-str title=\"27 characters\">calle 23 # 116-31 Bodega 26</span>\"
    </samp>}
  </samp>]
  #<span class=sf-dump-protected title=\"Protected property\">escapeWhenCastingToString</span>: <span class=sf-dump-const>false</span>
</samp>}
</pre><script>Sfdump(\"sf-dump-1286823830\", {\"maxDepth\":3,\"maxStringLength\":160})</script>
","Cliente":"<pre class=sf-dump id=sf-dump-2132896048 data-indent-pad=\"  \">{<a class=sf-dump-ref>#2168</a><samp data-depth=1 class=sf-dump-expanded>
  +\"<span class=sf-dump-public title=\"Runtime added dynamic property\">CliNit</span>\": \"<span class=sf-dump-str title=\"13 characters\">900.312.289-5</span>\"
  +\"<span class=sf-dump-public title=\"Runtime added dynamic property\">CliName</span>\": \"<span class=sf-dump-str title=\"43 characters\">FUNDACI&#211;N BANCO NACIONAL DE SANGRE HEMOLIFE</span>\"
  +\"<span class=sf-dump-public title=\"Runtime added dynamic property\">SedeAddress</span>\": \"<span class=sf-dump-str title=\"15 characters\">cll 23 # 116-31</span>\"
  +\"<span class=sf-dump-public title=\"Runtime added dynamic property\">MunName</span>\": \"<span class=sf-dump-str title=\"11 characters\">Bogot&#225; D.C.</span>\"
</samp>}
</pre><script>Sfdump(\"sf-dump-2132896048\", {\"maxDepth\":3,\"maxStringLength\":160})</script>
","SolSerCollectAddress":"<pre class=sf-dump id=sf-dump-1026240633 data-indent-pad=\"  \">\"<span class=sf-dump-str title=\"61 characters\">FUNDACION BANCO NACIONAL DE SANGRE HEMOLIFE - cll 23 # 116-31</span>\"
</pre><script>Sfdump(\"sf-dump-1026240633\", {\"maxDepth\":3,\"maxStringLength\":160})</script>
","SolSerConductor":"<pre class=sf-dump id=sf-dump-531304780 data-indent-pad=\"  \"><span class=sf-dump-const>null</span>
</pre><script>Sfdump(\"sf-dump-531304780\", {\"maxDepth\":3,\"maxStringLength\":160})</script>
","TextProgramacion":"<pre class=sf-dump id=sf-dump-1091811569 data-indent-pad=\"  \"><span class=sf-dump-const>null</span>
</pre><script>Sfdump(\"sf-dump-1091811569\", {\"maxDepth\":3,\"maxStringLength\":160})</script>
","Municipio":"<pre class=sf-dump id=sf-dump-2019630587 data-indent-pad=\"  \">\"<span class=sf-dump-str title=\"8 characters\">Mosquera</span>\"
</pre><script>Sfdump(\"sf-dump-2019630587\", {\"maxDepth\":3,\"maxStringLength\":160})</script>
","Programaciones":"<pre class=sf-dump id=sf-dump-618298669 data-indent-pad=\"  \"><span class=sf-dump-note>Illuminate\\Database\\Eloquent\\Collection</span> {<a class=sf-dump-ref>#2165</a><samp data-depth=1 class=sf-dump-expanded>
  #<span class=sf-dump-protected title=\"Protected property\">items</span>: <span class=sf-dump-note>array:1</span> [<samp data-depth=2 class=sf-dump-compact>
    <span class=sf-dump-index>0</span> => <span class=sf-dump-note title=\"App\\ProgramacionVehiculo
\"><span class=\"sf-dump-ellipsis sf-dump-ellipsis-note\">App</span><span class=\"sf-dump-ellipsis sf-dump-ellipsis-note\">\\</span>ProgramacionVehiculo</span> {<a class=sf-dump-ref>#2166</a><samp data-depth=3 class=sf-dump-compact>
      #<span class=sf-dump-protected title=\"Protected property\">connection</span>: \"<span class=sf-dump-str title=\"5 characters\">mysql</span>\"
      #<span class=sf-dump-protected title=\"Protected property\">table</span>: \"<span class=sf-dump-str title=\"13 characters\">progvehiculos</span>\"
      #<span class=sf-dump-protected title=\"Protected property\">primaryKey</span>: \"<span class=sf-dump-str title=\"10 characters\">ID_ProgVeh</span>\"
      #<span class=sf-dump-protected title=\"Protected property\">keyType</span>: \"<span class=sf-dump-str title=\"3 characters\">int</span>\"
      +<span class=sf-dump-public title=\"Public property\">incrementing</span>: <span class=sf-dump-const>true</span>
      #<span class=sf-dump-protected title=\"Protected property\">with</span>: []
      #<span class=sf-dump-protected title=\"Protected property\">withCount</span>: []
      +<span class=sf-dump-public title=\"Public property\">preventsLazyLoading</span>: <span class=sf-dump-const>false</span>
      #<span class=sf-dump-protected title=\"Protected property\">perPage</span>: <span class=sf-dump-num>15</span>
      +<span class=sf-dump-public title=\"Public property\">exists</span>: <span class=sf-dump-const>true</span>
      +<span class=sf-dump-public title=\"Public property\">wasRecentlyCreated</span>: <span class=sf-dump-const>false</span>
      #<span class=sf-dump-protected title=\"Protected property\">escapeWhenCastingToString</span>: <span class=sf-dump-const>false</span>
      #<span class=sf-dump-protected title=\"Protected property\">attributes</span>: <span class=sf-dump-note>array:25</span> [ &#8230;25]
      #<span class=sf-dump-protected title=\"Protected property\">original</span>: <span class=sf-dump-note>array:25</span> [ &#8230;25]
      #<span class=sf-dump-protected title=\"Protected property\">changes</span>: []
      #<span class=sf-dump-protected title=\"Protected property\">casts</span>: <span class=sf-dump-note>array:1</span> [ &#8230;1]
      #<span class=sf-dump-protected title=\"Protected property\">classCastCache</span>: []
      #<span class=sf-dump-protected title=\"Protected property\">attributeCastCache</span>: []
      #<span class=sf-dump-protected title=\"Protected property\">dateFormat</span>: <span class=sf-dump-const>null</span>
      #<span class=sf-dump-protected title=\"Protected property\">appends</span>: []
      #<span class=sf-dump-protected title=\"Protected property\">dispatchesEvents</span>: []
      #<span class=sf-dump-protected title=\"Protected property\">observables</span>: []
      #<span class=sf-dump-protected title=\"Protected property\">relations</span>: []
      #<span class=sf-dump-protected title=\"Protected property\">touches</span>: []
      +<span class=sf-dump-public title=\"Public property\">timestamps</span>: <span class=sf-dump-const>true</span>
      +<span class=sf-dump-public title=\"Public property\">usesUniqueIds</span>: <span class=sf-dump-const>false</span>
      #<span class=sf-dump-protected title=\"Protected property\">hidden</span>: []
      #<span class=sf-dump-protected title=\"Protected property\">visible</span>: []
      #<span class=sf-dump-protected title=\"Protected property\">fillable</span>: <span class=sf-dump-note>array:21</span> [ &#8230;21]
      #<span class=sf-dump-protected title=\"Protected property\">guarded</span>: <span class=sf-dump-note>array:1</span> [ &#8230;1]
    </samp>}
  </samp>]
  #<span class=sf-dump-protected title=\"Protected property\">escapeWhenCastingToString</span>: <span class=sf-dump-const>false</span>
</samp>}
</pre><script>Sfdump(\"sf-dump-618298669\", {\"maxDepth\":3,\"maxStringLength\":160})</script>
","total":"<pre class=sf-dump id=sf-dump-191507649 data-indent-pad=\"  \"><span class=sf-dump-note>array:4</span> [<samp data-depth=1 class=sf-dump-expanded>
  \"<span class=sf-dump-key>estimado</span>\" => <span class=sf-dump-num>202.4</span>
  \"<span class=sf-dump-key>recibido</span>\" => <span class=sf-dump-num>12.0</span>
  \"<span class=sf-dump-key>conciliado</span>\" => <span class=sf-dump-num>12.0</span>
  \"<span class=sf-dump-key>tratado</span>\" => <span class=sf-dump-num>0.0</span>
</samp>]
</pre><script>Sfdump(\"sf-dump-191507649\", {\"maxDepth\":3,\"maxStringLength\":160})</script>
","cantidadesXtratamiento":"<pre class=sf-dump id=sf-dump-1488423366 data-indent-pad=\"  \"><span class=sf-dump-note>array:3</span> [<samp data-depth=1 class=sf-dump-expanded>
  \"<span class=sf-dump-key>Celda de Seguridad</span>\" => <span class=sf-dump-note>array:4</span> [<samp data-depth=2 class=sf-dump-compact>
    \"<span class=sf-dump-key>estimado</span>\" => \"<span class=sf-dump-str title=\"6 characters\">160.00</span>\"
    \"<span class=sf-dump-key>recibido</span>\" => \"<span class=sf-dump-str title=\"5 characters\">12.00</span>\"
    \"<span class=sf-dump-key>conciliado</span>\" => \"<span class=sf-dump-str title=\"5 characters\">12.00</span>\"
    \"<span class=sf-dump-key>tratado</span>\" => \"<span class=sf-dump-str title=\"4 characters\">0.00</span>\"
  </samp>]
  \"<span class=sf-dump-key>TermoDestrucci&#243;n</span>\" => <span class=sf-dump-note>array:4</span> [<samp data-depth=2 class=sf-dump-compact>
    \"<span class=sf-dump-key>estimado</span>\" => <span class=sf-dump-num>32.4</span>
    \"<span class=sf-dump-key>recibido</span>\" => <span class=sf-dump-num>0.0</span>
    \"<span class=sf-dump-key>conciliado</span>\" => <span class=sf-dump-num>0.0</span>
    \"<span class=sf-dump-key>tratado</span>\" => <span class=sf-dump-num>0.0</span>
  </samp>]
  \"<span class=sf-dump-key>Posconsumo luminarias</span>\" => <span class=sf-dump-note>array:4</span> [<samp data-depth=2 class=sf-dump-compact>
    \"<span class=sf-dump-key>estimado</span>\" => \"<span class=sf-dump-str title=\"5 characters\">10.00</span>\"
    \"<span class=sf-dump-key>recibido</span>\" => \"<span class=sf-dump-str title=\"4 characters\">0.00</span>\"
    \"<span class=sf-dump-key>conciliado</span>\" => \"<span class=sf-dump-str title=\"4 characters\">0.00</span>\"
    \"<span class=sf-dump-key>tratado</span>\" => \"<span class=sf-dump-str title=\"4 characters\">0.00</span>\"
  </samp>]
</samp>]
</pre><script>Sfdump(\"sf-dump-1488423366\", {\"maxDepth\":3,\"maxStringLength\":160})</script>
","tratamientos":"<pre class=sf-dump id=sf-dump-788314459 data-indent-pad=\"  \"><span class=sf-dump-note>Illuminate\\Database\\Eloquent\\Collection</span> {<a class=sf-dump-ref>#2571</a><samp data-depth=1 class=sf-dump-expanded>
  #<span class=sf-dump-protected title=\"Protected property\">items</span>: <span class=sf-dump-note>array:19</span> [<samp data-depth=2 class=sf-dump-compact>
    <span class=sf-dump-index>0</span> => <span class=sf-dump-note title=\"App\\Tratamiento
\"><span class=\"sf-dump-ellipsis sf-dump-ellipsis-note\">App</span><span class=\"sf-dump-ellipsis sf-dump-ellipsis-note\">\\</span>Tratamiento</span> {<a class=sf-dump-ref>#2570</a><samp data-depth=3 class=sf-dump-compact>
      #<span class=sf-dump-protected title=\"Protected property\">connection</span>: \"<span class=sf-dump-str title=\"5 characters\">mysql</span>\"
      #<span class=sf-dump-protected title=\"Protected property\">table</span>: \"<span class=sf-dump-str title=\"12 characters\">tratamientos</span>\"
      #<span class=sf-dump-protected title=\"Protected property\">primaryKey</span>: \"<span class=sf-dump-str title=\"7 characters\">ID_Trat</span>\"
      #<span class=sf-dump-protected title=\"Protected property\">keyType</span>: \"<span class=sf-dump-str title=\"3 characters\">int</span>\"
      +<span class=sf-dump-public title=\"Public property\">incrementing</span>: <span class=sf-dump-const>true</span>
      #<span class=sf-dump-protected title=\"Protected property\">with</span>: []
      #<span class=sf-dump-protected title=\"Protected property\">withCount</span>: []
      +<span class=sf-dump-public title=\"Public property\">preventsLazyLoading</span>: <span class=sf-dump-const>false</span>
      #<span class=sf-dump-protected title=\"Protected property\">perPage</span>: <span class=sf-dump-num>15</span>
      +<span class=sf-dump-public title=\"Public property\">exists</span>: <span class=sf-dump-const>true</span>
      +<span class=sf-dump-public title=\"Public property\">wasRecentlyCreated</span>: <span class=sf-dump-const>false</span>
      #<span class=sf-dump-protected title=\"Protected property\">escapeWhenCastingToString</span>: <span class=sf-dump-const>false</span>
      #<span class=sf-dump-protected title=\"Protected property\">attributes</span>: <span class=sf-dump-note>array:41</span> [ &#8230;41]
      #<span class=sf-dump-protected title=\"Protected property\">original</span>: <span class=sf-dump-note>array:41</span> [ &#8230;41]
      #<span class=sf-dump-protected title=\"Protected property\">changes</span>: []
      #<span class=sf-dump-protected title=\"Protected property\">casts</span>: []
      #<span class=sf-dump-protected title=\"Protected property\">classCastCache</span>: []
      #<span class=sf-dump-protected title=\"Protected property\">attributeCastCache</span>: []
      #<span class=sf-dump-protected title=\"Protected property\">dateFormat</span>: <span class=sf-dump-const>null</span>
      #<span class=sf-dump-protected title=\"Protected property\">appends</span>: []
      #<span class=sf-dump-protected title=\"Protected property\">dispatchesEvents</span>: []
      #<span class=sf-dump-protected title=\"Protected property\">observables</span>: []
      #<span class=sf-dump-protected title=\"Protected property\">relations</span>: []
      #<span class=sf-dump-protected title=\"Protected property\">touches</span>: []
      +<span class=sf-dump-public title=\"Public property\">timestamps</span>: <span class=sf-dump-const>true</span>
      +<span class=sf-dump-public title=\"Public property\">usesUniqueIds</span>: <span class=sf-dump-const>false</span>
      #<span class=sf-dump-protected title=\"Protected property\">hidden</span>: []
      #<span class=sf-dump-protected title=\"Protected property\">visible</span>: []
      #<span class=sf-dump-protected title=\"Protected property\">fillable</span>: <span class=sf-dump-note>array:6</span> [ &#8230;6]
      #<span class=sf-dump-protected title=\"Protected property\">guarded</span>: <span class=sf-dump-note>array:1</span> [ &#8230;1]
    </samp>}
    <span class=sf-dump-index>1</span> => <span class=sf-dump-note title=\"App\\Tratamiento
\"><span class=\"sf-dump-ellipsis sf-dump-ellipsis-note\">App</span><span class=\"sf-dump-ellipsis sf-dump-ellipsis-note\">\\</span>Tratamiento</span> {<a class=sf-dump-ref>#2573</a><samp data-depth=3 class=sf-dump-compact>
      #<span class=sf-dump-protected title=\"Protected property\">connection</span>: \"<span class=sf-dump-str title=\"5 characters\">mysql</span>\"
      #<span class=sf-dump-protected title=\"Protected property\">table</span>: \"<span class=sf-dump-str title=\"12 characters\">tratamientos</span>\"
      #<span class=sf-dump-protected title=\"Protected property\">primaryKey</span>: \"<span class=sf-dump-str title=\"7 characters\">ID_Trat</span>\"
      #<span class=sf-dump-protected title=\"Protected property\">keyType</span>: \"<span class=sf-dump-str title=\"3 characters\">int</span>\"
      +<span class=sf-dump-public title=\"Public property\">incrementing</span>: <span class=sf-dump-const>true</span>
      #<span class=sf-dump-protected title=\"Protected property\">with</span>: []
      #<span class=sf-dump-protected title=\"Protected property\">withCount</span>: []
      +<span class=sf-dump-public title=\"Public property\">preventsLazyLoading</span>: <span class=sf-dump-const>false</span>
      #<span class=sf-dump-protected title=\"Protected property\">perPage</span>: <span class=sf-dump-num>15</span>
      +<span class=sf-dump-public title=\"Public property\">exists</span>: <span class=sf-dump-const>true</span>
      +<span class=sf-dump-public title=\"Public property\">wasRecentlyCreated</span>: <span class=sf-dump-const>false</span>
      #<span class=sf-dump-protected title=\"Protected property\">escapeWhenCastingToString</span>: <span class=sf-dump-const>false</span>
      #<span class=sf-dump-protected title=\"Protected property\">attributes</span>: <span class=sf-dump-note>array:41</span> [ &#8230;41]
      #<span class=sf-dump-protected title=\"Protected property\">original</span>: <span class=sf-dump-note>array:41</span> [ &#8230;41]
      #<span class=sf-dump-protected title=\"Protected property\">changes</span>: []
      #<span class=sf-dump-protected title=\"Protected property\">casts</span>: []
      #<span class=sf-dump-protected title=\"Protected property\">classCastCache</span>: []
      #<span class=sf-dump-protected title=\"Protected property\">attributeCastCache</span>: []
      #<span class=sf-dump-protected title=\"Protected property\">dateFormat</span>: <span class=sf-dump-const>null</span>
      #<span class=sf-dump-protected title=\"Protected property\">appends</span>: []
      #<span class=sf-dump-protected title=\"Protected property\">dispatchesEvents</span>: []
      #<span class=sf-dump-protected title=\"Protected property\">observables</span>: []
      #<span class=sf-dump-protected title=\"Protected property\">relations</span>: []
      #<span class=sf-dump-protected title=\"Protected property\">touches</span>: []
      +<span class=sf-dump-public title=\"Public property\">timestamps</span>: <span class=sf-dump-const>true</span>
      +<span class=sf-dump-public title=\"Public property\">usesUniqueIds</span>: <span class=sf-dump-const>false</span>
      #<span class=sf-dump-protected title=\"Protected property\">hidden</span>: []
      #<span class=sf-dump-protected title=\"Protected property\">visible</span>: []
      #<span class=sf-dump-protected title=\"Protected property\">fillable</span>: <span class=sf-dump-note>array:6</span> [ &#8230;6]
      #<span class=sf-dump-protected title=\"Protected property\">guarded</span>: <span class=sf-dump-note>array:1</span> [ &#8230;1]
    </samp>}
    <span class=sf-dump-index>2</span> => <span class=sf-dump-note title=\"App\\Tratamiento
\"><span class=\"sf-dump-ellipsis sf-dump-ellipsis-note\">App</span><span class=\"sf-dump-ellipsis sf-dump-ellipsis-note\">\\</span>Tratamiento</span> {<a class=sf-dump-ref>#2574</a><samp data-depth=3 class=sf-dump-compact>
      #<span class=sf-dump-protected title=\"Protected property\">connection</span>: \"<span class=sf-dump-str title=\"5 characters\">mysql</span>\"
      #<span class=sf-dump-protected title=\"Protected property\">table</span>: \"<span class=sf-dump-str title=\"12 characters\">tratamientos</span>\"
      #<span class=sf-dump-protected title=\"Protected property\">primaryKey</span>: \"<span class=sf-dump-str title=\"7 characters\">ID_Trat</span>\"
      #<span class=sf-dump-protected title=\"Protected property\">keyType</span>: \"<span class=sf-dump-str title=\"3 characters\">int</span>\"
      +<span class=sf-dump-public title=\"Public property\">incrementing</span>: <span class=sf-dump-const>true</span>
      #<span class=sf-dump-protected title=\"Protected property\">with</span>: []
      #<span class=sf-dump-protected title=\"Protected property\">withCount</span>: []
      +<span class=sf-dump-public title=\"Public property\">preventsLazyLoading</span>: <span class=sf-dump-const>false</span>
      #<span class=sf-dump-protected title=\"Protected property\">perPage</span>: <span class=sf-dump-num>15</span>
      +<span class=sf-dump-public title=\"Public property\">exists</span>: <span class=sf-dump-const>true</span>
      +<span class=sf-dump-public title=\"Public property\">wasRecentlyCreated</span>: <span class=sf-dump-const>false</span>
      #<span class=sf-dump-protected title=\"Protected property\">escapeWhenCastingToString</span>: <span class=sf-dump-const>false</span>
      #<span class=sf-dump-protected title=\"Protected property\">attributes</span>: <span class=sf-dump-note>array:41</span> [ &#8230;41]
      #<span class=sf-dump-protected title=\"Protected property\">original</span>: <span class=sf-dump-note>array:41</span> [ &#8230;41]
      #<span class=sf-dump-protected title=\"Protected property\">changes</span>: []
      #<span class=sf-dump-protected title=\"Protected property\">casts</span>: []
      #<span class=sf-dump-protected title=\"Protected property\">classCastCache</span>: []
      #<span class=sf-dump-protected title=\"Protected property\">attributeCastCache</span>: []
      #<span class=sf-dump-protected title=\"Protected property\">dateFormat</span>: <span class=sf-dump-const>null</span>
      #<span class=sf-dump-protected title=\"Protected property\">appends</span>: []
      #<span class=sf-dump-protected title=\"Protected property\">dispatchesEvents</span>: []
      #<span class=sf-dump-protected title=\"Protected property\">observables</span>: []
      #<span class=sf-dump-protected title=\"Protected property\">relations</span>: []
      #<span class=sf-dump-protected title=\"Protected property\">touches</span>: []
      +<span class=sf-dump-public title=\"Public property\">timestamps</span>: <span class=sf-dump-const>true</span>
      +<span class=sf-dump-public title=\"Public property\">usesUniqueIds</span>: <span class=sf-dump-const>false</span>
      #<span class=sf-dump-protected title=\"Protected property\">hidden</span>: []
      #<span class=sf-dump-protected title=\"Protected property\">visible</span>: []
      #<span class=sf-dump-protected title=\"Protected property\">fillable</span>: <span class=sf-dump-note>array:6</span> [ &#8230;6]
      #<span class=sf-dump-protected title=\"Protected property\">guarded</span>: <span class=sf-dump-note>array:1</span> [ &#8230;1]
    </samp>}
    <span class=sf-dump-index>3</span> => <span class=sf-dump-note title=\"App\\Tratamiento
\"><span class=\"sf-dump-ellipsis sf-dump-ellipsis-note\">App</span><span class=\"sf-dump-ellipsis sf-dump-ellipsis-note\">\\</span>Tratamiento</span> {<a class=sf-dump-ref>#2575</a><samp data-depth=3 class=sf-dump-compact>
      #<span class=sf-dump-protected title=\"Protected property\">connection</span>: \"<span class=sf-dump-str title=\"5 characters\">mysql</span>\"
      #<span class=sf-dump-protected title=\"Protected property\">table</span>: \"<span class=sf-dump-str title=\"12 characters\">tratamientos</span>\"
      #<span class=sf-dump-protected title=\"Protected property\">primaryKey</span>: \"<span class=sf-dump-str title=\"7 characters\">ID_Trat</span>\"
      #<span class=sf-dump-protected title=\"Protected property\">keyType</span>: \"<span class=sf-dump-str title=\"3 characters\">int</span>\"
      +<span class=sf-dump-public title=\"Public property\">incrementing</span>: <span class=sf-dump-const>true</span>
      #<span class=sf-dump-protected title=\"Protected property\">with</span>: []
      #<span class=sf-dump-protected title=\"Protected property\">withCount</span>: []
      +<span class=sf-dump-public title=\"Public property\">preventsLazyLoading</span>: <span class=sf-dump-const>false</span>
      #<span class=sf-dump-protected title=\"Protected property\">perPage</span>: <span class=sf-dump-num>15</span>
      +<span class=sf-dump-public title=\"Public property\">exists</span>: <span class=sf-dump-const>true</span>
      +<span class=sf-dump-public title=\"Public property\">wasRecentlyCreated</span>: <span class=sf-dump-const>false</span>
      #<span class=sf-dump-protected title=\"Protected property\">escapeWhenCastingToString</span>: <span class=sf-dump-const>false</span>
      #<span class=sf-dump-protected title=\"Protected property\">attributes</span>: <span class=sf-dump-note>array:41</span> [ &#8230;41]
      #<span class=sf-dump-protected title=\"Protected property\">original</span>: <span class=sf-dump-note>array:41</span> [ &#8230;41]
      #<span class=sf-dump-protected title=\"Protected property\">changes</span>: []
      #<span class=sf-dump-protected title=\"Protected property\">casts</span>: []
      #<span class=sf-dump-protected title=\"Protected property\">classCastCache</span>: []
      #<span class=sf-dump-protected title=\"Protected property\">attributeCastCache</span>: []
      #<span class=sf-dump-protected title=\"Protected property\">dateFormat</span>: <span class=sf-dump-const>null</span>
      #<span class=sf-dump-protected title=\"Protected property\">appends</span>: []
      #<span class=sf-dump-protected title=\"Protected property\">dispatchesEvents</span>: []
      #<span class=sf-dump-protected title=\"Protected property\">observables</span>: []
      #<span class=sf-dump-protected title=\"Protected property\">relations</span>: []
      #<span class=sf-dump-protected title=\"Protected property\">touches</span>: []
      +<span class=sf-dump-public title=\"Public property\">timestamps</span>: <span class=sf-dump-const>true</span>
      +<span class=sf-dump-public title=\"Public property\">usesUniqueIds</span>: <span class=sf-dump-const>false</span>
      #<span class=sf-dump-protected title=\"Protected property\">hidden</span>: []
      #<span class=sf-dump-protected title=\"Protected property\">visible</span>: []
      #<span class=sf-dump-protected title=\"Protected property\">fillable</span>: <span class=sf-dump-note>array:6</span> [ &#8230;6]
      #<span class=sf-dump-protected title=\"Protected property\">guarded</span>: <span class=sf-dump-note>array:1</span> [ &#8230;1]
    </samp>}
    <span class=sf-dump-index>4</span> => <span class=sf-dump-note title=\"App\\Tratamiento
\"><span class=\"sf-dump-ellipsis sf-dump-ellipsis-note\">App</span><span class=\"sf-dump-ellipsis sf-dump-ellipsis-note\">\\</span>Tratamiento</span> {<a class=sf-dump-ref>#2576</a><samp data-depth=3 class=sf-dump-compact>
      #<span class=sf-dump-protected title=\"Protected property\">connection</span>: \"<span class=sf-dump-str title=\"5 characters\">mysql</span>\"
      #<span class=sf-dump-protected title=\"Protected property\">table</span>: \"<span class=sf-dump-str title=\"12 characters\">tratamientos</span>\"
      #<span class=sf-dump-protected title=\"Protected property\">primaryKey</span>: \"<span class=sf-dump-str title=\"7 characters\">ID_Trat</span>\"
      #<span class=sf-dump-protected title=\"Protected property\">keyType</span>: \"<span class=sf-dump-str title=\"3 characters\">int</span>\"
      +<span class=sf-dump-public title=\"Public property\">incrementing</span>: <span class=sf-dump-const>true</span>
      #<span class=sf-dump-protected title=\"Protected property\">with</span>: []
      #<span class=sf-dump-protected title=\"Protected property\">withCount</span>: []
      +<span class=sf-dump-public title=\"Public property\">preventsLazyLoading</span>: <span class=sf-dump-const>false</span>
      #<span class=sf-dump-protected title=\"Protected property\">perPage</span>: <span class=sf-dump-num>15</span>
      +<span class=sf-dump-public title=\"Public property\">exists</span>: <span class=sf-dump-const>true</span>
      +<span class=sf-dump-public title=\"Public property\">wasRecentlyCreated</span>: <span class=sf-dump-const>false</span>
      #<span class=sf-dump-protected title=\"Protected property\">escapeWhenCastingToString</span>: <span class=sf-dump-const>false</span>
      #<span class=sf-dump-protected title=\"Protected property\">attributes</span>: <span class=sf-dump-note>array:41</span> [ &#8230;41]
      #<span class=sf-dump-protected title=\"Protected property\">original</span>: <span class=sf-dump-note>array:41</span> [ &#8230;41]
      #<span class=sf-dump-protected title=\"Protected property\">changes</span>: []
      #<span class=sf-dump-protected title=\"Protected property\">casts</span>: []
      #<span class=sf-dump-protected title=\"Protected property\">classCastCache</span>: []
      #<span class=sf-dump-protected title=\"Protected property\">attributeCastCache</span>: []
      #<span class=sf-dump-protected title=\"Protected property\">dateFormat</span>: <span class=sf-dump-const>null</span>
      #<span class=sf-dump-protected title=\"Protected property\">appends</span>: []
      #<span class=sf-dump-protected title=\"Protected property\">dispatchesEvents</span>: []
      #<span class=sf-dump-protected title=\"Protected property\">observables</span>: []
      #<span class=sf-dump-protected title=\"Protected property\">relations</span>: []
      #<span class=sf-dump-protected title=\"Protected property\">touches</span>: []
      +<span class=sf-dump-public title=\"Public property\">timestamps</span>: <span class=sf-dump-const>true</span>
      +<span class=sf-dump-public title=\"Public property\">usesUniqueIds</span>: <span class=sf-dump-const>false</span>
      #<span class=sf-dump-protected title=\"Protected property\">hidden</span>: []
      #<span class=sf-dump-protected title=\"Protected property\">visible</span>: []
      #<span class=sf-dump-protected title=\"Protected property\">fillable</span>: <span class=sf-dump-note>array:6</span> [ &#8230;6]
      #<span class=sf-dump-protected title=\"Protected property\">guarded</span>: <span class=sf-dump-note>array:1</span> [ &#8230;1]
    </samp>}
    <span class=sf-dump-index>5</span> => <span class=sf-dump-note title=\"App\\Tratamiento
\"><span class=\"sf-dump-ellipsis sf-dump-ellipsis-note\">App</span><span class=\"sf-dump-ellipsis sf-dump-ellipsis-note\">\\</span>Tratamiento</span> {<a class=sf-dump-ref>#2577</a><samp data-depth=3 class=sf-dump-compact>
      #<span class=sf-dump-protected title=\"Protected property\">connection</span>: \"<span class=sf-dump-str title=\"5 characters\">mysql</span>\"
      #<span class=sf-dump-protected title=\"Protected property\">table</span>: \"<span class=sf-dump-str title=\"12 characters\">tratamientos</span>\"
      #<span class=sf-dump-protected title=\"Protected property\">primaryKey</span>: \"<span class=sf-dump-str title=\"7 characters\">ID_Trat</span>\"
      #<span class=sf-dump-protected title=\"Protected property\">keyType</span>: \"<span class=sf-dump-str title=\"3 characters\">int</span>\"
      +<span class=sf-dump-public title=\"Public property\">incrementing</span>: <span class=sf-dump-const>true</span>
      #<span class=sf-dump-protected title=\"Protected property\">with</span>: []
      #<span class=sf-dump-protected title=\"Protected property\">withCount</span>: []
      +<span class=sf-dump-public title=\"Public property\">preventsLazyLoading</span>: <span class=sf-dump-const>false</span>
      #<span class=sf-dump-protected title=\"Protected property\">perPage</span>: <span class=sf-dump-num>15</span>
      +<span class=sf-dump-public title=\"Public property\">exists</span>: <span class=sf-dump-const>true</span>
      +<span class=sf-dump-public title=\"Public property\">wasRecentlyCreated</span>: <span class=sf-dump-const>false</span>
      #<span class=sf-dump-protected title=\"Protected property\">escapeWhenCastingToString</span>: <span class=sf-dump-const>false</span>
      #<span class=sf-dump-protected title=\"Protected property\">attributes</span>: <span class=sf-dump-note>array:41</span> [ &#8230;41]
      #<span class=sf-dump-protected title=\"Protected property\">original</span>: <span class=sf-dump-note>array:41</span> [ &#8230;41]
      #<span class=sf-dump-protected title=\"Protected property\">changes</span>: []
      #<span class=sf-dump-protected title=\"Protected property\">casts</span>: []
      #<span class=sf-dump-protected title=\"Protected property\">classCastCache</span>: []
      #<span class=sf-dump-protected title=\"Protected property\">attributeCastCache</span>: []
      #<span class=sf-dump-protected title=\"Protected property\">dateFormat</span>: <span class=sf-dump-const>null</span>
      #<span class=sf-dump-protected title=\"Protected property\">appends</span>: []
      #<span class=sf-dump-protected title=\"Protected property\">dispatchesEvents</span>: []
      #<span class=sf-dump-protected title=\"Protected property\">observables</span>: []
      #<span class=sf-dump-protected title=\"Protected property\">relations</span>: []
      #<span class=sf-dump-protected title=\"Protected property\">touches</span>: []
      +<span class=sf-dump-public title=\"Public property\">timestamps</span>: <span class=sf-dump-const>true</span>
      +<span class=sf-dump-public title=\"Public property\">usesUniqueIds</span>: <span class=sf-dump-const>false</span>
      #<span class=sf-dump-protected title=\"Protected property\">hidden</span>: []
      #<span class=sf-dump-protected title=\"Protected property\">visible</span>: []
      #<span class=sf-dump-protected title=\"Protected property\">fillable</span>: <span class=sf-dump-note>array:6</span> [ &#8230;6]
      #<span class=sf-dump-protected title=\"Protected property\">guarded</span>: <span class=sf-dump-note>array:1</span> [ &#8230;1]
    </samp>}
    <span class=sf-dump-index>6</span> => <span class=sf-dump-note title=\"App\\Tratamiento
\"><span class=\"sf-dump-ellipsis sf-dump-ellipsis-note\">App</span><span class=\"sf-dump-ellipsis sf-dump-ellipsis-note\">\\</span>Tratamiento</span> {<a class=sf-dump-ref>#2578</a><samp data-depth=3 class=sf-dump-compact>
      #<span class=sf-dump-protected title=\"Protected property\">connection</span>: \"<span class=sf-dump-str title=\"5 characters\">mysql</span>\"
      #<span class=sf-dump-protected title=\"Protected property\">table</span>: \"<span class=sf-dump-str title=\"12 characters\">tratamientos</span>\"
      #<span class=sf-dump-protected title=\"Protected property\">primaryKey</span>: \"<span class=sf-dump-str title=\"7 characters\">ID_Trat</span>\"
      #<span class=sf-dump-protected title=\"Protected property\">keyType</span>: \"<span class=sf-dump-str title=\"3 characters\">int</span>\"
      +<span class=sf-dump-public title=\"Public property\">incrementing</span>: <span class=sf-dump-const>true</span>
      #<span class=sf-dump-protected title=\"Protected property\">with</span>: []
      #<span class=sf-dump-protected title=\"Protected property\">withCount</span>: []
      +<span class=sf-dump-public title=\"Public property\">preventsLazyLoading</span>: <span class=sf-dump-const>false</span>
      #<span class=sf-dump-protected title=\"Protected property\">perPage</span>: <span class=sf-dump-num>15</span>
      +<span class=sf-dump-public title=\"Public property\">exists</span>: <span class=sf-dump-const>true</span>
      +<span class=sf-dump-public title=\"Public property\">wasRecentlyCreated</span>: <span class=sf-dump-const>false</span>
      #<span class=sf-dump-protected title=\"Protected property\">escapeWhenCastingToString</span>: <span class=sf-dump-const>false</span>
      #<span class=sf-dump-protected title=\"Protected property\">attributes</span>: <span class=sf-dump-note>array:41</span> [ &#8230;41]
      #<span class=sf-dump-protected title=\"Protected property\">original</span>: <span class=sf-dump-note>array:41</span> [ &#8230;41]
      #<span class=sf-dump-protected title=\"Protected property\">changes</span>: []
      #<span class=sf-dump-protected title=\"Protected property\">casts</span>: []
      #<span class=sf-dump-protected title=\"Protected property\">classCastCache</span>: []
      #<span class=sf-dump-protected title=\"Protected property\">attributeCastCache</span>: []
      #<span class=sf-dump-protected title=\"Protected property\">dateFormat</span>: <span class=sf-dump-const>null</span>
      #<span class=sf-dump-protected title=\"Protected property\">appends</span>: []
      #<span class=sf-dump-protected title=\"Protected property\">dispatchesEvents</span>: []
      #<span class=sf-dump-protected title=\"Protected property\">observables</span>: []
      #<span class=sf-dump-protected title=\"Protected property\">relations</span>: []
      #<span class=sf-dump-protected title=\"Protected property\">touches</span>: []
      +<span class=sf-dump-public title=\"Public property\">timestamps</span>: <span class=sf-dump-const>true</span>
      +<span class=sf-dump-public title=\"Public property\">usesUniqueIds</span>: <span class=sf-dump-const>false</span>
      #<span class=sf-dump-protected title=\"Protected property\">hidden</span>: []
      #<span class=sf-dump-protected title=\"Protected property\">visible</span>: []
      #<span class=sf-dump-protected title=\"Protected property\">fillable</span>: <span class=sf-dump-note>array:6</span> [ &#8230;6]
      #<span class=sf-dump-protected title=\"Protected property\">guarded</span>: <span class=sf-dump-note>array:1</span> [ &#8230;1]
    </samp>}
    <span class=sf-dump-index>7</span> => <span class=sf-dump-note title=\"App\\Tratamiento
\"><span class=\"sf-dump-ellipsis sf-dump-ellipsis-note\">App</span><span class=\"sf-dump-ellipsis sf-dump-ellipsis-note\">\\</span>Tratamiento</span> {<a class=sf-dump-ref>#2579</a><samp data-depth=3 class=sf-dump-compact>
      #<span class=sf-dump-protected title=\"Protected property\">connection</span>: \"<span class=sf-dump-str title=\"5 characters\">mysql</span>\"
      #<span class=sf-dump-protected title=\"Protected property\">table</span>: \"<span class=sf-dump-str title=\"12 characters\">tratamientos</span>\"
      #<span class=sf-dump-protected title=\"Protected property\">primaryKey</span>: \"<span class=sf-dump-str title=\"7 characters\">ID_Trat</span>\"
      #<span class=sf-dump-protected title=\"Protected property\">keyType</span>: \"<span class=sf-dump-str title=\"3 characters\">int</span>\"
      +<span class=sf-dump-public title=\"Public property\">incrementing</span>: <span class=sf-dump-const>true</span>
      #<span class=sf-dump-protected title=\"Protected property\">with</span>: []
      #<span class=sf-dump-protected title=\"Protected property\">withCount</span>: []
      +<span class=sf-dump-public title=\"Public property\">preventsLazyLoading</span>: <span class=sf-dump-const>false</span>
      #<span class=sf-dump-protected title=\"Protected property\">perPage</span>: <span class=sf-dump-num>15</span>
      +<span class=sf-dump-public title=\"Public property\">exists</span>: <span class=sf-dump-const>true</span>
      +<span class=sf-dump-public title=\"Public property\">wasRecentlyCreated</span>: <span class=sf-dump-const>false</span>
      #<span class=sf-dump-protected title=\"Protected property\">escapeWhenCastingToString</span>: <span class=sf-dump-const>false</span>
      #<span class=sf-dump-protected title=\"Protected property\">attributes</span>: <span class=sf-dump-note>array:41</span> [ &#8230;41]
      #<span class=sf-dump-protected title=\"Protected property\">original</span>: <span class=sf-dump-note>array:41</span> [ &#8230;41]
      #<span class=sf-dump-protected title=\"Protected property\">changes</span>: []
      #<span class=sf-dump-protected title=\"Protected property\">casts</span>: []
      #<span class=sf-dump-protected title=\"Protected property\">classCastCache</span>: []
      #<span class=sf-dump-protected title=\"Protected property\">attributeCastCache</span>: []
      #<span class=sf-dump-protected title=\"Protected property\">dateFormat</span>: <span class=sf-dump-const>null</span>
      #<span class=sf-dump-protected title=\"Protected property\">appends</span>: []
      #<span class=sf-dump-protected title=\"Protected property\">dispatchesEvents</span>: []
      #<span class=sf-dump-protected title=\"Protected property\">observables</span>: []
      #<span class=sf-dump-protected title=\"Protected property\">relations</span>: []
      #<span class=sf-dump-protected title=\"Protected property\">touches</span>: []
      +<span class=sf-dump-public title=\"Public property\">timestamps</span>: <span class=sf-dump-const>true</span>
      +<span class=sf-dump-public title=\"Public property\">usesUniqueIds</span>: <span class=sf-dump-const>false</span>
      #<span class=sf-dump-protected title=\"Protected property\">hidden</span>: []
      #<span class=sf-dump-protected title=\"Protected property\">visible</span>: []
      #<span class=sf-dump-protected title=\"Protected property\">fillable</span>: <span class=sf-dump-note>array:6</span> [ &#8230;6]
      #<span class=sf-dump-protected title=\"Protected property\">guarded</span>: <span class=sf-dump-note>array:1</span> [ &#8230;1]
    </samp>}
    <span class=sf-dump-index>8</span> => <span class=sf-dump-note title=\"App\\Tratamiento
\"><span class=\"sf-dump-ellipsis sf-dump-ellipsis-note\">App</span><span class=\"sf-dump-ellipsis sf-dump-ellipsis-note\">\\</span>Tratamiento</span> {<a class=sf-dump-ref>#2580</a><samp data-depth=3 class=sf-dump-compact>
      #<span class=sf-dump-protected title=\"Protected property\">connection</span>: \"<span class=sf-dump-str title=\"5 characters\">mysql</span>\"
      #<span class=sf-dump-protected title=\"Protected property\">table</span>: \"<span class=sf-dump-str title=\"12 characters\">tratamientos</span>\"
      #<span class=sf-dump-protected title=\"Protected property\">primaryKey</span>: \"<span class=sf-dump-str title=\"7 characters\">ID_Trat</span>\"
      #<span class=sf-dump-protected title=\"Protected property\">keyType</span>: \"<span class=sf-dump-str title=\"3 characters\">int</span>\"
      +<span class=sf-dump-public title=\"Public property\">incrementing</span>: <span class=sf-dump-const>true</span>
      #<span class=sf-dump-protected title=\"Protected property\">with</span>: []
      #<span class=sf-dump-protected title=\"Protected property\">withCount</span>: []
      +<span class=sf-dump-public title=\"Public property\">preventsLazyLoading</span>: <span class=sf-dump-const>false</span>
      #<span class=sf-dump-protected title=\"Protected property\">perPage</span>: <span class=sf-dump-num>15</span>
      +<span class=sf-dump-public title=\"Public property\">exists</span>: <span class=sf-dump-const>true</span>
      +<span class=sf-dump-public title=\"Public property\">wasRecentlyCreated</span>: <span class=sf-dump-const>false</span>
      #<span class=sf-dump-protected title=\"Protected property\">escapeWhenCastingToString</span>: <span class=sf-dump-const>false</span>
      #<span class=sf-dump-protected title=\"Protected property\">attributes</span>: <span class=sf-dump-note>array:41</span> [ &#8230;41]
      #<span class=sf-dump-protected title=\"Protected property\">original</span>: <span class=sf-dump-note>array:41</span> [ &#8230;41]
      #<span class=sf-dump-protected title=\"Protected property\">changes</span>: []
      #<span class=sf-dump-protected title=\"Protected property\">casts</span>: []
      #<span class=sf-dump-protected title=\"Protected property\">classCastCache</span>: []
      #<span class=sf-dump-protected title=\"Protected property\">attributeCastCache</span>: []
      #<span class=sf-dump-protected title=\"Protected property\">dateFormat</span>: <span class=sf-dump-const>null</span>
      #<span class=sf-dump-protected title=\"Protected property\">appends</span>: []
      #<span class=sf-dump-protected title=\"Protected property\">dispatchesEvents</span>: []
      #<span class=sf-dump-protected title=\"Protected property\">observables</span>: []
      #<span class=sf-dump-protected title=\"Protected property\">relations</span>: []
      #<span class=sf-dump-protected title=\"Protected property\">touches</span>: []
      +<span class=sf-dump-public title=\"Public property\">timestamps</span>: <span class=sf-dump-const>true</span>
      +<span class=sf-dump-public title=\"Public property\">usesUniqueIds</span>: <span class=sf-dump-const>false</span>
      #<span class=sf-dump-protected title=\"Protected property\">hidden</span>: []
      #<span class=sf-dump-protected title=\"Protected property\">visible</span>: []
      #<span class=sf-dump-protected title=\"Protected property\">fillable</span>: <span class=sf-dump-note>array:6</span> [ &#8230;6]
      #<span class=sf-dump-protected title=\"Protected property\">guarded</span>: <span class=sf-dump-note>array:1</span> [ &#8230;1]
    </samp>}
    <span class=sf-dump-index>9</span> => <span class=sf-dump-note title=\"App\\Tratamiento
\"><span class=\"sf-dump-ellipsis sf-dump-ellipsis-note\">App</span><span class=\"sf-dump-ellipsis sf-dump-ellipsis-note\">\\</span>Tratamiento</span> {<a class=sf-dump-ref>#2581</a><samp data-depth=3 class=sf-dump-compact>
      #<span class=sf-dump-protected title=\"Protected property\">connection</span>: \"<span class=sf-dump-str title=\"5 characters\">mysql</span>\"
      #<span class=sf-dump-protected title=\"Protected property\">table</span>: \"<span class=sf-dump-str title=\"12 characters\">tratamientos</span>\"
      #<span class=sf-dump-protected title=\"Protected property\">primaryKey</span>: \"<span class=sf-dump-str title=\"7 characters\">ID_Trat</span>\"
      #<span class=sf-dump-protected title=\"Protected property\">keyType</span>: \"<span class=sf-dump-str title=\"3 characters\">int</span>\"
      +<span class=sf-dump-public title=\"Public property\">incrementing</span>: <span class=sf-dump-const>true</span>
      #<span class=sf-dump-protected title=\"Protected property\">with</span>: []
      #<span class=sf-dump-protected title=\"Protected property\">withCount</span>: []
      +<span class=sf-dump-public title=\"Public property\">preventsLazyLoading</span>: <span class=sf-dump-const>false</span>
      #<span class=sf-dump-protected title=\"Protected property\">perPage</span>: <span class=sf-dump-num>15</span>
      +<span class=sf-dump-public title=\"Public property\">exists</span>: <span class=sf-dump-const>true</span>
      +<span class=sf-dump-public title=\"Public property\">wasRecentlyCreated</span>: <span class=sf-dump-const>false</span>
      #<span class=sf-dump-protected title=\"Protected property\">escapeWhenCastingToString</span>: <span class=sf-dump-const>false</span>
      #<span class=sf-dump-protected title=\"Protected property\">attributes</span>: <span class=sf-dump-note>array:41</span> [ &#8230;41]
      #<span class=sf-dump-protected title=\"Protected property\">original</span>: <span class=sf-dump-note>array:41</span> [ &#8230;41]
      #<span class=sf-dump-protected title=\"Protected property\">changes</span>: []
      #<span class=sf-dump-protected title=\"Protected property\">casts</span>: []
      #<span class=sf-dump-protected title=\"Protected property\">classCastCache</span>: []
      #<span class=sf-dump-protected title=\"Protected property\">attributeCastCache</span>: []
      #<span class=sf-dump-protected title=\"Protected property\">dateFormat</span>: <span class=sf-dump-const>null</span>
      #<span class=sf-dump-protected title=\"Protected property\">appends</span>: []
      #<span class=sf-dump-protected title=\"Protected property\">dispatchesEvents</span>: []
      #<span class=sf-dump-protected title=\"Protected property\">observables</span>: []
      #<span class=sf-dump-protected title=\"Protected property\">relations</span>: []
      #<span class=sf-dump-protected title=\"Protected property\">touches</span>: []
      +<span class=sf-dump-public title=\"Public property\">timestamps</span>: <span class=sf-dump-const>true</span>
      +<span class=sf-dump-public title=\"Public property\">usesUniqueIds</span>: <span class=sf-dump-const>false</span>
      #<span class=sf-dump-protected title=\"Protected property\">hidden</span>: []
      #<span class=sf-dump-protected title=\"Protected property\">visible</span>: []
      #<span class=sf-dump-protected title=\"Protected property\">fillable</span>: <span class=sf-dump-note>array:6</span> [ &#8230;6]
      #<span class=sf-dump-protected title=\"Protected property\">guarded</span>: <span class=sf-dump-note>array:1</span> [ &#8230;1]
    </samp>}
    <span class=sf-dump-index>10</span> => <span class=sf-dump-note title=\"App\\Tratamiento
\"><span class=\"sf-dump-ellipsis sf-dump-ellipsis-note\">App</span><span class=\"sf-dump-ellipsis sf-dump-ellipsis-note\">\\</span>Tratamiento</span> {<a class=sf-dump-ref>#2582</a><samp data-depth=3 class=sf-dump-compact>
      #<span class=sf-dump-protected title=\"Protected property\">connection</span>: \"<span class=sf-dump-str title=\"5 characters\">mysql</span>\"
      #<span class=sf-dump-protected title=\"Protected property\">table</span>: \"<span class=sf-dump-str title=\"12 characters\">tratamientos</span>\"
      #<span class=sf-dump-protected title=\"Protected property\">primaryKey</span>: \"<span class=sf-dump-str title=\"7 characters\">ID_Trat</span>\"
      #<span class=sf-dump-protected title=\"Protected property\">keyType</span>: \"<span class=sf-dump-str title=\"3 characters\">int</span>\"
      +<span class=sf-dump-public title=\"Public property\">incrementing</span>: <span class=sf-dump-const>true</span>
      #<span class=sf-dump-protected title=\"Protected property\">with</span>: []
      #<span class=sf-dump-protected title=\"Protected property\">withCount</span>: []
      +<span class=sf-dump-public title=\"Public property\">preventsLazyLoading</span>: <span class=sf-dump-const>false</span>
      #<span class=sf-dump-protected title=\"Protected property\">perPage</span>: <span class=sf-dump-num>15</span>
      +<span class=sf-dump-public title=\"Public property\">exists</span>: <span class=sf-dump-const>true</span>
      +<span class=sf-dump-public title=\"Public property\">wasRecentlyCreated</span>: <span class=sf-dump-const>false</span>
      #<span class=sf-dump-protected title=\"Protected property\">escapeWhenCastingToString</span>: <span class=sf-dump-const>false</span>
      #<span class=sf-dump-protected title=\"Protected property\">attributes</span>: <span class=sf-dump-note>array:41</span> [ &#8230;41]
      #<span class=sf-dump-protected title=\"Protected property\">original</span>: <span class=sf-dump-note>array:41</span> [ &#8230;41]
      #<span class=sf-dump-protected title=\"Protected property\">changes</span>: []
      #<span class=sf-dump-protected title=\"Protected property\">casts</span>: []
      #<span class=sf-dump-protected title=\"Protected property\">classCastCache</span>: []
      #<span class=sf-dump-protected title=\"Protected property\">attributeCastCache</span>: []
      #<span class=sf-dump-protected title=\"Protected property\">dateFormat</span>: <span class=sf-dump-const>null</span>
      #<span class=sf-dump-protected title=\"Protected property\">appends</span>: []
      #<span class=sf-dump-protected title=\"Protected property\">dispatchesEvents</span>: []
      #<span class=sf-dump-protected title=\"Protected property\">observables</span>: []
      #<span class=sf-dump-protected title=\"Protected property\">relations</span>: []
      #<span class=sf-dump-protected title=\"Protected property\">touches</span>: []
      +<span class=sf-dump-public title=\"Public property\">timestamps</span>: <span class=sf-dump-const>true</span>
      +<span class=sf-dump-public title=\"Public property\">usesUniqueIds</span>: <span class=sf-dump-const>false</span>
      #<span class=sf-dump-protected title=\"Protected property\">hidden</span>: []
      #<span class=sf-dump-protected title=\"Protected property\">visible</span>: []
      #<span class=sf-dump-protected title=\"Protected property\">fillable</span>: <span class=sf-dump-note>array:6</span> [ &#8230;6]
      #<span class=sf-dump-protected title=\"Protected property\">guarded</span>: <span class=sf-dump-note>array:1</span> [ &#8230;1]
    </samp>}
    <span class=sf-dump-index>11</span> => <span class=sf-dump-note title=\"App\\Tratamiento
\"><span class=\"sf-dump-ellipsis sf-dump-ellipsis-note\">App</span><span class=\"sf-dump-ellipsis sf-dump-ellipsis-note\">\\</span>Tratamiento</span> {<a class=sf-dump-ref>#2583</a><samp data-depth=3 class=sf-dump-compact>
      #<span class=sf-dump-protected title=\"Protected property\">connection</span>: \"<span class=sf-dump-str title=\"5 characters\">mysql</span>\"
      #<span class=sf-dump-protected title=\"Protected property\">table</span>: \"<span class=sf-dump-str title=\"12 characters\">tratamientos</span>\"
      #<span class=sf-dump-protected title=\"Protected property\">primaryKey</span>: \"<span class=sf-dump-str title=\"7 characters\">ID_Trat</span>\"
      #<span class=sf-dump-protected title=\"Protected property\">keyType</span>: \"<span class=sf-dump-str title=\"3 characters\">int</span>\"
      +<span class=sf-dump-public title=\"Public property\">incrementing</span>: <span class=sf-dump-const>true</span>
      #<span class=sf-dump-protected title=\"Protected property\">with</span>: []
      #<span class=sf-dump-protected title=\"Protected property\">withCount</span>: []
      +<span class=sf-dump-public title=\"Public property\">preventsLazyLoading</span>: <span class=sf-dump-const>false</span>
      #<span class=sf-dump-protected title=\"Protected property\">perPage</span>: <span class=sf-dump-num>15</span>
      +<span class=sf-dump-public title=\"Public property\">exists</span>: <span class=sf-dump-const>true</span>
      +<span class=sf-dump-public title=\"Public property\">wasRecentlyCreated</span>: <span class=sf-dump-const>false</span>
      #<span class=sf-dump-protected title=\"Protected property\">escapeWhenCastingToString</span>: <span class=sf-dump-const>false</span>
      #<span class=sf-dump-protected title=\"Protected property\">attributes</span>: <span class=sf-dump-note>array:41</span> [ &#8230;41]
      #<span class=sf-dump-protected title=\"Protected property\">original</span>: <span class=sf-dump-note>array:41</span> [ &#8230;41]
      #<span class=sf-dump-protected title=\"Protected property\">changes</span>: []
      #<span class=sf-dump-protected title=\"Protected property\">casts</span>: []
      #<span class=sf-dump-protected title=\"Protected property\">classCastCache</span>: []
      #<span class=sf-dump-protected title=\"Protected property\">attributeCastCache</span>: []
      #<span class=sf-dump-protected title=\"Protected property\">dateFormat</span>: <span class=sf-dump-const>null</span>
      #<span class=sf-dump-protected title=\"Protected property\">appends</span>: []
      #<span class=sf-dump-protected title=\"Protected property\">dispatchesEvents</span>: []
      #<span class=sf-dump-protected title=\"Protected property\">observables</span>: []
      #<span class=sf-dump-protected title=\"Protected property\">relations</span>: []
      #<span class=sf-dump-protected title=\"Protected property\">touches</span>: []
      +<span class=sf-dump-public title=\"Public property\">timestamps</span>: <span class=sf-dump-const>true</span>
      +<span class=sf-dump-public title=\"Public property\">usesUniqueIds</span>: <span class=sf-dump-const>false</span>
      #<span class=sf-dump-protected title=\"Protected property\">hidden</span>: []
      #<span class=sf-dump-protected title=\"Protected property\">visible</span>: []
      #<span class=sf-dump-protected title=\"Protected property\">fillable</span>: <span class=sf-dump-note>array:6</span> [ &#8230;6]
      #<span class=sf-dump-protected title=\"Protected property\">guarded</span>: <span class=sf-dump-note>array:1</span> [ &#8230;1]
    </samp>}
    <span class=sf-dump-index>12</span> => <span class=sf-dump-note title=\"App\\Tratamiento
\"><span class=\"sf-dump-ellipsis sf-dump-ellipsis-note\">App</span><span class=\"sf-dump-ellipsis sf-dump-ellipsis-note\">\\</span>Tratamiento</span> {<a class=sf-dump-ref>#2584</a><samp data-depth=3 class=sf-dump-compact>
      #<span class=sf-dump-protected title=\"Protected property\">connection</span>: \"<span class=sf-dump-str title=\"5 characters\">mysql</span>\"
      #<span class=sf-dump-protected title=\"Protected property\">table</span>: \"<span class=sf-dump-str title=\"12 characters\">tratamientos</span>\"
      #<span class=sf-dump-protected title=\"Protected property\">primaryKey</span>: \"<span class=sf-dump-str title=\"7 characters\">ID_Trat</span>\"
      #<span class=sf-dump-protected title=\"Protected property\">keyType</span>: \"<span class=sf-dump-str title=\"3 characters\">int</span>\"
      +<span class=sf-dump-public title=\"Public property\">incrementing</span>: <span class=sf-dump-const>true</span>
      #<span class=sf-dump-protected title=\"Protected property\">with</span>: []
      #<span class=sf-dump-protected title=\"Protected property\">withCount</span>: []
      +<span class=sf-dump-public title=\"Public property\">preventsLazyLoading</span>: <span class=sf-dump-const>false</span>
      #<span class=sf-dump-protected title=\"Protected property\">perPage</span>: <span class=sf-dump-num>15</span>
      +<span class=sf-dump-public title=\"Public property\">exists</span>: <span class=sf-dump-const>true</span>
      +<span class=sf-dump-public title=\"Public property\">wasRecentlyCreated</span>: <span class=sf-dump-const>false</span>
      #<span class=sf-dump-protected title=\"Protected property\">escapeWhenCastingToString</span>: <span class=sf-dump-const>false</span>
      #<span class=sf-dump-protected title=\"Protected property\">attributes</span>: <span class=sf-dump-note>array:41</span> [ &#8230;41]
      #<span class=sf-dump-protected title=\"Protected property\">original</span>: <span class=sf-dump-note>array:41</span> [ &#8230;41]
      #<span class=sf-dump-protected title=\"Protected property\">changes</span>: []
      #<span class=sf-dump-protected title=\"Protected property\">casts</span>: []
      #<span class=sf-dump-protected title=\"Protected property\">classCastCache</span>: []
      #<span class=sf-dump-protected title=\"Protected property\">attributeCastCache</span>: []
      #<span class=sf-dump-protected title=\"Protected property\">dateFormat</span>: <span class=sf-dump-const>null</span>
      #<span class=sf-dump-protected title=\"Protected property\">appends</span>: []
      #<span class=sf-dump-protected title=\"Protected property\">dispatchesEvents</span>: []
      #<span class=sf-dump-protected title=\"Protected property\">observables</span>: []
      #<span class=sf-dump-protected title=\"Protected property\">relations</span>: []
      #<span class=sf-dump-protected title=\"Protected property\">touches</span>: []
      +<span class=sf-dump-public title=\"Public property\">timestamps</span>: <span class=sf-dump-const>true</span>
      +<span class=sf-dump-public title=\"Public property\">usesUniqueIds</span>: <span class=sf-dump-const>false</span>
      #<span class=sf-dump-protected title=\"Protected property\">hidden</span>: []
      #<span class=sf-dump-protected title=\"Protected property\">visible</span>: []
      #<span class=sf-dump-protected title=\"Protected property\">fillable</span>: <span class=sf-dump-note>array:6</span> [ &#8230;6]
      #<span class=sf-dump-protected title=\"Protected property\">guarded</span>: <span class=sf-dump-note>array:1</span> [ &#8230;1]
    </samp>}
    <span class=sf-dump-index>13</span> => <span class=sf-dump-note title=\"App\\Tratamiento
\"><span class=\"sf-dump-ellipsis sf-dump-ellipsis-note\">App</span><span class=\"sf-dump-ellipsis sf-dump-ellipsis-note\">\\</span>Tratamiento</span> {<a class=sf-dump-ref>#2585</a><samp data-depth=3 class=sf-dump-compact>
      #<span class=sf-dump-protected title=\"Protected property\">connection</span>: \"<span class=sf-dump-str title=\"5 characters\">mysql</span>\"
      #<span class=sf-dump-protected title=\"Protected property\">table</span>: \"<span class=sf-dump-str title=\"12 characters\">tratamientos</span>\"
      #<span class=sf-dump-protected title=\"Protected property\">primaryKey</span>: \"<span class=sf-dump-str title=\"7 characters\">ID_Trat</span>\"
      #<span class=sf-dump-protected title=\"Protected property\">keyType</span>: \"<span class=sf-dump-str title=\"3 characters\">int</span>\"
      +<span class=sf-dump-public title=\"Public property\">incrementing</span>: <span class=sf-dump-const>true</span>
      #<span class=sf-dump-protected title=\"Protected property\">with</span>: []
      #<span class=sf-dump-protected title=\"Protected property\">withCount</span>: []
      +<span class=sf-dump-public title=\"Public property\">preventsLazyLoading</span>: <span class=sf-dump-const>false</span>
      #<span class=sf-dump-protected title=\"Protected property\">perPage</span>: <span class=sf-dump-num>15</span>
      +<span class=sf-dump-public title=\"Public property\">exists</span>: <span class=sf-dump-const>true</span>
      +<span class=sf-dump-public title=\"Public property\">wasRecentlyCreated</span>: <span class=sf-dump-const>false</span>
      #<span class=sf-dump-protected title=\"Protected property\">escapeWhenCastingToString</span>: <span class=sf-dump-const>false</span>
      #<span class=sf-dump-protected title=\"Protected property\">attributes</span>: <span class=sf-dump-note>array:41</span> [ &#8230;41]
      #<span class=sf-dump-protected title=\"Protected property\">original</span>: <span class=sf-dump-note>array:41</span> [ &#8230;41]
      #<span class=sf-dump-protected title=\"Protected property\">changes</span>: []
      #<span class=sf-dump-protected title=\"Protected property\">casts</span>: []
      #<span class=sf-dump-protected title=\"Protected property\">classCastCache</span>: []
      #<span class=sf-dump-protected title=\"Protected property\">attributeCastCache</span>: []
      #<span class=sf-dump-protected title=\"Protected property\">dateFormat</span>: <span class=sf-dump-const>null</span>
      #<span class=sf-dump-protected title=\"Protected property\">appends</span>: []
      #<span class=sf-dump-protected title=\"Protected property\">dispatchesEvents</span>: []
      #<span class=sf-dump-protected title=\"Protected property\">observables</span>: []
      #<span class=sf-dump-protected title=\"Protected property\">relations</span>: []
      #<span class=sf-dump-protected title=\"Protected property\">touches</span>: []
      +<span class=sf-dump-public title=\"Public property\">timestamps</span>: <span class=sf-dump-const>true</span>
      +<span class=sf-dump-public title=\"Public property\">usesUniqueIds</span>: <span class=sf-dump-const>false</span>
      #<span class=sf-dump-protected title=\"Protected property\">hidden</span>: []
      #<span class=sf-dump-protected title=\"Protected property\">visible</span>: []
      #<span class=sf-dump-protected title=\"Protected property\">fillable</span>: <span class=sf-dump-note>array:6</span> [ &#8230;6]
      #<span class=sf-dump-protected title=\"Protected property\">guarded</span>: <span class=sf-dump-note>array:1</span> [ &#8230;1]
    </samp>}
    <span class=sf-dump-index>14</span> => <span class=sf-dump-note title=\"App\\Tratamiento
\"><span class=\"sf-dump-ellipsis sf-dump-ellipsis-note\">App</span><span class=\"sf-dump-ellipsis sf-dump-ellipsis-note\">\\</span>Tratamiento</span> {<a class=sf-dump-ref>#2586</a><samp data-depth=3 class=sf-dump-compact>
      #<span class=sf-dump-protected title=\"Protected property\">connection</span>: \"<span class=sf-dump-str title=\"5 characters\">mysql</span>\"
      #<span class=sf-dump-protected title=\"Protected property\">table</span>: \"<span class=sf-dump-str title=\"12 characters\">tratamientos</span>\"
      #<span class=sf-dump-protected title=\"Protected property\">primaryKey</span>: \"<span class=sf-dump-str title=\"7 characters\">ID_Trat</span>\"
      #<span class=sf-dump-protected title=\"Protected property\">keyType</span>: \"<span class=sf-dump-str title=\"3 characters\">int</span>\"
      +<span class=sf-dump-public title=\"Public property\">incrementing</span>: <span class=sf-dump-const>true</span>
      #<span class=sf-dump-protected title=\"Protected property\">with</span>: []
      #<span class=sf-dump-protected title=\"Protected property\">withCount</span>: []
      +<span class=sf-dump-public title=\"Public property\">preventsLazyLoading</span>: <span class=sf-dump-const>false</span>
      #<span class=sf-dump-protected title=\"Protected property\">perPage</span>: <span class=sf-dump-num>15</span>
      +<span class=sf-dump-public title=\"Public property\">exists</span>: <span class=sf-dump-const>true</span>
      +<span class=sf-dump-public title=\"Public property\">wasRecentlyCreated</span>: <span class=sf-dump-const>false</span>
      #<span class=sf-dump-protected title=\"Protected property\">escapeWhenCastingToString</span>: <span class=sf-dump-const>false</span>
      #<span class=sf-dump-protected title=\"Protected property\">attributes</span>: <span class=sf-dump-note>array:41</span> [ &#8230;41]
      #<span class=sf-dump-protected title=\"Protected property\">original</span>: <span class=sf-dump-note>array:41</span> [ &#8230;41]
      #<span class=sf-dump-protected title=\"Protected property\">changes</span>: []
      #<span class=sf-dump-protected title=\"Protected property\">casts</span>: []
      #<span class=sf-dump-protected title=\"Protected property\">classCastCache</span>: []
      #<span class=sf-dump-protected title=\"Protected property\">attributeCastCache</span>: []
      #<span class=sf-dump-protected title=\"Protected property\">dateFormat</span>: <span class=sf-dump-const>null</span>
      #<span class=sf-dump-protected title=\"Protected property\">appends</span>: []
      #<span class=sf-dump-protected title=\"Protected property\">dispatchesEvents</span>: []
      #<span class=sf-dump-protected title=\"Protected property\">observables</span>: []
      #<span class=sf-dump-protected title=\"Protected property\">relations</span>: []
      #<span class=sf-dump-protected title=\"Protected property\">touches</span>: []
      +<span class=sf-dump-public title=\"Public property\">timestamps</span>: <span class=sf-dump-const>true</span>
      +<span class=sf-dump-public title=\"Public property\">usesUniqueIds</span>: <span class=sf-dump-const>false</span>
      #<span class=sf-dump-protected title=\"Protected property\">hidden</span>: []
      #<span class=sf-dump-protected title=\"Protected property\">visible</span>: []
      #<span class=sf-dump-protected title=\"Protected property\">fillable</span>: <span class=sf-dump-note>array:6</span> [ &#8230;6]
      #<span class=sf-dump-protected title=\"Protected property\">guarded</span>: <span class=sf-dump-note>array:1</span> [ &#8230;1]
    </samp>}
    <span class=sf-dump-index>15</span> => <span class=sf-dump-note title=\"App\\Tratamiento
\"><span class=\"sf-dump-ellipsis sf-dump-ellipsis-note\">App</span><span class=\"sf-dump-ellipsis sf-dump-ellipsis-note\">\\</span>Tratamiento</span> {<a class=sf-dump-ref>#2587</a><samp data-depth=3 class=sf-dump-compact>
      #<span class=sf-dump-protected title=\"Protected property\">connection</span>: \"<span class=sf-dump-str title=\"5 characters\">mysql</span>\"
      #<span class=sf-dump-protected title=\"Protected property\">table</span>: \"<span class=sf-dump-str title=\"12 characters\">tratamientos</span>\"
      #<span class=sf-dump-protected title=\"Protected property\">primaryKey</span>: \"<span class=sf-dump-str title=\"7 characters\">ID_Trat</span>\"
      #<span class=sf-dump-protected title=\"Protected property\">keyType</span>: \"<span class=sf-dump-str title=\"3 characters\">int</span>\"
      +<span class=sf-dump-public title=\"Public property\">incrementing</span>: <span class=sf-dump-const>true</span>
      #<span class=sf-dump-protected title=\"Protected property\">with</span>: []
      #<span class=sf-dump-protected title=\"Protected property\">withCount</span>: []
      +<span class=sf-dump-public title=\"Public property\">preventsLazyLoading</span>: <span class=sf-dump-const>false</span>
      #<span class=sf-dump-protected title=\"Protected property\">perPage</span>: <span class=sf-dump-num>15</span>
      +<span class=sf-dump-public title=\"Public property\">exists</span>: <span class=sf-dump-const>true</span>
      +<span class=sf-dump-public title=\"Public property\">wasRecentlyCreated</span>: <span class=sf-dump-const>false</span>
      #<span class=sf-dump-protected title=\"Protected property\">escapeWhenCastingToString</span>: <span class=sf-dump-const>false</span>
      #<span class=sf-dump-protected title=\"Protected property\">attributes</span>: <span class=sf-dump-note>array:41</span> [ &#8230;41]
      #<span class=sf-dump-protected title=\"Protected property\">original</span>: <span class=sf-dump-note>array:41</span> [ &#8230;41]
      #<span class=sf-dump-protected title=\"Protected property\">changes</span>: []
      #<span class=sf-dump-protected title=\"Protected property\">casts</span>: []
      #<span class=sf-dump-protected title=\"Protected property\">classCastCache</span>: []
      #<span class=sf-dump-protected title=\"Protected property\">attributeCastCache</span>: []
      #<span class=sf-dump-protected title=\"Protected property\">dateFormat</span>: <span class=sf-dump-const>null</span>
      #<span class=sf-dump-protected title=\"Protected property\">appends</span>: []
      #<span class=sf-dump-protected title=\"Protected property\">dispatchesEvents</span>: []
      #<span class=sf-dump-protected title=\"Protected property\">observables</span>: []
      #<span class=sf-dump-protected title=\"Protected property\">relations</span>: []
      #<span class=sf-dump-protected title=\"Protected property\">touches</span>: []
      +<span class=sf-dump-public title=\"Public property\">timestamps</span>: <span class=sf-dump-const>true</span>
      +<span class=sf-dump-public title=\"Public property\">usesUniqueIds</span>: <span class=sf-dump-const>false</span>
      #<span class=sf-dump-protected title=\"Protected property\">hidden</span>: []
      #<span class=sf-dump-protected title=\"Protected property\">visible</span>: []
      #<span class=sf-dump-protected title=\"Protected property\">fillable</span>: <span class=sf-dump-note>array:6</span> [ &#8230;6]
      #<span class=sf-dump-protected title=\"Protected property\">guarded</span>: <span class=sf-dump-note>array:1</span> [ &#8230;1]
    </samp>}
    <span class=sf-dump-index>16</span> => <span class=sf-dump-note title=\"App\\Tratamiento
\"><span class=\"sf-dump-ellipsis sf-dump-ellipsis-note\">App</span><span class=\"sf-dump-ellipsis sf-dump-ellipsis-note\">\\</span>Tratamiento</span> {<a class=sf-dump-ref>#2588</a><samp data-depth=3 class=sf-dump-compact>
      #<span class=sf-dump-protected title=\"Protected property\">connection</span>: \"<span class=sf-dump-str title=\"5 characters\">mysql</span>\"
      #<span class=sf-dump-protected title=\"Protected property\">table</span>: \"<span class=sf-dump-str title=\"12 characters\">tratamientos</span>\"
      #<span class=sf-dump-protected title=\"Protected property\">primaryKey</span>: \"<span class=sf-dump-str title=\"7 characters\">ID_Trat</span>\"
      #<span class=sf-dump-protected title=\"Protected property\">keyType</span>: \"<span class=sf-dump-str title=\"3 characters\">int</span>\"
      +<span class=sf-dump-public title=\"Public property\">incrementing</span>: <span class=sf-dump-const>true</span>
      #<span class=sf-dump-protected title=\"Protected property\">with</span>: []
      #<span class=sf-dump-protected title=\"Protected property\">withCount</span>: []
      +<span class=sf-dump-public title=\"Public property\">preventsLazyLoading</span>: <span class=sf-dump-const>false</span>
      #<span class=sf-dump-protected title=\"Protected property\">perPage</span>: <span class=sf-dump-num>15</span>
      +<span class=sf-dump-public title=\"Public property\">exists</span>: <span class=sf-dump-const>true</span>
      +<span class=sf-dump-public title=\"Public property\">wasRecentlyCreated</span>: <span class=sf-dump-const>false</span>
      #<span class=sf-dump-protected title=\"Protected property\">escapeWhenCastingToString</span>: <span class=sf-dump-const>false</span>
      #<span class=sf-dump-protected title=\"Protected property\">attributes</span>: <span class=sf-dump-note>array:41</span> [ &#8230;41]
      #<span class=sf-dump-protected title=\"Protected property\">original</span>: <span class=sf-dump-note>array:41</span> [ &#8230;41]
      #<span class=sf-dump-protected title=\"Protected property\">changes</span>: []
      #<span class=sf-dump-protected title=\"Protected property\">casts</span>: []
      #<span class=sf-dump-protected title=\"Protected property\">classCastCache</span>: []
      #<span class=sf-dump-protected title=\"Protected property\">attributeCastCache</span>: []
      #<span class=sf-dump-protected title=\"Protected property\">dateFormat</span>: <span class=sf-dump-const>null</span>
      #<span class=sf-dump-protected title=\"Protected property\">appends</span>: []
      #<span class=sf-dump-protected title=\"Protected property\">dispatchesEvents</span>: []
      #<span class=sf-dump-protected title=\"Protected property\">observables</span>: []
      #<span class=sf-dump-protected title=\"Protected property\">relations</span>: []
      #<span class=sf-dump-protected title=\"Protected property\">touches</span>: []
      +<span class=sf-dump-public title=\"Public property\">timestamps</span>: <span class=sf-dump-const>true</span>
      +<span class=sf-dump-public title=\"Public property\">usesUniqueIds</span>: <span class=sf-dump-const>false</span>
      #<span class=sf-dump-protected title=\"Protected property\">hidden</span>: []
      #<span class=sf-dump-protected title=\"Protected property\">visible</span>: []
      #<span class=sf-dump-protected title=\"Protected property\">fillable</span>: <span class=sf-dump-note>array:6</span> [ &#8230;6]
      #<span class=sf-dump-protected title=\"Protected property\">guarded</span>: <span class=sf-dump-note>array:1</span> [ &#8230;1]
    </samp>}
    <span class=sf-dump-index>17</span> => <span class=sf-dump-note title=\"App\\Tratamiento
\"><span class=\"sf-dump-ellipsis sf-dump-ellipsis-note\">App</span><span class=\"sf-dump-ellipsis sf-dump-ellipsis-note\">\\</span>Tratamiento</span> {<a class=sf-dump-ref>#2589</a><samp data-depth=3 class=sf-dump-compact>
      #<span class=sf-dump-protected title=\"Protected property\">connection</span>: \"<span class=sf-dump-str title=\"5 characters\">mysql</span>\"
      #<span class=sf-dump-protected title=\"Protected property\">table</span>: \"<span class=sf-dump-str title=\"12 characters\">tratamientos</span>\"
      #<span class=sf-dump-protected title=\"Protected property\">primaryKey</span>: \"<span class=sf-dump-str title=\"7 characters\">ID_Trat</span>\"
      #<span class=sf-dump-protected title=\"Protected property\">keyType</span>: \"<span class=sf-dump-str title=\"3 characters\">int</span>\"
      +<span class=sf-dump-public title=\"Public property\">incrementing</span>: <span class=sf-dump-const>true</span>
      #<span class=sf-dump-protected title=\"Protected property\">with</span>: []
      #<span class=sf-dump-protected title=\"Protected property\">withCount</span>: []
      +<span class=sf-dump-public title=\"Public property\">preventsLazyLoading</span>: <span class=sf-dump-const>false</span>
      #<span class=sf-dump-protected title=\"Protected property\">perPage</span>: <span class=sf-dump-num>15</span>
      +<span class=sf-dump-public title=\"Public property\">exists</span>: <span class=sf-dump-const>true</span>
      +<span class=sf-dump-public title=\"Public property\">wasRecentlyCreated</span>: <span class=sf-dump-const>false</span>
      #<span class=sf-dump-protected title=\"Protected property\">escapeWhenCastingToString</span>: <span class=sf-dump-const>false</span>
      #<span class=sf-dump-protected title=\"Protected property\">attributes</span>: <span class=sf-dump-note>array:41</span> [ &#8230;41]
      #<span class=sf-dump-protected title=\"Protected property\">original</span>: <span class=sf-dump-note>array:41</span> [ &#8230;41]
      #<span class=sf-dump-protected title=\"Protected property\">changes</span>: []
      #<span class=sf-dump-protected title=\"Protected property\">casts</span>: []
      #<span class=sf-dump-protected title=\"Protected property\">classCastCache</span>: []
      #<span class=sf-dump-protected title=\"Protected property\">attributeCastCache</span>: []
      #<span class=sf-dump-protected title=\"Protected property\">dateFormat</span>: <span class=sf-dump-const>null</span>
      #<span class=sf-dump-protected title=\"Protected property\">appends</span>: []
      #<span class=sf-dump-protected title=\"Protected property\">dispatchesEvents</span>: []
      #<span class=sf-dump-protected title=\"Protected property\">observables</span>: []
      #<span class=sf-dump-protected title=\"Protected property\">relations</span>: []
      #<span class=sf-dump-protected title=\"Protected property\">touches</span>: []
      +<span class=sf-dump-public title=\"Public property\">timestamps</span>: <span class=sf-dump-const>true</span>
      +<span class=sf-dump-public title=\"Public property\">usesUniqueIds</span>: <span class=sf-dump-const>false</span>
      #<span class=sf-dump-protected title=\"Protected property\">hidden</span>: []
      #<span class=sf-dump-protected title=\"Protected property\">visible</span>: []
      #<span class=sf-dump-protected title=\"Protected property\">fillable</span>: <span class=sf-dump-note>array:6</span> [ &#8230;6]
      #<span class=sf-dump-protected title=\"Protected property\">guarded</span>: <span class=sf-dump-note>array:1</span> [ &#8230;1]
    </samp>}
    <span class=sf-dump-index>18</span> => <span class=sf-dump-note title=\"App\\Tratamiento
\"><span class=\"sf-dump-ellipsis sf-dump-ellipsis-note\">App</span><span class=\"sf-dump-ellipsis sf-dump-ellipsis-note\">\\</span>Tratamiento</span> {<a class=sf-dump-ref>#2590</a><samp data-depth=3 class=sf-dump-compact>
      #<span class=sf-dump-protected title=\"Protected property\">connection</span>: \"<span class=sf-dump-str title=\"5 characters\">mysql</span>\"
      #<span class=sf-dump-protected title=\"Protected property\">table</span>: \"<span class=sf-dump-str title=\"12 characters\">tratamientos</span>\"
      #<span class=sf-dump-protected title=\"Protected property\">primaryKey</span>: \"<span class=sf-dump-str title=\"7 characters\">ID_Trat</span>\"
      #<span class=sf-dump-protected title=\"Protected property\">keyType</span>: \"<span class=sf-dump-str title=\"3 characters\">int</span>\"
      +<span class=sf-dump-public title=\"Public property\">incrementing</span>: <span class=sf-dump-const>true</span>
      #<span class=sf-dump-protected title=\"Protected property\">with</span>: []
      #<span class=sf-dump-protected title=\"Protected property\">withCount</span>: []
      +<span class=sf-dump-public title=\"Public property\">preventsLazyLoading</span>: <span class=sf-dump-const>false</span>
      #<span class=sf-dump-protected title=\"Protected property\">perPage</span>: <span class=sf-dump-num>15</span>
      +<span class=sf-dump-public title=\"Public property\">exists</span>: <span class=sf-dump-const>true</span>
      +<span class=sf-dump-public title=\"Public property\">wasRecentlyCreated</span>: <span class=sf-dump-const>false</span>
      #<span class=sf-dump-protected title=\"Protected property\">escapeWhenCastingToString</span>: <span class=sf-dump-const>false</span>
      #<span class=sf-dump-protected title=\"Protected property\">attributes</span>: <span class=sf-dump-note>array:41</span> [ &#8230;41]
      #<span class=sf-dump-protected title=\"Protected property\">original</span>: <span class=sf-dump-note>array:41</span> [ &#8230;41]
      #<span class=sf-dump-protected title=\"Protected property\">changes</span>: []
      #<span class=sf-dump-protected title=\"Protected property\">casts</span>: []
      #<span class=sf-dump-protected title=\"Protected property\">classCastCache</span>: []
      #<span class=sf-dump-protected title=\"Protected property\">attributeCastCache</span>: []
      #<span class=sf-dump-protected title=\"Protected property\">dateFormat</span>: <span class=sf-dump-const>null</span>
      #<span class=sf-dump-protected title=\"Protected property\">appends</span>: []
      #<span class=sf-dump-protected title=\"Protected property\">dispatchesEvents</span>: []
      #<span class=sf-dump-protected title=\"Protected property\">observables</span>: []
      #<span class=sf-dump-protected title=\"Protected property\">relations</span>: []
      #<span class=sf-dump-protected title=\"Protected property\">touches</span>: []
      +<span class=sf-dump-public title=\"Public property\">timestamps</span>: <span class=sf-dump-const>true</span>
      +<span class=sf-dump-public title=\"Public property\">usesUniqueIds</span>: <span class=sf-dump-const>false</span>
      #<span class=sf-dump-protected title=\"Protected property\">hidden</span>: []
      #<span class=sf-dump-protected title=\"Protected property\">visible</span>: []
      #<span class=sf-dump-protected title=\"Protected property\">fillable</span>: <span class=sf-dump-note>array:6</span> [ &#8230;6]
      #<span class=sf-dump-protected title=\"Protected property\">guarded</span>: <span class=sf-dump-note>array:1</span> [ &#8230;1]
    </samp>}
  </samp>]
  #<span class=sf-dump-protected title=\"Protected property\">escapeWhenCastingToString</span>: <span class=sf-dump-const>false</span>
</samp>}
</pre><script>Sfdump(\"sf-dump-788314459\", {\"maxDepth\":3,\"maxStringLength\":160})</script>
","Observaciones":"<pre class=sf-dump id=sf-dump-972658637 data-indent-pad=\"  \"><span class=sf-dump-note>Illuminate\\Database\\Eloquent\\Collection</span> {<a class=sf-dump-ref>#2178</a><samp data-depth=1 class=sf-dump-expanded>
  #<span class=sf-dump-protected title=\"Protected property\">items</span>: <span class=sf-dump-note>array:14</span> [<samp data-depth=2 class=sf-dump-compact>
    <span class=sf-dump-index>0</span> => <span class=sf-dump-note title=\"App\\Observacion
\"><span class=\"sf-dump-ellipsis sf-dump-ellipsis-note\">App</span><span class=\"sf-dump-ellipsis sf-dump-ellipsis-note\">\\</span>Observacion</span> {<a class=sf-dump-ref>#2177</a><samp data-depth=3 class=sf-dump-compact>
      #<span class=sf-dump-protected title=\"Protected property\">connection</span>: \"<span class=sf-dump-str title=\"5 characters\">mysql</span>\"
      #<span class=sf-dump-protected title=\"Protected property\">table</span>: \"<span class=sf-dump-str title=\"12 characters\">observacions</span>\"
      #<span class=sf-dump-protected title=\"Protected property\">primaryKey</span>: \"<span class=sf-dump-str title=\"6 characters\">ID_Obs</span>\"
      #<span class=sf-dump-protected title=\"Protected property\">keyType</span>: \"<span class=sf-dump-str title=\"3 characters\">int</span>\"
      +<span class=sf-dump-public title=\"Public property\">incrementing</span>: <span class=sf-dump-const>true</span>
      #<span class=sf-dump-protected title=\"Protected property\">with</span>: []
      #<span class=sf-dump-protected title=\"Protected property\">withCount</span>: []
      +<span class=sf-dump-public title=\"Public property\">preventsLazyLoading</span>: <span class=sf-dump-const>false</span>
      #<span class=sf-dump-protected title=\"Protected property\">perPage</span>: <span class=sf-dump-num>15</span>
      +<span class=sf-dump-public title=\"Public property\">exists</span>: <span class=sf-dump-const>true</span>
      +<span class=sf-dump-public title=\"Public property\">wasRecentlyCreated</span>: <span class=sf-dump-const>false</span>
      #<span class=sf-dump-protected title=\"Protected property\">escapeWhenCastingToString</span>: <span class=sf-dump-const>false</span>
      #<span class=sf-dump-protected title=\"Protected property\">attributes</span>: <span class=sf-dump-note>array:12</span> [ &#8230;12]
      #<span class=sf-dump-protected title=\"Protected property\">original</span>: <span class=sf-dump-note>array:12</span> [ &#8230;12]
      #<span class=sf-dump-protected title=\"Protected property\">changes</span>: []
      #<span class=sf-dump-protected title=\"Protected property\">casts</span>: []
      #<span class=sf-dump-protected title=\"Protected property\">classCastCache</span>: []
      #<span class=sf-dump-protected title=\"Protected property\">attributeCastCache</span>: []
      #<span class=sf-dump-protected title=\"Protected property\">dateFormat</span>: <span class=sf-dump-const>null</span>
      #<span class=sf-dump-protected title=\"Protected property\">appends</span>: []
      #<span class=sf-dump-protected title=\"Protected property\">dispatchesEvents</span>: []
      #<span class=sf-dump-protected title=\"Protected property\">observables</span>: []
      #<span class=sf-dump-protected title=\"Protected property\">relations</span>: []
      #<span class=sf-dump-protected title=\"Protected property\">touches</span>: []
      +<span class=sf-dump-public title=\"Public property\">timestamps</span>: <span class=sf-dump-const>true</span>
      +<span class=sf-dump-public title=\"Public property\">usesUniqueIds</span>: <span class=sf-dump-const>false</span>
      #<span class=sf-dump-protected title=\"Protected property\">hidden</span>: []
      #<span class=sf-dump-protected title=\"Protected property\">visible</span>: []
      #<span class=sf-dump-protected title=\"Protected property\">fillable</span>: <span class=sf-dump-note>array:8</span> [ &#8230;8]
      #<span class=sf-dump-protected title=\"Protected property\">guarded</span>: <span class=sf-dump-note>array:1</span> [ &#8230;1]
    </samp>}
    <span class=sf-dump-index>1</span> => <span class=sf-dump-note title=\"App\\Observacion
\"><span class=\"sf-dump-ellipsis sf-dump-ellipsis-note\">App</span><span class=\"sf-dump-ellipsis sf-dump-ellipsis-note\">\\</span>Observacion</span> {<a class=sf-dump-ref>#2180</a><samp data-depth=3 class=sf-dump-compact>
      #<span class=sf-dump-protected title=\"Protected property\">connection</span>: \"<span class=sf-dump-str title=\"5 characters\">mysql</span>\"
      #<span class=sf-dump-protected title=\"Protected property\">table</span>: \"<span class=sf-dump-str title=\"12 characters\">observacions</span>\"
      #<span class=sf-dump-protected title=\"Protected property\">primaryKey</span>: \"<span class=sf-dump-str title=\"6 characters\">ID_Obs</span>\"
      #<span class=sf-dump-protected title=\"Protected property\">keyType</span>: \"<span class=sf-dump-str title=\"3 characters\">int</span>\"
      +<span class=sf-dump-public title=\"Public property\">incrementing</span>: <span class=sf-dump-const>true</span>
      #<span class=sf-dump-protected title=\"Protected property\">with</span>: []
      #<span class=sf-dump-protected title=\"Protected property\">withCount</span>: []
      +<span class=sf-dump-public title=\"Public property\">preventsLazyLoading</span>: <span class=sf-dump-const>false</span>
      #<span class=sf-dump-protected title=\"Protected property\">perPage</span>: <span class=sf-dump-num>15</span>
      +<span class=sf-dump-public title=\"Public property\">exists</span>: <span class=sf-dump-const>true</span>
      +<span class=sf-dump-public title=\"Public property\">wasRecentlyCreated</span>: <span class=sf-dump-const>false</span>
      #<span class=sf-dump-protected title=\"Protected property\">escapeWhenCastingToString</span>: <span class=sf-dump-const>false</span>
      #<span class=sf-dump-protected title=\"Protected property\">attributes</span>: <span class=sf-dump-note>array:12</span> [ &#8230;12]
      #<span class=sf-dump-protected title=\"Protected property\">original</span>: <span class=sf-dump-note>array:12</span> [ &#8230;12]
      #<span class=sf-dump-protected title=\"Protected property\">changes</span>: []
      #<span class=sf-dump-protected title=\"Protected property\">casts</span>: []
      #<span class=sf-dump-protected title=\"Protected property\">classCastCache</span>: []
      #<span class=sf-dump-protected title=\"Protected property\">attributeCastCache</span>: []
      #<span class=sf-dump-protected title=\"Protected property\">dateFormat</span>: <span class=sf-dump-const>null</span>
      #<span class=sf-dump-protected title=\"Protected property\">appends</span>: []
      #<span class=sf-dump-protected title=\"Protected property\">dispatchesEvents</span>: []
      #<span class=sf-dump-protected title=\"Protected property\">observables</span>: []
      #<span class=sf-dump-protected title=\"Protected property\">relations</span>: []
      #<span class=sf-dump-protected title=\"Protected property\">touches</span>: []
      +<span class=sf-dump-public title=\"Public property\">timestamps</span>: <span class=sf-dump-const>true</span>
      +<span class=sf-dump-public title=\"Public property\">usesUniqueIds</span>: <span class=sf-dump-const>false</span>
      #<span class=sf-dump-protected title=\"Protected property\">hidden</span>: []
      #<span class=sf-dump-protected title=\"Protected property\">visible</span>: []
      #<span class=sf-dump-protected title=\"Protected property\">fillable</span>: <span class=sf-dump-note>array:8</span> [ &#8230;8]
      #<span class=sf-dump-protected title=\"Protected property\">guarded</span>: <span class=sf-dump-note>array:1</span> [ &#8230;1]
    </samp>}
    <span class=sf-dump-index>2</span> => <span class=sf-dump-note title=\"App\\Observacion
\"><span class=\"sf-dump-ellipsis sf-dump-ellipsis-note\">App</span><span class=\"sf-dump-ellipsis sf-dump-ellipsis-note\">\\</span>Observacion</span> {<a class=sf-dump-ref>#2181</a><samp data-depth=3 class=sf-dump-compact>
      #<span class=sf-dump-protected title=\"Protected property\">connection</span>: \"<span class=sf-dump-str title=\"5 characters\">mysql</span>\"
      #<span class=sf-dump-protected title=\"Protected property\">table</span>: \"<span class=sf-dump-str title=\"12 characters\">observacions</span>\"
      #<span class=sf-dump-protected title=\"Protected property\">primaryKey</span>: \"<span class=sf-dump-str title=\"6 characters\">ID_Obs</span>\"
      #<span class=sf-dump-protected title=\"Protected property\">keyType</span>: \"<span class=sf-dump-str title=\"3 characters\">int</span>\"
      +<span class=sf-dump-public title=\"Public property\">incrementing</span>: <span class=sf-dump-const>true</span>
      #<span class=sf-dump-protected title=\"Protected property\">with</span>: []
      #<span class=sf-dump-protected title=\"Protected property\">withCount</span>: []
      +<span class=sf-dump-public title=\"Public property\">preventsLazyLoading</span>: <span class=sf-dump-const>false</span>
      #<span class=sf-dump-protected title=\"Protected property\">perPage</span>: <span class=sf-dump-num>15</span>
      +<span class=sf-dump-public title=\"Public property\">exists</span>: <span class=sf-dump-const>true</span>
      +<span class=sf-dump-public title=\"Public property\">wasRecentlyCreated</span>: <span class=sf-dump-const>false</span>
      #<span class=sf-dump-protected title=\"Protected property\">escapeWhenCastingToString</span>: <span class=sf-dump-const>false</span>
      #<span class=sf-dump-protected title=\"Protected property\">attributes</span>: <span class=sf-dump-note>array:12</span> [ &#8230;12]
      #<span class=sf-dump-protected title=\"Protected property\">original</span>: <span class=sf-dump-note>array:12</span> [ &#8230;12]
      #<span class=sf-dump-protected title=\"Protected property\">changes</span>: []
      #<span class=sf-dump-protected title=\"Protected property\">casts</span>: []
      #<span class=sf-dump-protected title=\"Protected property\">classCastCache</span>: []
      #<span class=sf-dump-protected title=\"Protected property\">attributeCastCache</span>: []
      #<span class=sf-dump-protected title=\"Protected property\">dateFormat</span>: <span class=sf-dump-const>null</span>
      #<span class=sf-dump-protected title=\"Protected property\">appends</span>: []
      #<span class=sf-dump-protected title=\"Protected property\">dispatchesEvents</span>: []
      #<span class=sf-dump-protected title=\"Protected property\">observables</span>: []
      #<span class=sf-dump-protected title=\"Protected property\">relations</span>: []
      #<span class=sf-dump-protected title=\"Protected property\">touches</span>: []
      +<span class=sf-dump-public title=\"Public property\">timestamps</span>: <span class=sf-dump-const>true</span>
      +<span class=sf-dump-public title=\"Public property\">usesUniqueIds</span>: <span class=sf-dump-const>false</span>
      #<span class=sf-dump-protected title=\"Protected property\">hidden</span>: []
      #<span class=sf-dump-protected title=\"Protected property\">visible</span>: []
      #<span class=sf-dump-protected title=\"Protected property\">fillable</span>: <span class=sf-dump-note>array:8</span> [ &#8230;8]
      #<span class=sf-dump-protected title=\"Protected property\">guarded</span>: <span class=sf-dump-note>array:1</span> [ &#8230;1]
    </samp>}
    <span class=sf-dump-index>3</span> => <span class=sf-dump-note title=\"App\\Observacion
\"><span class=\"sf-dump-ellipsis sf-dump-ellipsis-note\">App</span><span class=\"sf-dump-ellipsis sf-dump-ellipsis-note\">\\</span>Observacion</span> {<a class=sf-dump-ref>#2182</a><samp data-depth=3 class=sf-dump-compact>
      #<span class=sf-dump-protected title=\"Protected property\">connection</span>: \"<span class=sf-dump-str title=\"5 characters\">mysql</span>\"
      #<span class=sf-dump-protected title=\"Protected property\">table</span>: \"<span class=sf-dump-str title=\"12 characters\">observacions</span>\"
      #<span class=sf-dump-protected title=\"Protected property\">primaryKey</span>: \"<span class=sf-dump-str title=\"6 characters\">ID_Obs</span>\"
      #<span class=sf-dump-protected title=\"Protected property\">keyType</span>: \"<span class=sf-dump-str title=\"3 characters\">int</span>\"
      +<span class=sf-dump-public title=\"Public property\">incrementing</span>: <span class=sf-dump-const>true</span>
      #<span class=sf-dump-protected title=\"Protected property\">with</span>: []
      #<span class=sf-dump-protected title=\"Protected property\">withCount</span>: []
      +<span class=sf-dump-public title=\"Public property\">preventsLazyLoading</span>: <span class=sf-dump-const>false</span>
      #<span class=sf-dump-protected title=\"Protected property\">perPage</span>: <span class=sf-dump-num>15</span>
      +<span class=sf-dump-public title=\"Public property\">exists</span>: <span class=sf-dump-const>true</span>
      +<span class=sf-dump-public title=\"Public property\">wasRecentlyCreated</span>: <span class=sf-dump-const>false</span>
      #<span class=sf-dump-protected title=\"Protected property\">escapeWhenCastingToString</span>: <span class=sf-dump-const>false</span>
      #<span class=sf-dump-protected title=\"Protected property\">attributes</span>: <span class=sf-dump-note>array:12</span> [ &#8230;12]
      #<span class=sf-dump-protected title=\"Protected property\">original</span>: <span class=sf-dump-note>array:12</span> [ &#8230;12]
      #<span class=sf-dump-protected title=\"Protected property\">changes</span>: []
      #<span class=sf-dump-protected title=\"Protected property\">casts</span>: []
      #<span class=sf-dump-protected title=\"Protected property\">classCastCache</span>: []
      #<span class=sf-dump-protected title=\"Protected property\">attributeCastCache</span>: []
      #<span class=sf-dump-protected title=\"Protected property\">dateFormat</span>: <span class=sf-dump-const>null</span>
      #<span class=sf-dump-protected title=\"Protected property\">appends</span>: []
      #<span class=sf-dump-protected title=\"Protected property\">dispatchesEvents</span>: []
      #<span class=sf-dump-protected title=\"Protected property\">observables</span>: []
      #<span class=sf-dump-protected title=\"Protected property\">relations</span>: []
      #<span class=sf-dump-protected title=\"Protected property\">touches</span>: []
      +<span class=sf-dump-public title=\"Public property\">timestamps</span>: <span class=sf-dump-const>true</span>
      +<span class=sf-dump-public title=\"Public property\">usesUniqueIds</span>: <span class=sf-dump-const>false</span>
      #<span class=sf-dump-protected title=\"Protected property\">hidden</span>: []
      #<span class=sf-dump-protected title=\"Protected property\">visible</span>: []
      #<span class=sf-dump-protected title=\"Protected property\">fillable</span>: <span class=sf-dump-note>array:8</span> [ &#8230;8]
      #<span class=sf-dump-protected title=\"Protected property\">guarded</span>: <span class=sf-dump-note>array:1</span> [ &#8230;1]
    </samp>}
    <span class=sf-dump-index>4</span> => <span class=sf-dump-note title=\"App\\Observacion
\"><span class=\"sf-dump-ellipsis sf-dump-ellipsis-note\">App</span><span class=\"sf-dump-ellipsis sf-dump-ellipsis-note\">\\</span>Observacion</span> {<a class=sf-dump-ref>#2183</a><samp data-depth=3 class=sf-dump-compact>
      #<span class=sf-dump-protected title=\"Protected property\">connection</span>: \"<span class=sf-dump-str title=\"5 characters\">mysql</span>\"
      #<span class=sf-dump-protected title=\"Protected property\">table</span>: \"<span class=sf-dump-str title=\"12 characters\">observacions</span>\"
      #<span class=sf-dump-protected title=\"Protected property\">primaryKey</span>: \"<span class=sf-dump-str title=\"6 characters\">ID_Obs</span>\"
      #<span class=sf-dump-protected title=\"Protected property\">keyType</span>: \"<span class=sf-dump-str title=\"3 characters\">int</span>\"
      +<span class=sf-dump-public title=\"Public property\">incrementing</span>: <span class=sf-dump-const>true</span>
      #<span class=sf-dump-protected title=\"Protected property\">with</span>: []
      #<span class=sf-dump-protected title=\"Protected property\">withCount</span>: []
      +<span class=sf-dump-public title=\"Public property\">preventsLazyLoading</span>: <span class=sf-dump-const>false</span>
      #<span class=sf-dump-protected title=\"Protected property\">perPage</span>: <span class=sf-dump-num>15</span>
      +<span class=sf-dump-public title=\"Public property\">exists</span>: <span class=sf-dump-const>true</span>
      +<span class=sf-dump-public title=\"Public property\">wasRecentlyCreated</span>: <span class=sf-dump-const>false</span>
      #<span class=sf-dump-protected title=\"Protected property\">escapeWhenCastingToString</span>: <span class=sf-dump-const>false</span>
      #<span class=sf-dump-protected title=\"Protected property\">attributes</span>: <span class=sf-dump-note>array:12</span> [ &#8230;12]
      #<span class=sf-dump-protected title=\"Protected property\">original</span>: <span class=sf-dump-note>array:12</span> [ &#8230;12]
      #<span class=sf-dump-protected title=\"Protected property\">changes</span>: []
      #<span class=sf-dump-protected title=\"Protected property\">casts</span>: []
      #<span class=sf-dump-protected title=\"Protected property\">classCastCache</span>: []
      #<span class=sf-dump-protected title=\"Protected property\">attributeCastCache</span>: []
      #<span class=sf-dump-protected title=\"Protected property\">dateFormat</span>: <span class=sf-dump-const>null</span>
      #<span class=sf-dump-protected title=\"Protected property\">appends</span>: []
      #<span class=sf-dump-protected title=\"Protected property\">dispatchesEvents</span>: []
      #<span class=sf-dump-protected title=\"Protected property\">observables</span>: []
      #<span class=sf-dump-protected title=\"Protected property\">relations</span>: []
      #<span class=sf-dump-protected title=\"Protected property\">touches</span>: []
      +<span class=sf-dump-public title=\"Public property\">timestamps</span>: <span class=sf-dump-const>true</span>
      +<span class=sf-dump-public title=\"Public property\">usesUniqueIds</span>: <span class=sf-dump-const>false</span>
      #<span class=sf-dump-protected title=\"Protected property\">hidden</span>: []
      #<span class=sf-dump-protected title=\"Protected property\">visible</span>: []
      #<span class=sf-dump-protected title=\"Protected property\">fillable</span>: <span class=sf-dump-note>array:8</span> [ &#8230;8]
      #<span class=sf-dump-protected title=\"Protected property\">guarded</span>: <span class=sf-dump-note>array:1</span> [ &#8230;1]
    </samp>}
    <span class=sf-dump-index>5</span> => <span class=sf-dump-note title=\"App\\Observacion
\"><span class=\"sf-dump-ellipsis sf-dump-ellipsis-note\">App</span><span class=\"sf-dump-ellipsis sf-dump-ellipsis-note\">\\</span>Observacion</span> {<a class=sf-dump-ref>#2184</a><samp data-depth=3 class=sf-dump-compact>
      #<span class=sf-dump-protected title=\"Protected property\">connection</span>: \"<span class=sf-dump-str title=\"5 characters\">mysql</span>\"
      #<span class=sf-dump-protected title=\"Protected property\">table</span>: \"<span class=sf-dump-str title=\"12 characters\">observacions</span>\"
      #<span class=sf-dump-protected title=\"Protected property\">primaryKey</span>: \"<span class=sf-dump-str title=\"6 characters\">ID_Obs</span>\"
      #<span class=sf-dump-protected title=\"Protected property\">keyType</span>: \"<span class=sf-dump-str title=\"3 characters\">int</span>\"
      +<span class=sf-dump-public title=\"Public property\">incrementing</span>: <span class=sf-dump-const>true</span>
      #<span class=sf-dump-protected title=\"Protected property\">with</span>: []
      #<span class=sf-dump-protected title=\"Protected property\">withCount</span>: []
      +<span class=sf-dump-public title=\"Public property\">preventsLazyLoading</span>: <span class=sf-dump-const>false</span>
      #<span class=sf-dump-protected title=\"Protected property\">perPage</span>: <span class=sf-dump-num>15</span>
      +<span class=sf-dump-public title=\"Public property\">exists</span>: <span class=sf-dump-const>true</span>
      +<span class=sf-dump-public title=\"Public property\">wasRecentlyCreated</span>: <span class=sf-dump-const>false</span>
      #<span class=sf-dump-protected title=\"Protected property\">escapeWhenCastingToString</span>: <span class=sf-dump-const>false</span>
      #<span class=sf-dump-protected title=\"Protected property\">attributes</span>: <span class=sf-dump-note>array:12</span> [ &#8230;12]
      #<span class=sf-dump-protected title=\"Protected property\">original</span>: <span class=sf-dump-note>array:12</span> [ &#8230;12]
      #<span class=sf-dump-protected title=\"Protected property\">changes</span>: []
      #<span class=sf-dump-protected title=\"Protected property\">casts</span>: []
      #<span class=sf-dump-protected title=\"Protected property\">classCastCache</span>: []
      #<span class=sf-dump-protected title=\"Protected property\">attributeCastCache</span>: []
      #<span class=sf-dump-protected title=\"Protected property\">dateFormat</span>: <span class=sf-dump-const>null</span>
      #<span class=sf-dump-protected title=\"Protected property\">appends</span>: []
      #<span class=sf-dump-protected title=\"Protected property\">dispatchesEvents</span>: []
      #<span class=sf-dump-protected title=\"Protected property\">observables</span>: []
      #<span class=sf-dump-protected title=\"Protected property\">relations</span>: []
      #<span class=sf-dump-protected title=\"Protected property\">touches</span>: []
      +<span class=sf-dump-public title=\"Public property\">timestamps</span>: <span class=sf-dump-const>true</span>
      +<span class=sf-dump-public title=\"Public property\">usesUniqueIds</span>: <span class=sf-dump-const>false</span>
      #<span class=sf-dump-protected title=\"Protected property\">hidden</span>: []
      #<span class=sf-dump-protected title=\"Protected property\">visible</span>: []
      #<span class=sf-dump-protected title=\"Protected property\">fillable</span>: <span class=sf-dump-note>array:8</span> [ &#8230;8]
      #<span class=sf-dump-protected title=\"Protected property\">guarded</span>: <span class=sf-dump-note>array:1</span> [ &#8230;1]
    </samp>}
    <span class=sf-dump-index>6</span> => <span class=sf-dump-note title=\"App\\Observacion
\"><span class=\"sf-dump-ellipsis sf-dump-ellipsis-note\">App</span><span class=\"sf-dump-ellipsis sf-dump-ellipsis-note\">\\</span>Observacion</span> {<a class=sf-dump-ref>#2185</a><samp data-depth=3 class=sf-dump-compact>
      #<span class=sf-dump-protected title=\"Protected property\">connection</span>: \"<span class=sf-dump-str title=\"5 characters\">mysql</span>\"
      #<span class=sf-dump-protected title=\"Protected property\">table</span>: \"<span class=sf-dump-str title=\"12 characters\">observacions</span>\"
      #<span class=sf-dump-protected title=\"Protected property\">primaryKey</span>: \"<span class=sf-dump-str title=\"6 characters\">ID_Obs</span>\"
      #<span class=sf-dump-protected title=\"Protected property\">keyType</span>: \"<span class=sf-dump-str title=\"3 characters\">int</span>\"
      +<span class=sf-dump-public title=\"Public property\">incrementing</span>: <span class=sf-dump-const>true</span>
      #<span class=sf-dump-protected title=\"Protected property\">with</span>: []
      #<span class=sf-dump-protected title=\"Protected property\">withCount</span>: []
      +<span class=sf-dump-public title=\"Public property\">preventsLazyLoading</span>: <span class=sf-dump-const>false</span>
      #<span class=sf-dump-protected title=\"Protected property\">perPage</span>: <span class=sf-dump-num>15</span>
      +<span class=sf-dump-public title=\"Public property\">exists</span>: <span class=sf-dump-const>true</span>
      +<span class=sf-dump-public title=\"Public property\">wasRecentlyCreated</span>: <span class=sf-dump-const>false</span>
      #<span class=sf-dump-protected title=\"Protected property\">escapeWhenCastingToString</span>: <span class=sf-dump-const>false</span>
      #<span class=sf-dump-protected title=\"Protected property\">attributes</span>: <span class=sf-dump-note>array:12</span> [ &#8230;12]
      #<span class=sf-dump-protected title=\"Protected property\">original</span>: <span class=sf-dump-note>array:12</span> [ &#8230;12]
      #<span class=sf-dump-protected title=\"Protected property\">changes</span>: []
      #<span class=sf-dump-protected title=\"Protected property\">casts</span>: []
      #<span class=sf-dump-protected title=\"Protected property\">classCastCache</span>: []
      #<span class=sf-dump-protected title=\"Protected property\">attributeCastCache</span>: []
      #<span class=sf-dump-protected title=\"Protected property\">dateFormat</span>: <span class=sf-dump-const>null</span>
      #<span class=sf-dump-protected title=\"Protected property\">appends</span>: []
      #<span class=sf-dump-protected title=\"Protected property\">dispatchesEvents</span>: []
      #<span class=sf-dump-protected title=\"Protected property\">observables</span>: []
      #<span class=sf-dump-protected title=\"Protected property\">relations</span>: []
      #<span class=sf-dump-protected title=\"Protected property\">touches</span>: []
      +<span class=sf-dump-public title=\"Public property\">timestamps</span>: <span class=sf-dump-const>true</span>
      +<span class=sf-dump-public title=\"Public property\">usesUniqueIds</span>: <span class=sf-dump-const>false</span>
      #<span class=sf-dump-protected title=\"Protected property\">hidden</span>: []
      #<span class=sf-dump-protected title=\"Protected property\">visible</span>: []
      #<span class=sf-dump-protected title=\"Protected property\">fillable</span>: <span class=sf-dump-note>array:8</span> [ &#8230;8]
      #<span class=sf-dump-protected title=\"Protected property\">guarded</span>: <span class=sf-dump-note>array:1</span> [ &#8230;1]
    </samp>}
    <span class=sf-dump-index>7</span> => <span class=sf-dump-note title=\"App\\Observacion
\"><span class=\"sf-dump-ellipsis sf-dump-ellipsis-note\">App</span><span class=\"sf-dump-ellipsis sf-dump-ellipsis-note\">\\</span>Observacion</span> {<a class=sf-dump-ref>#2186</a><samp data-depth=3 class=sf-dump-compact>
      #<span class=sf-dump-protected title=\"Protected property\">connection</span>: \"<span class=sf-dump-str title=\"5 characters\">mysql</span>\"
      #<span class=sf-dump-protected title=\"Protected property\">table</span>: \"<span class=sf-dump-str title=\"12 characters\">observacions</span>\"
      #<span class=sf-dump-protected title=\"Protected property\">primaryKey</span>: \"<span class=sf-dump-str title=\"6 characters\">ID_Obs</span>\"
      #<span class=sf-dump-protected title=\"Protected property\">keyType</span>: \"<span class=sf-dump-str title=\"3 characters\">int</span>\"
      +<span class=sf-dump-public title=\"Public property\">incrementing</span>: <span class=sf-dump-const>true</span>
      #<span class=sf-dump-protected title=\"Protected property\">with</span>: []
      #<span class=sf-dump-protected title=\"Protected property\">withCount</span>: []
      +<span class=sf-dump-public title=\"Public property\">preventsLazyLoading</span>: <span class=sf-dump-const>false</span>
      #<span class=sf-dump-protected title=\"Protected property\">perPage</span>: <span class=sf-dump-num>15</span>
      +<span class=sf-dump-public title=\"Public property\">exists</span>: <span class=sf-dump-const>true</span>
      +<span class=sf-dump-public title=\"Public property\">wasRecentlyCreated</span>: <span class=sf-dump-const>false</span>
      #<span class=sf-dump-protected title=\"Protected property\">escapeWhenCastingToString</span>: <span class=sf-dump-const>false</span>
      #<span class=sf-dump-protected title=\"Protected property\">attributes</span>: <span class=sf-dump-note>array:12</span> [ &#8230;12]
      #<span class=sf-dump-protected title=\"Protected property\">original</span>: <span class=sf-dump-note>array:12</span> [ &#8230;12]
      #<span class=sf-dump-protected title=\"Protected property\">changes</span>: []
      #<span class=sf-dump-protected title=\"Protected property\">casts</span>: []
      #<span class=sf-dump-protected title=\"Protected property\">classCastCache</span>: []
      #<span class=sf-dump-protected title=\"Protected property\">attributeCastCache</span>: []
      #<span class=sf-dump-protected title=\"Protected property\">dateFormat</span>: <span class=sf-dump-const>null</span>
      #<span class=sf-dump-protected title=\"Protected property\">appends</span>: []
      #<span class=sf-dump-protected title=\"Protected property\">dispatchesEvents</span>: []
      #<span class=sf-dump-protected title=\"Protected property\">observables</span>: []
      #<span class=sf-dump-protected title=\"Protected property\">relations</span>: []
      #<span class=sf-dump-protected title=\"Protected property\">touches</span>: []
      +<span class=sf-dump-public title=\"Public property\">timestamps</span>: <span class=sf-dump-const>true</span>
      +<span class=sf-dump-public title=\"Public property\">usesUniqueIds</span>: <span class=sf-dump-const>false</span>
      #<span class=sf-dump-protected title=\"Protected property\">hidden</span>: []
      #<span class=sf-dump-protected title=\"Protected property\">visible</span>: []
      #<span class=sf-dump-protected title=\"Protected property\">fillable</span>: <span class=sf-dump-note>array:8</span> [ &#8230;8]
      #<span class=sf-dump-protected title=\"Protected property\">guarded</span>: <span class=sf-dump-note>array:1</span> [ &#8230;1]
    </samp>}
    <span class=sf-dump-index>8</span> => <span class=sf-dump-note title=\"App\\Observacion
\"><span class=\"sf-dump-ellipsis sf-dump-ellipsis-note\">App</span><span class=\"sf-dump-ellipsis sf-dump-ellipsis-note\">\\</span>Observacion</span> {<a class=sf-dump-ref>#2187</a><samp data-depth=3 class=sf-dump-compact>
      #<span class=sf-dump-protected title=\"Protected property\">connection</span>: \"<span class=sf-dump-str title=\"5 characters\">mysql</span>\"
      #<span class=sf-dump-protected title=\"Protected property\">table</span>: \"<span class=sf-dump-str title=\"12 characters\">observacions</span>\"
      #<span class=sf-dump-protected title=\"Protected property\">primaryKey</span>: \"<span class=sf-dump-str title=\"6 characters\">ID_Obs</span>\"
      #<span class=sf-dump-protected title=\"Protected property\">keyType</span>: \"<span class=sf-dump-str title=\"3 characters\">int</span>\"
      +<span class=sf-dump-public title=\"Public property\">incrementing</span>: <span class=sf-dump-const>true</span>
      #<span class=sf-dump-protected title=\"Protected property\">with</span>: []
      #<span class=sf-dump-protected title=\"Protected property\">withCount</span>: []
      +<span class=sf-dump-public title=\"Public property\">preventsLazyLoading</span>: <span class=sf-dump-const>false</span>
      #<span class=sf-dump-protected title=\"Protected property\">perPage</span>: <span class=sf-dump-num>15</span>
      +<span class=sf-dump-public title=\"Public property\">exists</span>: <span class=sf-dump-const>true</span>
      +<span class=sf-dump-public title=\"Public property\">wasRecentlyCreated</span>: <span class=sf-dump-const>false</span>
      #<span class=sf-dump-protected title=\"Protected property\">escapeWhenCastingToString</span>: <span class=sf-dump-const>false</span>
      #<span class=sf-dump-protected title=\"Protected property\">attributes</span>: <span class=sf-dump-note>array:12</span> [ &#8230;12]
      #<span class=sf-dump-protected title=\"Protected property\">original</span>: <span class=sf-dump-note>array:12</span> [ &#8230;12]
      #<span class=sf-dump-protected title=\"Protected property\">changes</span>: []
      #<span class=sf-dump-protected title=\"Protected property\">casts</span>: []
      #<span class=sf-dump-protected title=\"Protected property\">classCastCache</span>: []
      #<span class=sf-dump-protected title=\"Protected property\">attributeCastCache</span>: []
      #<span class=sf-dump-protected title=\"Protected property\">dateFormat</span>: <span class=sf-dump-const>null</span>
      #<span class=sf-dump-protected title=\"Protected property\">appends</span>: []
      #<span class=sf-dump-protected title=\"Protected property\">dispatchesEvents</span>: []
      #<span class=sf-dump-protected title=\"Protected property\">observables</span>: []
      #<span class=sf-dump-protected title=\"Protected property\">relations</span>: []
      #<span class=sf-dump-protected title=\"Protected property\">touches</span>: []
      +<span class=sf-dump-public title=\"Public property\">timestamps</span>: <span class=sf-dump-const>true</span>
      +<span class=sf-dump-public title=\"Public property\">usesUniqueIds</span>: <span class=sf-dump-const>false</span>
      #<span class=sf-dump-protected title=\"Protected property\">hidden</span>: []
      #<span class=sf-dump-protected title=\"Protected property\">visible</span>: []
      #<span class=sf-dump-protected title=\"Protected property\">fillable</span>: <span class=sf-dump-note>array:8</span> [ &#8230;8]
      #<span class=sf-dump-protected title=\"Protected property\">guarded</span>: <span class=sf-dump-note>array:1</span> [ &#8230;1]
    </samp>}
    <span class=sf-dump-index>9</span> => <span class=sf-dump-note title=\"App\\Observacion
\"><span class=\"sf-dump-ellipsis sf-dump-ellipsis-note\">App</span><span class=\"sf-dump-ellipsis sf-dump-ellipsis-note\">\\</span>Observacion</span> {<a class=sf-dump-ref>#2188</a><samp data-depth=3 class=sf-dump-compact>
      #<span class=sf-dump-protected title=\"Protected property\">connection</span>: \"<span class=sf-dump-str title=\"5 characters\">mysql</span>\"
      #<span class=sf-dump-protected title=\"Protected property\">table</span>: \"<span class=sf-dump-str title=\"12 characters\">observacions</span>\"
      #<span class=sf-dump-protected title=\"Protected property\">primaryKey</span>: \"<span class=sf-dump-str title=\"6 characters\">ID_Obs</span>\"
      #<span class=sf-dump-protected title=\"Protected property\">keyType</span>: \"<span class=sf-dump-str title=\"3 characters\">int</span>\"
      +<span class=sf-dump-public title=\"Public property\">incrementing</span>: <span class=sf-dump-const>true</span>
      #<span class=sf-dump-protected title=\"Protected property\">with</span>: []
      #<span class=sf-dump-protected title=\"Protected property\">withCount</span>: []
      +<span class=sf-dump-public title=\"Public property\">preventsLazyLoading</span>: <span class=sf-dump-const>false</span>
      #<span class=sf-dump-protected title=\"Protected property\">perPage</span>: <span class=sf-dump-num>15</span>
      +<span class=sf-dump-public title=\"Public property\">exists</span>: <span class=sf-dump-const>true</span>
      +<span class=sf-dump-public title=\"Public property\">wasRecentlyCreated</span>: <span class=sf-dump-const>false</span>
      #<span class=sf-dump-protected title=\"Protected property\">escapeWhenCastingToString</span>: <span class=sf-dump-const>false</span>
      #<span class=sf-dump-protected title=\"Protected property\">attributes</span>: <span class=sf-dump-note>array:12</span> [ &#8230;12]
      #<span class=sf-dump-protected title=\"Protected property\">original</span>: <span class=sf-dump-note>array:12</span> [ &#8230;12]
      #<span class=sf-dump-protected title=\"Protected property\">changes</span>: []
      #<span class=sf-dump-protected title=\"Protected property\">casts</span>: []
      #<span class=sf-dump-protected title=\"Protected property\">classCastCache</span>: []
      #<span class=sf-dump-protected title=\"Protected property\">attributeCastCache</span>: []
      #<span class=sf-dump-protected title=\"Protected property\">dateFormat</span>: <span class=sf-dump-const>null</span>
      #<span class=sf-dump-protected title=\"Protected property\">appends</span>: []
      #<span class=sf-dump-protected title=\"Protected property\">dispatchesEvents</span>: []
      #<span class=sf-dump-protected title=\"Protected property\">observables</span>: []
      #<span class=sf-dump-protected title=\"Protected property\">relations</span>: []
      #<span class=sf-dump-protected title=\"Protected property\">touches</span>: []
      +<span class=sf-dump-public title=\"Public property\">timestamps</span>: <span class=sf-dump-const>true</span>
      +<span class=sf-dump-public title=\"Public property\">usesUniqueIds</span>: <span class=sf-dump-const>false</span>
      #<span class=sf-dump-protected title=\"Protected property\">hidden</span>: []
      #<span class=sf-dump-protected title=\"Protected property\">visible</span>: []
      #<span class=sf-dump-protected title=\"Protected property\">fillable</span>: <span class=sf-dump-note>array:8</span> [ &#8230;8]
      #<span class=sf-dump-protected title=\"Protected property\">guarded</span>: <span class=sf-dump-note>array:1</span> [ &#8230;1]
    </samp>}
    <span class=sf-dump-index>10</span> => <span class=sf-dump-note title=\"App\\Observacion
\"><span class=\"sf-dump-ellipsis sf-dump-ellipsis-note\">App</span><span class=\"sf-dump-ellipsis sf-dump-ellipsis-note\">\\</span>Observacion</span> {<a class=sf-dump-ref>#2189</a><samp data-depth=3 class=sf-dump-compact>
      #<span class=sf-dump-protected title=\"Protected property\">connection</span>: \"<span class=sf-dump-str title=\"5 characters\">mysql</span>\"
      #<span class=sf-dump-protected title=\"Protected property\">table</span>: \"<span class=sf-dump-str title=\"12 characters\">observacions</span>\"
      #<span class=sf-dump-protected title=\"Protected property\">primaryKey</span>: \"<span class=sf-dump-str title=\"6 characters\">ID_Obs</span>\"
      #<span class=sf-dump-protected title=\"Protected property\">keyType</span>: \"<span class=sf-dump-str title=\"3 characters\">int</span>\"
      +<span class=sf-dump-public title=\"Public property\">incrementing</span>: <span class=sf-dump-const>true</span>
      #<span class=sf-dump-protected title=\"Protected property\">with</span>: []
      #<span class=sf-dump-protected title=\"Protected property\">withCount</span>: []
      +<span class=sf-dump-public title=\"Public property\">preventsLazyLoading</span>: <span class=sf-dump-const>false</span>
      #<span class=sf-dump-protected title=\"Protected property\">perPage</span>: <span class=sf-dump-num>15</span>
      +<span class=sf-dump-public title=\"Public property\">exists</span>: <span class=sf-dump-const>true</span>
      +<span class=sf-dump-public title=\"Public property\">wasRecentlyCreated</span>: <span class=sf-dump-const>false</span>
      #<span class=sf-dump-protected title=\"Protected property\">escapeWhenCastingToString</span>: <span class=sf-dump-const>false</span>
      #<span class=sf-dump-protected title=\"Protected property\">attributes</span>: <span class=sf-dump-note>array:12</span> [ &#8230;12]
      #<span class=sf-dump-protected title=\"Protected property\">original</span>: <span class=sf-dump-note>array:12</span> [ &#8230;12]
      #<span class=sf-dump-protected title=\"Protected property\">changes</span>: []
      #<span class=sf-dump-protected title=\"Protected property\">casts</span>: []
      #<span class=sf-dump-protected title=\"Protected property\">classCastCache</span>: []
      #<span class=sf-dump-protected title=\"Protected property\">attributeCastCache</span>: []
      #<span class=sf-dump-protected title=\"Protected property\">dateFormat</span>: <span class=sf-dump-const>null</span>
      #<span class=sf-dump-protected title=\"Protected property\">appends</span>: []
      #<span class=sf-dump-protected title=\"Protected property\">dispatchesEvents</span>: []
      #<span class=sf-dump-protected title=\"Protected property\">observables</span>: []
      #<span class=sf-dump-protected title=\"Protected property\">relations</span>: []
      #<span class=sf-dump-protected title=\"Protected property\">touches</span>: []
      +<span class=sf-dump-public title=\"Public property\">timestamps</span>: <span class=sf-dump-const>true</span>
      +<span class=sf-dump-public title=\"Public property\">usesUniqueIds</span>: <span class=sf-dump-const>false</span>
      #<span class=sf-dump-protected title=\"Protected property\">hidden</span>: []
      #<span class=sf-dump-protected title=\"Protected property\">visible</span>: []
      #<span class=sf-dump-protected title=\"Protected property\">fillable</span>: <span class=sf-dump-note>array:8</span> [ &#8230;8]
      #<span class=sf-dump-protected title=\"Protected property\">guarded</span>: <span class=sf-dump-note>array:1</span> [ &#8230;1]
    </samp>}
    <span class=sf-dump-index>11</span> => <span class=sf-dump-note title=\"App\\Observacion
\"><span class=\"sf-dump-ellipsis sf-dump-ellipsis-note\">App</span><span class=\"sf-dump-ellipsis sf-dump-ellipsis-note\">\\</span>Observacion</span> {<a class=sf-dump-ref>#2190</a><samp data-depth=3 class=sf-dump-compact>
      #<span class=sf-dump-protected title=\"Protected property\">connection</span>: \"<span class=sf-dump-str title=\"5 characters\">mysql</span>\"
      #<span class=sf-dump-protected title=\"Protected property\">table</span>: \"<span class=sf-dump-str title=\"12 characters\">observacions</span>\"
      #<span class=sf-dump-protected title=\"Protected property\">primaryKey</span>: \"<span class=sf-dump-str title=\"6 characters\">ID_Obs</span>\"
      #<span class=sf-dump-protected title=\"Protected property\">keyType</span>: \"<span class=sf-dump-str title=\"3 characters\">int</span>\"
      +<span class=sf-dump-public title=\"Public property\">incrementing</span>: <span class=sf-dump-const>true</span>
      #<span class=sf-dump-protected title=\"Protected property\">with</span>: []
      #<span class=sf-dump-protected title=\"Protected property\">withCount</span>: []
      +<span class=sf-dump-public title=\"Public property\">preventsLazyLoading</span>: <span class=sf-dump-const>false</span>
      #<span class=sf-dump-protected title=\"Protected property\">perPage</span>: <span class=sf-dump-num>15</span>
      +<span class=sf-dump-public title=\"Public property\">exists</span>: <span class=sf-dump-const>true</span>
      +<span class=sf-dump-public title=\"Public property\">wasRecentlyCreated</span>: <span class=sf-dump-const>false</span>
      #<span class=sf-dump-protected title=\"Protected property\">escapeWhenCastingToString</span>: <span class=sf-dump-const>false</span>
      #<span class=sf-dump-protected title=\"Protected property\">attributes</span>: <span class=sf-dump-note>array:12</span> [ &#8230;12]
      #<span class=sf-dump-protected title=\"Protected property\">original</span>: <span class=sf-dump-note>array:12</span> [ &#8230;12]
      #<span class=sf-dump-protected title=\"Protected property\">changes</span>: []
      #<span class=sf-dump-protected title=\"Protected property\">casts</span>: []
      #<span class=sf-dump-protected title=\"Protected property\">classCastCache</span>: []
      #<span class=sf-dump-protected title=\"Protected property\">attributeCastCache</span>: []
      #<span class=sf-dump-protected title=\"Protected property\">dateFormat</span>: <span class=sf-dump-const>null</span>
      #<span class=sf-dump-protected title=\"Protected property\">appends</span>: []
      #<span class=sf-dump-protected title=\"Protected property\">dispatchesEvents</span>: []
      #<span class=sf-dump-protected title=\"Protected property\">observables</span>: []
      #<span class=sf-dump-protected title=\"Protected property\">relations</span>: []
      #<span class=sf-dump-protected title=\"Protected property\">touches</span>: []
      +<span class=sf-dump-public title=\"Public property\">timestamps</span>: <span class=sf-dump-const>true</span>
      +<span class=sf-dump-public title=\"Public property\">usesUniqueIds</span>: <span class=sf-dump-const>false</span>
      #<span class=sf-dump-protected title=\"Protected property\">hidden</span>: []
      #<span class=sf-dump-protected title=\"Protected property\">visible</span>: []
      #<span class=sf-dump-protected title=\"Protected property\">fillable</span>: <span class=sf-dump-note>array:8</span> [ &#8230;8]
      #<span class=sf-dump-protected title=\"Protected property\">guarded</span>: <span class=sf-dump-note>array:1</span> [ &#8230;1]
    </samp>}
    <span class=sf-dump-index>12</span> => <span class=sf-dump-note title=\"App\\Observacion
\"><span class=\"sf-dump-ellipsis sf-dump-ellipsis-note\">App</span><span class=\"sf-dump-ellipsis sf-dump-ellipsis-note\">\\</span>Observacion</span> {<a class=sf-dump-ref>#2191</a><samp data-depth=3 class=sf-dump-compact>
      #<span class=sf-dump-protected title=\"Protected property\">connection</span>: \"<span class=sf-dump-str title=\"5 characters\">mysql</span>\"
      #<span class=sf-dump-protected title=\"Protected property\">table</span>: \"<span class=sf-dump-str title=\"12 characters\">observacions</span>\"
      #<span class=sf-dump-protected title=\"Protected property\">primaryKey</span>: \"<span class=sf-dump-str title=\"6 characters\">ID_Obs</span>\"
      #<span class=sf-dump-protected title=\"Protected property\">keyType</span>: \"<span class=sf-dump-str title=\"3 characters\">int</span>\"
      +<span class=sf-dump-public title=\"Public property\">incrementing</span>: <span class=sf-dump-const>true</span>
      #<span class=sf-dump-protected title=\"Protected property\">with</span>: []
      #<span class=sf-dump-protected title=\"Protected property\">withCount</span>: []
      +<span class=sf-dump-public title=\"Public property\">preventsLazyLoading</span>: <span class=sf-dump-const>false</span>
      #<span class=sf-dump-protected title=\"Protected property\">perPage</span>: <span class=sf-dump-num>15</span>
      +<span class=sf-dump-public title=\"Public property\">exists</span>: <span class=sf-dump-const>true</span>
      +<span class=sf-dump-public title=\"Public property\">wasRecentlyCreated</span>: <span class=sf-dump-const>false</span>
      #<span class=sf-dump-protected title=\"Protected property\">escapeWhenCastingToString</span>: <span class=sf-dump-const>false</span>
      #<span class=sf-dump-protected title=\"Protected property\">attributes</span>: <span class=sf-dump-note>array:12</span> [ &#8230;12]
      #<span class=sf-dump-protected title=\"Protected property\">original</span>: <span class=sf-dump-note>array:12</span> [ &#8230;12]
      #<span class=sf-dump-protected title=\"Protected property\">changes</span>: []
      #<span class=sf-dump-protected title=\"Protected property\">casts</span>: []
      #<span class=sf-dump-protected title=\"Protected property\">classCastCache</span>: []
      #<span class=sf-dump-protected title=\"Protected property\">attributeCastCache</span>: []
      #<span class=sf-dump-protected title=\"Protected property\">dateFormat</span>: <span class=sf-dump-const>null</span>
      #<span class=sf-dump-protected title=\"Protected property\">appends</span>: []
      #<span class=sf-dump-protected title=\"Protected property\">dispatchesEvents</span>: []
      #<span class=sf-dump-protected title=\"Protected property\">observables</span>: []
      #<span class=sf-dump-protected title=\"Protected property\">relations</span>: []
      #<span class=sf-dump-protected title=\"Protected property\">touches</span>: []
      +<span class=sf-dump-public title=\"Public property\">timestamps</span>: <span class=sf-dump-const>true</span>
      +<span class=sf-dump-public title=\"Public property\">usesUniqueIds</span>: <span class=sf-dump-const>false</span>
      #<span class=sf-dump-protected title=\"Protected property\">hidden</span>: []
      #<span class=sf-dump-protected title=\"Protected property\">visible</span>: []
      #<span class=sf-dump-protected title=\"Protected property\">fillable</span>: <span class=sf-dump-note>array:8</span> [ &#8230;8]
      #<span class=sf-dump-protected title=\"Protected property\">guarded</span>: <span class=sf-dump-note>array:1</span> [ &#8230;1]
    </samp>}
    <span class=sf-dump-index>13</span> => <span class=sf-dump-note title=\"App\\Observacion
\"><span class=\"sf-dump-ellipsis sf-dump-ellipsis-note\">App</span><span class=\"sf-dump-ellipsis sf-dump-ellipsis-note\">\\</span>Observacion</span> {<a class=sf-dump-ref>#2192</a><samp data-depth=3 class=sf-dump-compact>
      #<span class=sf-dump-protected title=\"Protected property\">connection</span>: \"<span class=sf-dump-str title=\"5 characters\">mysql</span>\"
      #<span class=sf-dump-protected title=\"Protected property\">table</span>: \"<span class=sf-dump-str title=\"12 characters\">observacions</span>\"
      #<span class=sf-dump-protected title=\"Protected property\">primaryKey</span>: \"<span class=sf-dump-str title=\"6 characters\">ID_Obs</span>\"
      #<span class=sf-dump-protected title=\"Protected property\">keyType</span>: \"<span class=sf-dump-str title=\"3 characters\">int</span>\"
      +<span class=sf-dump-public title=\"Public property\">incrementing</span>: <span class=sf-dump-const>true</span>
      #<span class=sf-dump-protected title=\"Protected property\">with</span>: []
      #<span class=sf-dump-protected title=\"Protected property\">withCount</span>: []
      +<span class=sf-dump-public title=\"Public property\">preventsLazyLoading</span>: <span class=sf-dump-const>false</span>
      #<span class=sf-dump-protected title=\"Protected property\">perPage</span>: <span class=sf-dump-num>15</span>
      +<span class=sf-dump-public title=\"Public property\">exists</span>: <span class=sf-dump-const>true</span>
      +<span class=sf-dump-public title=\"Public property\">wasRecentlyCreated</span>: <span class=sf-dump-const>false</span>
      #<span class=sf-dump-protected title=\"Protected property\">escapeWhenCastingToString</span>: <span class=sf-dump-const>false</span>
      #<span class=sf-dump-protected title=\"Protected property\">attributes</span>: <span class=sf-dump-note>array:12</span> [ &#8230;12]
      #<span class=sf-dump-protected title=\"Protected property\">original</span>: <span class=sf-dump-note>array:12</span> [ &#8230;12]
      #<span class=sf-dump-protected title=\"Protected property\">changes</span>: []
      #<span class=sf-dump-protected title=\"Protected property\">casts</span>: []
      #<span class=sf-dump-protected title=\"Protected property\">classCastCache</span>: []
      #<span class=sf-dump-protected title=\"Protected property\">attributeCastCache</span>: []
      #<span class=sf-dump-protected title=\"Protected property\">dateFormat</span>: <span class=sf-dump-const>null</span>
      #<span class=sf-dump-protected title=\"Protected property\">appends</span>: []
      #<span class=sf-dump-protected title=\"Protected property\">dispatchesEvents</span>: []
      #<span class=sf-dump-protected title=\"Protected property\">observables</span>: []
      #<span class=sf-dump-protected title=\"Protected property\">relations</span>: []
      #<span class=sf-dump-protected title=\"Protected property\">touches</span>: []
      +<span class=sf-dump-public title=\"Public property\">timestamps</span>: <span class=sf-dump-const>true</span>
      +<span class=sf-dump-public title=\"Public property\">usesUniqueIds</span>: <span class=sf-dump-const>false</span>
      #<span class=sf-dump-protected title=\"Protected property\">hidden</span>: []
      #<span class=sf-dump-protected title=\"Protected property\">visible</span>: []
      #<span class=sf-dump-protected title=\"Protected property\">fillable</span>: <span class=sf-dump-note>array:8</span> [ &#8230;8]
      #<span class=sf-dump-protected title=\"Protected property\">guarded</span>: <span class=sf-dump-note>array:1</span> [ &#8230;1]
    </samp>}
  </samp>]
  #<span class=sf-dump-protected title=\"Protected property\">escapeWhenCastingToString</span>: <span class=sf-dump-const>false</span>
</samp>}
</pre><script>Sfdump(\"sf-dump-972658637\", {\"maxDepth\":3,\"maxStringLength\":160})</script>
","PublicRespels":"<pre class=sf-dump id=sf-dump-1092672032 data-indent-pad=\"  \"><span class=sf-dump-note>Illuminate\\Support\\Collection</span> {<a class=sf-dump-ref>#2499</a><samp data-depth=1 class=sf-dump-expanded>
  #<span class=sf-dump-protected title=\"Protected property\">items</span>: <span class=sf-dump-note>array:7</span> [<samp data-depth=2 class=sf-dump-compact>
    <span class=sf-dump-index>0</span> => {<a class=sf-dump-ref>#2496</a><samp data-depth=3 class=sf-dump-compact>
      +\"<span class=sf-dump-public title=\"Runtime added dynamic property\">ID_Respel</span>\": <span class=sf-dump-num>7700</span>
      +\"<span class=sf-dump-public title=\"Runtime added dynamic property\">YRespelClasf4741</span>\": \"<span class=sf-dump-str title=\"2 characters\">Y1</span>\"
      +\"<span class=sf-dump-public title=\"Runtime added dynamic property\">ARespelClasf4741</span>\": <span class=sf-dump-const>null</span>
    </samp>}
    <span class=sf-dump-index>1</span> => {<a class=sf-dump-ref>#2506</a><samp data-depth=3 class=sf-dump-compact>
      +\"<span class=sf-dump-public title=\"Runtime added dynamic property\">ID_Respel</span>\": <span class=sf-dump-num>7923</span>
      +\"<span class=sf-dump-public title=\"Runtime added dynamic property\">YRespelClasf4741</span>\": \"<span class=sf-dump-str title=\"2 characters\">Y1</span>\"
      +\"<span class=sf-dump-public title=\"Runtime added dynamic property\">ARespelClasf4741</span>\": <span class=sf-dump-const>null</span>
    </samp>}
    <span class=sf-dump-index>2</span> => {<a class=sf-dump-ref>#2497</a><samp data-depth=3 class=sf-dump-compact>
      +\"<span class=sf-dump-public title=\"Runtime added dynamic property\">ID_Respel</span>\": <span class=sf-dump-num>7922</span>
      +\"<span class=sf-dump-public title=\"Runtime added dynamic property\">YRespelClasf4741</span>\": \"<span class=sf-dump-str title=\"2 characters\">Y1</span>\"
      +\"<span class=sf-dump-public title=\"Runtime added dynamic property\">ARespelClasf4741</span>\": <span class=sf-dump-const>null</span>
    </samp>}
    <span class=sf-dump-index>3</span> => {<a class=sf-dump-ref>#2568</a><samp data-depth=3 class=sf-dump-compact>
      +\"<span class=sf-dump-public title=\"Runtime added dynamic property\">ID_Respel</span>\": <span class=sf-dump-num>1200</span>
      +\"<span class=sf-dump-public title=\"Runtime added dynamic property\">YRespelClasf4741</span>\": <span class=sf-dump-const>null</span>
      +\"<span class=sf-dump-public title=\"Runtime added dynamic property\">ARespelClasf4741</span>\": \"<span class=sf-dump-str title=\"5 characters\">A4140</span>\"
    </samp>}
    <span class=sf-dump-index>4</span> => {<a class=sf-dump-ref>#2559</a><samp data-depth=3 class=sf-dump-compact>
      +\"<span class=sf-dump-public title=\"Runtime added dynamic property\">ID_Respel</span>\": <span class=sf-dump-num>671</span>
      +\"<span class=sf-dump-public title=\"Runtime added dynamic property\">YRespelClasf4741</span>\": <span class=sf-dump-const>null</span>
      +\"<span class=sf-dump-public title=\"Runtime added dynamic property\">ARespelClasf4741</span>\": \"<span class=sf-dump-str title=\"5 characters\">A4140</span>\"
    </samp>}
    <span class=sf-dump-index>5</span> => {<a class=sf-dump-ref>#2561</a><samp data-depth=3 class=sf-dump-compact>
      +\"<span class=sf-dump-public title=\"Runtime added dynamic property\">ID_Respel</span>\": <span class=sf-dump-num>20761</span>
      +\"<span class=sf-dump-public title=\"Runtime added dynamic property\">YRespelClasf4741</span>\": \"<span class=sf-dump-str title=\"3 characters\">Y35</span>\"
      +\"<span class=sf-dump-public title=\"Runtime added dynamic property\">ARespelClasf4741</span>\": <span class=sf-dump-const>null</span>
    </samp>}
    <span class=sf-dump-index>6</span> => {<a class=sf-dump-ref>#2560</a><samp data-depth=3 class=sf-dump-compact>
      +\"<span class=sf-dump-public title=\"Runtime added dynamic property\">ID_Respel</span>\": <span class=sf-dump-num>21565</span>
      +\"<span class=sf-dump-public title=\"Runtime added dynamic property\">YRespelClasf4741</span>\": <span class=sf-dump-const>null</span>
      +\"<span class=sf-dump-public title=\"Runtime added dynamic property\">ARespelClasf4741</span>\": <span class=sf-dump-const>null</span>
    </samp>}
  </samp>]
  #<span class=sf-dump-protected title=\"Protected property\">escapeWhenCastingToString</span>: <span class=sf-dump-const>false</span>
</samp>}
</pre><script>Sfdump(\"sf-dump-1092672032\", {\"maxDepth\":3,\"maxStringLength\":160})</script>
"}},"userId":1,"exception":"[object] (Spatie\\LaravelIgnition\\Exceptions\\ViewException(code: 0): Undefined variable $Trat at C:\\laragon\\www\\lprosarc2\\resources\\views\\solicitud-serv\\show.blade.php:1284)
[stacktrace]
#0 C:\\laragon\\www\\lprosarc2\\vendor\\laravel\\framework\\src\\Illuminate\\Filesystem\\Filesystem.php(123): require('C:\\\\laragon\\\\www\\\\...')
#1 C:\\laragon\\www\\lprosarc2\\vendor\\laravel\\framework\\src\\Illuminate\\Filesystem\\Filesystem.php(124): Illuminate\\Filesystem\\Filesystem::Illuminate\\Filesystem\\{closure}()
#2 C:\\laragon\\www\\lprosarc2\\vendor\\laravel\\framework\\src\\Illuminate\\View\\Engines\\PhpEngine.php(58): Illuminate\\Filesystem\\Filesystem->getRequire('C:\\\\laragon\\\\www\\\\...', Array)
#3 C:\\laragon\\www\\lprosarc2\\vendor\\laravel\\framework\\src\\Illuminate\\View\\Engines\\CompilerEngine.php(73): Illuminate\\View\\Engines\\PhpEngine->evaluatePath('C:\\\\laragon\\\\www\\\\...', Array)
#4 C:\\laragon\\www\\lprosarc2\\vendor\\laravel\\framework\\src\\Illuminate\\View\\View.php(208): Illuminate\\View\\Engines\\CompilerEngine->get('C:\\\\laragon\\\\www\\\\...', Array)
#5 C:\\laragon\\www\\lprosarc2\\vendor\\laravel\\framework\\src\\Illuminate\\View\\View.php(191): Illuminate\\View\\View->getContents()
#6 C:\\laragon\\www\\lprosarc2\\vendor\\laravel\\framework\\src\\Illuminate\\View\\View.php(160): Illuminate\\View\\View->renderContents()
#7 C:\\laragon\\www\\lprosarc2\\vendor\\laravel\\framework\\src\\Illuminate\\Http\\Response.php(70): Illuminate\\View\\View->render()
#8 C:\\laragon\\www\\lprosarc2\\vendor\\laravel\\framework\\src\\Illuminate\\Http\\Response.php(35): Illuminate\\Http\\Response->setContent(Object(Illuminate\\View\\View))
#9 C:\\laragon\\www\\lprosarc2\\vendor\\laravel\\framework\\src\\Illuminate\\Routing\\Router.php(920): Illuminate\\Http\\Response->__construct(Object(Illuminate\\View\\View), 200, Array)
#10 C:\\laragon\\www\\lprosarc2\\vendor\\laravel\\framework\\src\\Illuminate\\Routing\\Router.php(887): Illuminate\\Routing\\Router::toResponse(Object(Illuminate\\Http\\Request), Object(Illuminate\\View\\View))
#11 C:\\laragon\\www\\lprosarc2\\vendor\\laravel\\framework\\src\\Illuminate\\Routing\\Router.php(807): Illuminate\\Routing\\Router->prepareResponse(Object(Illuminate\\Http\\Request), Object(Illuminate\\View\\View))
#12 C:\\laragon\\www\\lprosarc2\\vendor\\laravel\\framework\\src\\Illuminate\\Pipeline\\Pipeline.php(144): Illuminate\\Routing\\Router->Illuminate\\Routing\\{closure}(Object(Illuminate\\Http\\Request))
#13 C:\\laragon\\www\\lprosarc2\\vendor\\laravel\\framework\\src\\Illuminate\\Auth\\Middleware\\EnsureEmailIsVerified.php(41): Illuminate\\Pipeline\\Pipeline->Illuminate\\Pipeline\\{closure}(Object(Illuminate\\Http\\Request))
#14 C:\\laragon\\www\\lprosarc2\\vendor\\laravel\\framework\\src\\Illuminate\\Pipeline\\Pipeline.php(183): Illuminate\\Auth\\Middleware\\EnsureEmailIsVerified->handle(Object(Illuminate\\Http\\Request), Object(Closure))
#15 C:\\laragon\\www\\lprosarc2\\vendor\\laravel\\framework\\src\\Illuminate\\Routing\\Middleware\\SubstituteBindings.php(51): Illuminate\\Pipeline\\Pipeline->Illuminate\\Pipeline\\{closure}(Object(Illuminate\\Http\\Request))
#16 C:\\laragon\\www\\lprosarc2\\vendor\\laravel\\framework\\src\\Illuminate\\Pipeline\\Pipeline.php(183): Illuminate\\Routing\\Middleware\\SubstituteBindings->handle(Object(Illuminate\\Http\\Request), Object(Closure))
#17 C:\\laragon\\www\\lprosarc2\\vendor\\laravel\\framework\\src\\Illuminate\\Auth\\Middleware\\Authenticate.php(64): Illuminate\\Pipeline\\Pipeline->Illuminate\\Pipeline\\{closure}(Object(Illuminate\\Http\\Request))
#18 C:\\laragon\\www\\lprosarc2\\vendor\\laravel\\framework\\src\\Illuminate\\Pipeline\\Pipeline.php(183): Illuminate\\Auth\\Middleware\\Authenticate->handle(Object(Illuminate\\Http\\Request), Object(Closure))
#19 C:\\laragon\\www\\lprosarc2\\vendor\\laravel\\framework\\src\\Illuminate\\Foundation\\Http\\Middleware\\VerifyCsrfToken.php(88): Illuminate\\Pipeline\\Pipeline->Illuminate\\Pipeline\\{closure}(Object(Illuminate\\Http\\Request))
#20 C:\\laragon\\www\\lprosarc2\\vendor\\laravel\\framework\\src\\Illuminate\\Pipeline\\Pipeline.php(183): Illuminate\\Foundation\\Http\\Middleware\\VerifyCsrfToken->handle(Object(Illuminate\\Http\\Request), Object(Closure))
#21 C:\\laragon\\www\\lprosarc2\\vendor\\laravel\\framework\\src\\Illuminate\\View\\Middleware\\ShareErrorsFromSession.php(49): Illuminate\\Pipeline\\Pipeline->Illuminate\\Pipeline\\{closure}(Object(Illuminate\\Http\\Request))
#22 C:\\laragon\\www\\lprosarc2\\vendor\\laravel\\framework\\src\\Illuminate\\Pipeline\\Pipeline.php(183): Illuminate\\View\\Middleware\\ShareErrorsFromSession->handle(Object(Illuminate\\Http\\Request), Object(Closure))
#23 C:\\laragon\\www\\lprosarc2\\vendor\\laravel\\framework\\src\\Illuminate\\Session\\Middleware\\StartSession.php(121): Illuminate\\Pipeline\\Pipeline->Illuminate\\Pipeline\\{closure}(Object(Illuminate\\Http\\Request))
#24 C:\\laragon\\www\\lprosarc2\\vendor\\laravel\\framework\\src\\Illuminate\\Session\\Middleware\\StartSession.php(64): Illuminate\\Session\\Middleware\\StartSession->handleStatefulRequest(Object(Illuminate\\Http\\Request), Object(Illuminate\\Session\\Store), Object(Closure))
#25 C:\\laragon\\www\\lprosarc2\\vendor\\laravel\\framework\\src\\Illuminate\\Pipeline\\Pipeline.php(183): Illuminate\\Session\\Middleware\\StartSession->handle(Object(Illuminate\\Http\\Request), Object(Closure))
#26 C:\\laragon\\www\\lprosarc2\\vendor\\laravel\\framework\\src\\Illuminate\\Cookie\\Middleware\\AddQueuedCookiesToResponse.php(37): Illuminate\\Pipeline\\Pipeline->Illuminate\\Pipeline\\{closure}(Object(Illuminate\\Http\\Request))
#27 C:\\laragon\\www\\lprosarc2\\vendor\\laravel\\framework\\src\\Illuminate\\Pipeline\\Pipeline.php(183): Illuminate\\Cookie\\Middleware\\AddQueuedCookiesToResponse->handle(Object(Illuminate\\Http\\Request), Object(Closure))
#28 C:\\laragon\\www\\lprosarc2\\vendor\\laravel\\framework\\src\\Illuminate\\Cookie\\Middleware\\EncryptCookies.php(75): Illuminate\\Pipeline\\Pipeline->Illuminate\\Pipeline\\{closure}(Object(Illuminate\\Http\\Request))
#29 C:\\laragon\\www\\lprosarc2\\vendor\\laravel\\framework\\src\\Illuminate\\Pipeline\\Pipeline.php(183): Illuminate\\Cookie\\Middleware\\EncryptCookies->handle(Object(Illuminate\\Http\\Request), Object(Closure))
#30 C:\\laragon\\www\\lprosarc2\\vendor\\laravel\\framework\\src\\Illuminate\\Pipeline\\Pipeline.php(119): Illuminate\\Pipeline\\Pipeline->Illuminate\\Pipeline\\{closure}(Object(Illuminate\\Http\\Request))
#31 C:\\laragon\\www\\lprosarc2\\vendor\\laravel\\framework\\src\\Illuminate\\Routing\\Router.php(807): Illuminate\\Pipeline\\Pipeline->then(Object(Closure))
#32 C:\\laragon\\www\\lprosarc2\\vendor\\laravel\\framework\\src\\Illuminate\\Routing\\Router.php(786): Illuminate\\Routing\\Router->runRouteWithinStack(Object(Illuminate\\Routing\\Route), Object(Illuminate\\Http\\Request))
#33 C:\\laragon\\www\\lprosarc2\\vendor\\laravel\\framework\\src\\Illuminate\\Routing\\Router.php(750): Illuminate\\Routing\\Router->runRoute(Object(Illuminate\\Http\\Request), Object(Illuminate\\Routing\\Route))
#34 C:\\laragon\\www\\lprosarc2\\vendor\\laravel\\framework\\src\\Illuminate\\Routing\\Router.php(739): Illuminate\\Routing\\Router->dispatchToRoute(Object(Illuminate\\Http\\Request))
#35 C:\\laragon\\www\\lprosarc2\\vendor\\laravel\\framework\\src\\Illuminate\\Foundation\\Http\\Kernel.php(201): Illuminate\\Routing\\Router->dispatch(Object(Illuminate\\Http\\Request))
#36 C:\\laragon\\www\\lprosarc2\\vendor\\laravel\\framework\\src\\Illuminate\\Pipeline\\Pipeline.php(144): Illuminate\\Foundation\\Http\\Kernel->Illuminate\\Foundation\\Http\\{closure}(Object(Illuminate\\Http\\Request))
#37 C:\\laragon\\www\\lprosarc2\\vendor\\laravel\\framework\\src\\Illuminate\\Http\\Middleware\\TrustProxies.php(57): Illuminate\\Pipeline\\Pipeline->Illuminate\\Pipeline\\{closure}(Object(Illuminate\\Http\\Request))
#38 C:\\laragon\\www\\lprosarc2\\vendor\\laravel\\framework\\src\\Illuminate\\Pipeline\\Pipeline.php(183): Illuminate\\Http\\Middleware\\TrustProxies->handle(Object(Illuminate\\Http\\Request), Object(Closure))
#39 C:\\laragon\\www\\lprosarc2\\vendor\\laravel\\framework\\src\\Illuminate\\Foundation\\Http\\Middleware\\TransformsRequest.php(21): Illuminate\\Pipeline\\Pipeline->Illuminate\\Pipeline\\{closure}(Object(Illuminate\\Http\\Request))
#40 C:\\laragon\\www\\lprosarc2\\vendor\\laravel\\framework\\src\\Illuminate\\Foundation\\Http\\Middleware\\ConvertEmptyStringsToNull.php(31): Illuminate\\Foundation\\Http\\Middleware\\TransformsRequest->handle(Object(Illuminate\\Http\\Request), Object(Closure))
#41 C:\\laragon\\www\\lprosarc2\\vendor\\laravel\\framework\\src\\Illuminate\\Pipeline\\Pipeline.php(183): Illuminate\\Foundation\\Http\\Middleware\\ConvertEmptyStringsToNull->handle(Object(Illuminate\\Http\\Request), Object(Closure))
#42 C:\\laragon\\www\\lprosarc2\\vendor\\laravel\\framework\\src\\Illuminate\\Foundation\\Http\\Middleware\\TransformsRequest.php(21): Illuminate\\Pipeline\\Pipeline->Illuminate\\Pipeline\\{closure}(Object(Illuminate\\Http\\Request))
#43 C:\\laragon\\www\\lprosarc2\\vendor\\laravel\\framework\\src\\Illuminate\\Foundation\\Http\\Middleware\\TrimStrings.php(51): Illuminate\\Foundation\\Http\\Middleware\\TransformsRequest->handle(Object(Illuminate\\Http\\Request), Object(Closure))
#44 C:\\laragon\\www\\lprosarc2\\vendor\\laravel\\framework\\src\\Illuminate\\Pipeline\\Pipeline.php(183): Illuminate\\Foundation\\Http\\Middleware\\TrimStrings->handle(Object(Illuminate\\Http\\Request), Object(Closure))
#45 C:\\laragon\\www\\lprosarc2\\vendor\\laravel\\framework\\src\\Illuminate\\Http\\Middleware\\ValidatePostSize.php(27): Illuminate\\Pipeline\\Pipeline->Illuminate\\Pipeline\\{closure}(Object(Illuminate\\Http\\Request))
#46 C:\\laragon\\www\\lprosarc2\\vendor\\laravel\\framework\\src\\Illuminate\\Pipeline\\Pipeline.php(183): Illuminate\\Http\\Middleware\\ValidatePostSize->handle(Object(Illuminate\\Http\\Request), Object(Closure))
#47 C:\\laragon\\www\\lprosarc2\\vendor\\laravel\\framework\\src\\Illuminate\\Foundation\\Http\\Middleware\\PreventRequestsDuringMaintenance.php(110): Illuminate\\Pipeline\\Pipeline->Illuminate\\Pipeline\\{closure}(Object(Illuminate\\Http\\Request))
#48 C:\\laragon\\www\\lprosarc2\\vendor\\laravel\\framework\\src\\Illuminate\\Pipeline\\Pipeline.php(183): Illuminate\\Foundation\\Http\\Middleware\\PreventRequestsDuringMaintenance->handle(Object(Illuminate\\Http\\Request), Object(Closure))
#49 C:\\laragon\\www\\lprosarc2\\vendor\\laravel\\framework\\src\\Illuminate\\Pipeline\\Pipeline.php(119): Illuminate\\Pipeline\\Pipeline->Illuminate\\Pipeline\\{closure}(Object(Illuminate\\Http\\Request))
#50 C:\\laragon\\www\\lprosarc2\\vendor\\laravel\\framework\\src\\Illuminate\\Foundation\\Http\\Kernel.php(176): Illuminate\\Pipeline\\Pipeline->then(Object(Closure))
#51 C:\\laragon\\www\\lprosarc2\\vendor\\laravel\\framework\\src\\Illuminate\\Foundation\\Http\\Kernel.php(145): Illuminate\\Foundation\\Http\\Kernel->sendRequestThroughRouter(Object(Illuminate\\Http\\Request))
#52 C:\\laragon\\www\\lprosarc2\\public\\index.php(54): Illuminate\\Foundation\\Http\\Kernel->handle(Object(Illuminate\\Http\\Request))
#53 {main}

[previous exception] [object] (ErrorException(code: 0): Undefined variable $Trat at C:\\laragon\\www\\lprosarc2\\storage\\framework\\views\\fe47585c8504755ec71f3d2b1a839bc1.php:1277)
[stacktrace]
#0 C:\\laragon\\www\\lprosarc2\\vendor\\laravel\\framework\\src\\Illuminate\\Foundation\\Bootstrap\\HandleExceptions.php(256): Illuminate\\Foundation\\Bootstrap\\HandleExceptions->handleError(2, 'Undefined varia...', 'C:\\\\laragon\\\\www\\\\...', 1277)
#1 C:\\laragon\\www\\lprosarc2\\storage\\framework\\views\\fe47585c8504755ec71f3d2b1a839bc1.php(1277): Illuminate\\Foundation\\Bootstrap\\HandleExceptions->Illuminate\\Foundation\\Bootstrap\\{closure}(2, 'Undefined varia...', 'C:\\\\laragon\\\\www\\\\...', 1277)
#2 C:\\laragon\\www\\lprosarc2\\vendor\\laravel\\framework\\src\\Illuminate\\Filesystem\\Filesystem.php(123): require('C:\\\\laragon\\\\www\\\\...')
#3 C:\\laragon\\www\\lprosarc2\\vendor\\laravel\\framework\\src\\Illuminate\\Filesystem\\Filesystem.php(124): Illuminate\\Filesystem\\Filesystem::Illuminate\\Filesystem\\{closure}()
#4 C:\\laragon\\www\\lprosarc2\\vendor\\laravel\\framework\\src\\Illuminate\\View\\Engines\\PhpEngine.php(58): Illuminate\\Filesystem\\Filesystem->getRequire('C:\\\\laragon\\\\www\\\\...', Array)
#5 C:\\laragon\\www\\lprosarc2\\vendor\\laravel\\framework\\src\\Illuminate\\View\\Engines\\CompilerEngine.php(73): Illuminate\\View\\Engines\\PhpEngine->evaluatePath('C:\\\\laragon\\\\www\\\\...', Array)
#6 C:\\laragon\\www\\lprosarc2\\vendor\\laravel\\framework\\src\\Illuminate\\View\\View.php(208): Illuminate\\View\\Engines\\CompilerEngine->get('C:\\\\laragon\\\\www\\\\...', Array)
#7 C:\\laragon\\www\\lprosarc2\\vendor\\laravel\\framework\\src\\Illuminate\\View\\View.php(191): Illuminate\\View\\View->getContents()
#8 C:\\laragon\\www\\lprosarc2\\vendor\\laravel\\framework\\src\\Illuminate\\View\\View.php(160): Illuminate\\View\\View->renderContents()
#9 C:\\laragon\\www\\lprosarc2\\vendor\\laravel\\framework\\src\\Illuminate\\Http\\Response.php(70): Illuminate\\View\\View->render()
#10 C:\\laragon\\www\\lprosarc2\\vendor\\laravel\\framework\\src\\Illuminate\\Http\\Response.php(35): Illuminate\\Http\\Response->setContent(Object(Illuminate\\View\\View))
#11 C:\\laragon\\www\\lprosarc2\\vendor\\laravel\\framework\\src\\Illuminate\\Routing\\Router.php(920): Illuminate\\Http\\Response->__construct(Object(Illuminate\\View\\View), 200, Array)
#12 C:\\laragon\\www\\lprosarc2\\vendor\\laravel\\framework\\src\\Illuminate\\Routing\\Router.php(887): Illuminate\\Routing\\Router::toResponse(Object(Illuminate\\Http\\Request), Object(Illuminate\\View\\View))
#13 C:\\laragon\\www\\lprosarc2\\vendor\\laravel\\framework\\src\\Illuminate\\Routing\\Router.php(807): Illuminate\\Routing\\Router->prepareResponse(Object(Illuminate\\Http\\Request), Object(Illuminate\\View\\View))
#14 C:\\laragon\\www\\lprosarc2\\vendor\\laravel\\framework\\src\\Illuminate\\Pipeline\\Pipeline.php(144): Illuminate\\Routing\\Router->Illuminate\\Routing\\{closure}(Object(Illuminate\\Http\\Request))
#15 C:\\laragon\\www\\lprosarc2\\vendor\\laravel\\framework\\src\\Illuminate\\Auth\\Middleware\\EnsureEmailIsVerified.php(41): Illuminate\\Pipeline\\Pipeline->Illuminate\\Pipeline\\{closure}(Object(Illuminate\\Http\\Request))
#16 C:\\laragon\\www\\lprosarc2\\vendor\\laravel\\framework\\src\\Illuminate\\Pipeline\\Pipeline.php(183): Illuminate\\Auth\\Middleware\\EnsureEmailIsVerified->handle(Object(Illuminate\\Http\\Request), Object(Closure))
#17 C:\\laragon\\www\\lprosarc2\\vendor\\laravel\\framework\\src\\Illuminate\\Routing\\Middleware\\SubstituteBindings.php(51): Illuminate\\Pipeline\\Pipeline->Illuminate\\Pipeline\\{closure}(Object(Illuminate\\Http\\Request))
#18 C:\\laragon\\www\\lprosarc2\\vendor\\laravel\\framework\\src\\Illuminate\\Pipeline\\Pipeline.php(183): Illuminate\\Routing\\Middleware\\SubstituteBindings->handle(Object(Illuminate\\Http\\Request), Object(Closure))
#19 C:\\laragon\\www\\lprosarc2\\vendor\\laravel\\framework\\src\\Illuminate\\Auth\\Middleware\\Authenticate.php(64): Illuminate\\Pipeline\\Pipeline->Illuminate\\Pipeline\\{closure}(Object(Illuminate\\Http\\Request))
#20 C:\\laragon\\www\\lprosarc2\\vendor\\laravel\\framework\\src\\Illuminate\\Pipeline\\Pipeline.php(183): Illuminate\\Auth\\Middleware\\Authenticate->handle(Object(Illuminate\\Http\\Request), Object(Closure))
#21 C:\\laragon\\www\\lprosarc2\\vendor\\laravel\\framework\\src\\Illuminate\\Foundation\\Http\\Middleware\\VerifyCsrfToken.php(88): Illuminate\\Pipeline\\Pipeline->Illuminate\\Pipeline\\{closure}(Object(Illuminate\\Http\\Request))
#22 C:\\laragon\\www\\lprosarc2\\vendor\\laravel\\framework\\src\\Illuminate\\Pipeline\\Pipeline.php(183): Illuminate\\Foundation\\Http\\Middleware\\VerifyCsrfToken->handle(Object(Illuminate\\Http\\Request), Object(Closure))
#23 C:\\laragon\\www\\lprosarc2\\vendor\\laravel\\framework\\src\\Illuminate\\View\\Middleware\\ShareErrorsFromSession.php(49): Illuminate\\Pipeline\\Pipeline->Illuminate\\Pipeline\\{closure}(Object(Illuminate\\Http\\Request))
#24 C:\\laragon\\www\\lprosarc2\\vendor\\laravel\\framework\\src\\Illuminate\\Pipeline\\Pipeline.php(183): Illuminate\\View\\Middleware\\ShareErrorsFromSession->handle(Object(Illuminate\\Http\\Request), Object(Closure))
#25 C:\\laragon\\www\\lprosarc2\\vendor\\laravel\\framework\\src\\Illuminate\\Session\\Middleware\\StartSession.php(121): Illuminate\\Pipeline\\Pipeline->Illuminate\\Pipeline\\{closure}(Object(Illuminate\\Http\\Request))
#26 C:\\laragon\\www\\lprosarc2\\vendor\\laravel\\framework\\src\\Illuminate\\Session\\Middleware\\StartSession.php(64): Illuminate\\Session\\Middleware\\StartSession->handleStatefulRequest(Object(Illuminate\\Http\\Request), Object(Illuminate\\Session\\Store), Object(Closure))
#27 C:\\laragon\\www\\lprosarc2\\vendor\\laravel\\framework\\src\\Illuminate\\Pipeline\\Pipeline.php(183): Illuminate\\Session\\Middleware\\StartSession->handle(Object(Illuminate\\Http\\Request), Object(Closure))
#28 C:\\laragon\\www\\lprosarc2\\vendor\\laravel\\framework\\src\\Illuminate\\Cookie\\Middleware\\AddQueuedCookiesToResponse.php(37): Illuminate\\Pipeline\\Pipeline->Illuminate\\Pipeline\\{closure}(Object(Illuminate\\Http\\Request))
#29 C:\\laragon\\www\\lprosarc2\\vendor\\laravel\\framework\\src\\Illuminate\\Pipeline\\Pipeline.php(183): Illuminate\\Cookie\\Middleware\\AddQueuedCookiesToResponse->handle(Object(Illuminate\\Http\\Request), Object(Closure))
#30 C:\\laragon\\www\\lprosarc2\\vendor\\laravel\\framework\\src\\Illuminate\\Cookie\\Middleware\\EncryptCookies.php(75): Illuminate\\Pipeline\\Pipeline->Illuminate\\Pipeline\\{closure}(Object(Illuminate\\Http\\Request))
#31 C:\\laragon\\www\\lprosarc2\\vendor\\laravel\\framework\\src\\Illuminate\\Pipeline\\Pipeline.php(183): Illuminate\\Cookie\\Middleware\\EncryptCookies->handle(Object(Illuminate\\Http\\Request), Object(Closure))
#32 C:\\laragon\\www\\lprosarc2\\vendor\\laravel\\framework\\src\\Illuminate\\Pipeline\\Pipeline.php(119): Illuminate\\Pipeline\\Pipeline->Illuminate\\Pipeline\\{closure}(Object(Illuminate\\Http\\Request))
#33 C:\\laragon\\www\\lprosarc2\\vendor\\laravel\\framework\\src\\Illuminate\\Routing\\Router.php(807): Illuminate\\Pipeline\\Pipeline->then(Object(Closure))
#34 C:\\laragon\\www\\lprosarc2\\vendor\\laravel\\framework\\src\\Illuminate\\Routing\\Router.php(786): Illuminate\\Routing\\Router->runRouteWithinStack(Object(Illuminate\\Routing\\Route), Object(Illuminate\\Http\\Request))
#35 C:\\laragon\\www\\lprosarc2\\vendor\\laravel\\framework\\src\\Illuminate\\Routing\\Router.php(750): Illuminate\\Routing\\Router->runRoute(Object(Illuminate\\Http\\Request), Object(Illuminate\\Routing\\Route))
#36 C:\\laragon\\www\\lprosarc2\\vendor\\laravel\\framework\\src\\Illuminate\\Routing\\Router.php(739): Illuminate\\Routing\\Router->dispatchToRoute(Object(Illuminate\\Http\\Request))
#37 C:\\laragon\\www\\lprosarc2\\vendor\\laravel\\framework\\src\\Illuminate\\Foundation\\Http\\Kernel.php(201): Illuminate\\Routing\\Router->dispatch(Object(Illuminate\\Http\\Request))
#38 C:\\laragon\\www\\lprosarc2\\vendor\\laravel\\framework\\src\\Illuminate\\Pipeline\\Pipeline.php(144): Illuminate\\Foundation\\Http\\Kernel->Illuminate\\Foundation\\Http\\{closure}(Object(Illuminate\\Http\\Request))
#39 C:\\laragon\\www\\lprosarc2\\vendor\\laravel\\framework\\src\\Illuminate\\Http\\Middleware\\TrustProxies.php(57): Illuminate\\Pipeline\\Pipeline->Illuminate\\Pipeline\\{closure}(Object(Illuminate\\Http\\Request))
#40 C:\\laragon\\www\\lprosarc2\\vendor\\laravel\\framework\\src\\Illuminate\\Pipeline\\Pipeline.php(183): Illuminate\\Http\\Middleware\\TrustProxies->handle(Object(Illuminate\\Http\\Request), Object(Closure))
#41 C:\\laragon\\www\\lprosarc2\\vendor\\laravel\\framework\\src\\Illuminate\\Foundation\\Http\\Middleware\\TransformsRequest.php(21): Illuminate\\Pipeline\\Pipeline->Illuminate\\Pipeline\\{closure}(Object(Illuminate\\Http\\Request))
#42 C:\\laragon\\www\\lprosarc2\\vendor\\laravel\\framework\\src\\Illuminate\\Foundation\\Http\\Middleware\\ConvertEmptyStringsToNull.php(31): Illuminate\\Foundation\\Http\\Middleware\\TransformsRequest->handle(Object(Illuminate\\Http\\Request), Object(Closure))
#43 C:\\laragon\\www\\lprosarc2\\vendor\\laravel\\framework\\src\\Illuminate\\Pipeline\\Pipeline.php(183): Illuminate\\Foundation\\Http\\Middleware\\ConvertEmptyStringsToNull->handle(Object(Illuminate\\Http\\Request), Object(Closure))
#44 C:\\laragon\\www\\lprosarc2\\vendor\\laravel\\framework\\src\\Illuminate\\Foundation\\Http\\Middleware\\TransformsRequest.php(21): Illuminate\\Pipeline\\Pipeline->Illuminate\\Pipeline\\{closure}(Object(Illuminate\\Http\\Request))
#45 C:\\laragon\\www\\lprosarc2\\vendor\\laravel\\framework\\src\\Illuminate\\Foundation\\Http\\Middleware\\TrimStrings.php(51): Illuminate\\Foundation\\Http\\Middleware\\TransformsRequest->handle(Object(Illuminate\\Http\\Request), Object(Closure))
#46 C:\\laragon\\www\\lprosarc2\\vendor\\laravel\\framework\\src\\Illuminate\\Pipeline\\Pipeline.php(183): Illuminate\\Foundation\\Http\\Middleware\\TrimStrings->handle(Object(Illuminate\\Http\\Request), Object(Closure))
#47 C:\\laragon\\www\\lprosarc2\\vendor\\laravel\\framework\\src\\Illuminate\\Http\\Middleware\\ValidatePostSize.php(27): Illuminate\\Pipeline\\Pipeline->Illuminate\\Pipeline\\{closure}(Object(Illuminate\\Http\\Request))
#48 C:\\laragon\\www\\lprosarc2\\vendor\\laravel\\framework\\src\\Illuminate\\Pipeline\\Pipeline.php(183): Illuminate\\Http\\Middleware\\ValidatePostSize->handle(Object(Illuminate\\Http\\Request), Object(Closure))
#49 C:\\laragon\\www\\lprosarc2\\vendor\\laravel\\framework\\src\\Illuminate\\Foundation\\Http\\Middleware\\PreventRequestsDuringMaintenance.php(110): Illuminate\\Pipeline\\Pipeline->Illuminate\\Pipeline\\{closure}(Object(Illuminate\\Http\\Request))
#50 C:\\laragon\\www\\lprosarc2\\vendor\\laravel\\framework\\src\\Illuminate\\Pipeline\\Pipeline.php(183): Illuminate\\Foundation\\Http\\Middleware\\PreventRequestsDuringMaintenance->handle(Object(Illuminate\\Http\\Request), Object(Closure))
#51 C:\\laragon\\www\\lprosarc2\\vendor\\laravel\\framework\\src\\Illuminate\\Pipeline\\Pipeline.php(119): Illuminate\\Pipeline\\Pipeline->Illuminate\\Pipeline\\{closure}(Object(Illuminate\\Http\\Request))
#52 C:\\laragon\\www\\lprosarc2\\vendor\\laravel\\framework\\src\\Illuminate\\Foundation\\Http\\Kernel.php(176): Illuminate\\Pipeline\\Pipeline->then(Object(Closure))
#53 C:\\laragon\\www\\lprosarc2\\vendor\\laravel\\framework\\src\\Illuminate\\Foundation\\Http\\Kernel.php(145): Illuminate\\Foundation\\Http\\Kernel->sendRequestThroughRouter(Object(Illuminate\\Http\\Request))
#54 C:\\laragon\\www\\lprosarc2\\public\\index.php(54): Illuminate\\Foundation\\Http\\Kernel->handle(Object(Illuminate\\Http\\Request))
#55 {main}
"} 
[2024-08-09 12:24:45] local.ERROR: Undefined variable $tratam {"view":{"view":"C:\\laragon\\www\\lprosarc2\\resources\\views\\solicitud-serv\\show.blade.php","data":{"errors":"<pre class=sf-dump id=sf-dump-210577870 data-indent-pad=\"  \"><span class=sf-dump-note>Illuminate\\Support\\ViewErrorBag</span> {<a class=sf-dump-ref>#2129</a><samp data-depth=1 class=sf-dump-expanded>
  #<span class=sf-dump-protected title=\"Protected property\">bags</span>: []
</samp>}
</pre><script>Sfdump(\"sf-dump-210577870\", {\"maxDepth\":3,\"maxStringLength\":160})</script>
","SolicitudServicio":"<pre class=sf-dump id=sf-dump-590543548 data-indent-pad=\"  \">{<a class=sf-dump-ref>#2145</a><samp data-depth=1 class=sf-dump-expanded>
  +\"<span class=sf-dump-public title=\"Runtime added dynamic property\">ID_SolSer</span>\": <span class=sf-dump-num>46367</span>
  +\"<span class=sf-dump-public title=\"Runtime added dynamic property\">SolSerStatus</span>\": \"<span class=sf-dump-str title=\"13 characters\">No Conciliado</span>\"
  +\"<span class=sf-dump-public title=\"Runtime added dynamic property\">SolSerTipo</span>\": \"<span class=sf-dump-str title=\"7 characters\">Interno</span>\"
  +\"<span class=sf-dump-public title=\"Runtime added dynamic property\">SolSerAuditable</span>\": <span class=sf-dump-num>0</span>
  +\"<span class=sf-dump-public title=\"Runtime added dynamic property\">SolSerConductor</span>\": \"<span class=sf-dump-str title=\"24 characters\">SEBASTIAN HIGUERA MARI&#209;O</span>\"
  +\"<span class=sf-dump-public title=\"Runtime added dynamic property\">SolSerVehiculo</span>\": \"<span class=sf-dump-str title=\"7 characters\">WFR-524</span>\"
  +\"<span class=sf-dump-public title=\"Runtime added dynamic property\">SolSerFecha</span>\": <span class=sf-dump-const>null</span>
  +\"<span class=sf-dump-public title=\"Runtime added dynamic property\">SolSerSlug</span>\": \"<span class=sf-dump-str title=\"64 characters\">d8104ead3307bb6093a92e4fc48b93f167ec1756932f6f274334d363b8ed9b15</span>\"
  +\"<span class=sf-dump-public title=\"Runtime added dynamic property\">created_at</span>\": \"<span class=sf-dump-str title=\"19 characters\">2022-10-06 13:25:04</span>\"
  +\"<span class=sf-dump-public title=\"Runtime added dynamic property\">updated_at</span>\": \"<span class=sf-dump-str title=\"19 characters\">2024-02-15 10:58:58</span>\"
  +\"<span class=sf-dump-public title=\"Runtime added dynamic property\">SolSerDelete</span>\": <span class=sf-dump-num>0</span>
  +\"<span class=sf-dump-public title=\"Runtime added dynamic property\">SolResAuditoriaTipo</span>\": \"<span class=sf-dump-str title=\"12 characters\">No Auditable</span>\"
  +\"<span class=sf-dump-public title=\"Runtime added dynamic property\">SolSerNameTrans</span>\": \"<span class=sf-dump-str title=\"61 characters\">PROTECCI&#211;N SERVICIOS AMBIENTALES RESPEL DE COLOMBIA S.A. ESP.</span>\"
  +\"<span class=sf-dump-public title=\"Runtime added dynamic property\">SolSerNitTrans</span>\": \"<span class=sf-dump-str title=\"13 characters\">900.079.188-0</span>\"
  +\"<span class=sf-dump-public title=\"Runtime added dynamic property\">SolSerAdressTrans</span>\": \"<span class=sf-dump-str title=\"39 characters\">KM 6 V&#205;A LA MESA SUB ESTACI&#211;N BALSILLAS</span>\"
  +\"<span class=sf-dump-public title=\"Runtime added dynamic property\">SolSerCityTrans</span>\": <span class=sf-dump-num>584</span>
  +\"<span class=sf-dump-public title=\"Runtime added dynamic property\">SolSerTypeCollect</span>\": \"<span class=sf-dump-str title=\"2 characters\">98</span>\"
  +\"<span class=sf-dump-public title=\"Runtime added dynamic property\">SolSerCollectAddress</span>\": \"<span class=sf-dump-str title=\"3 characters\">220</span>\"
  +\"<span class=sf-dump-public title=\"Runtime added dynamic property\">FK_SolSerCollectMun</span>\": <span class=sf-dump-const>null</span>
  +\"<span class=sf-dump-public title=\"Runtime added dynamic property\">SolSerBascula</span>\": <span class=sf-dump-num>0</span>
  +\"<span class=sf-dump-public title=\"Runtime added dynamic property\">SolSerCapacitacion</span>\": <span class=sf-dump-num>0</span>
  +\"<span class=sf-dump-public title=\"Runtime added dynamic property\">SolSerMasPerson</span>\": <span class=sf-dump-num>0</span>
  +\"<span class=sf-dump-public title=\"Runtime added dynamic property\">SolSerVehicExclusive</span>\": <span class=sf-dump-num>0</span>
  +\"<span class=sf-dump-public title=\"Runtime added dynamic property\">SolSerPlatform</span>\": <span class=sf-dump-num>0</span>
  +\"<span class=sf-dump-public title=\"Runtime added dynamic property\">SolSerDevolucion</span>\": <span class=sf-dump-const>null</span>
  +\"<span class=sf-dump-public title=\"Runtime added dynamic property\">SolSerDevolucionTipo</span>\": <span class=sf-dump-const>null</span>
  +\"<span class=sf-dump-public title=\"Runtime added dynamic property\">FK_SolSerPersona</span>\": <span class=sf-dump-num>1</span>
  +\"<span class=sf-dump-public title=\"Runtime added dynamic property\">FK_SolSerCliente</span>\": <span class=sf-dump-num>145</span>
  +\"<span class=sf-dump-public title=\"Runtime added dynamic property\">SolSerDescript</span>\": \"<span class=sf-dump-str>.</span>\"
  +\"<span class=sf-dump-public title=\"Runtime added dynamic property\">SolSerSupport</span>\": <span class=sf-dump-const>null</span>
  +\"<span class=sf-dump-public title=\"Runtime added dynamic property\">SolServCertStatus</span>\": <span class=sf-dump-num>0</span>
  +\"<span class=sf-dump-public title=\"Runtime added dynamic property\">SolServMailCopia</span>\": \"<span class=sf-dump-str title=\"4 characters\">null</span>\"
  +\"<span class=sf-dump-public title=\"Runtime added dynamic property\">SolSerRMs</span>\": <span class=sf-dump-note>array:8</span> [<samp data-depth=2 class=sf-dump-compact>
    <span class=sf-dump-index>0</span> => \"<span class=sf-dump-str title=\"5 characters\">12356</span>\"
    <span class=sf-dump-index>1</span> => <span class=sf-dump-const>null</span>
    <span class=sf-dump-index>2</span> => <span class=sf-dump-const>null</span>
    <span class=sf-dump-index>3</span> => <span class=sf-dump-const>null</span>
    <span class=sf-dump-index>4</span> => <span class=sf-dump-const>null</span>
    <span class=sf-dump-index>5</span> => <span class=sf-dump-const>null</span>
    <span class=sf-dump-index>6</span> => <span class=sf-dump-const>null</span>
    <span class=sf-dump-index>7</span> => <span class=sf-dump-const>null</span>
  </samp>]
  +\"<span class=sf-dump-public title=\"Runtime added dynamic property\">SolSerTranspPrecio</span>\": \"<span class=sf-dump-str title=\"4 characters\">0.00</span>\"
  +\"<span class=sf-dump-public title=\"Runtime added dynamic property\">FK_ReciboSolserv</span>\": <span class=sf-dump-const>null</span>
  +\"<span class=sf-dump-public title=\"Runtime added dynamic property\">SolNumeroFactura</span>\": <span class=sf-dump-const>null</span>
  +\"<span class=sf-dump-public title=\"Runtime added dynamic property\">PersFirstName</span>\": \"<span class=sf-dump-str title=\"4 characters\">Luis</span>\"
  +\"<span class=sf-dump-public title=\"Runtime added dynamic property\">PersLastName</span>\": \"<span class=sf-dump-str title=\"18 characters\">De la hoz Ricaurte</span>\"
  +\"<span class=sf-dump-public title=\"Runtime added dynamic property\">PersEmail</span>\": \"<span class=sf-dump-str title=\"23 characters\">Sistemas@prosarc.com.co</span>\"
  +\"<span class=sf-dump-public title=\"Runtime added dynamic property\">Repetible</span>\": <span class=sf-dump-num>0</span>
  +\"<span class=sf-dump-public title=\"Runtime added dynamic property\">recepcion</span>\": \"<span class=sf-dump-str title=\"19 characters\">2022-10-07 09:00:00</span>\"
</samp>}
</pre><script>Sfdump(\"sf-dump-590543548\", {\"maxDepth\":3,\"maxStringLength\":160})</script>
","Residuos":"<pre class=sf-dump id=sf-dump-120389265 data-indent-pad=\"  \"><span class=sf-dump-note>Illuminate\\Support\\Collection</span> {<a class=sf-dump-ref>#2193</a><samp data-depth=1 class=sf-dump-expanded>
  #<span class=sf-dump-protected title=\"Protected property\">items</span>: <span class=sf-dump-note>array:7</span> [<samp data-depth=2 class=sf-dump-compact>
    <span class=sf-dump-index>0</span> => {<a class=sf-dump-ref>#2196</a><samp data-depth=3 class=sf-dump-compact>
      +\"<span class=sf-dump-public title=\"Runtime added dynamic property\">ID_SolRes</span>\": <span class=sf-dump-num>41689</span>
      +\"<span class=sf-dump-public title=\"Runtime added dynamic property\">SolResKgEnviado</span>\": \"<span class=sf-dump-str title=\"6 characters\">160.00</span>\"
      +\"<span class=sf-dump-public title=\"Runtime added dynamic property\">SolResKgRecibido</span>\": \"<span class=sf-dump-str title=\"5 characters\">12.00</span>\"
      +\"<span class=sf-dump-public title=\"Runtime added dynamic property\">SolResKgConciliado</span>\": \"<span class=sf-dump-str title=\"5 characters\">12.00</span>\"
      +\"<span class=sf-dump-public title=\"Runtime added dynamic property\">SolResKgTratado</span>\": \"<span class=sf-dump-str title=\"4 characters\">0.00</span>\"
      +\"<span class=sf-dump-public title=\"Runtime added dynamic property\">created_at</span>\": \"<span class=sf-dump-str title=\"19 characters\">2022-02-02 19:57:22</span>\"
      +\"<span class=sf-dump-public title=\"Runtime added dynamic property\">updated_at</span>\": \"<span class=sf-dump-str title=\"19 characters\">2022-02-03 16:56:19</span>\"
      +\"<span class=sf-dump-public title=\"Runtime added dynamic property\">SolResDelete</span>\": <span class=sf-dump-num>0</span>
      +\"<span class=sf-dump-public title=\"Runtime added dynamic property\">SolResSlug</span>\": \"<span class=sf-dump-str title=\"64 characters\">55875dea95ce11b88cd669991c0c7647fcccf2456e7f43569a1d2501a1a033d3</span>\"
      +\"<span class=sf-dump-public title=\"Runtime added dynamic property\">FK_SolResSolSer</span>\": <span class=sf-dump-num>46367</span>
      +\"<span class=sf-dump-public title=\"Runtime added dynamic property\">SolResTypeUnidad</span>\": \"<span class=sf-dump-str title=\"6 characters\">Unidad</span>\"
      +\"<span class=sf-dump-public title=\"Runtime added dynamic property\">SolResCantiUnidad</span>\": \"<span class=sf-dump-str title=\"4 characters\">0.00</span>\"
      +\"<span class=sf-dump-public title=\"Runtime added dynamic property\">SolResEmbalaje</span>\": \"<span class=sf-dump-str title=\"12 characters\">Sacos/Bolsas</span>\"
      +\"<span class=sf-dump-public title=\"Runtime added dynamic property\">SolResAlto</span>\": <span class=sf-dump-const>null</span>
      +\"<span class=sf-dump-public title=\"Runtime added dynamic property\">SolResAncho</span>\": <span class=sf-dump-const>null</span>
      +\"<span class=sf-dump-public title=\"Runtime added dynamic property\">SolResProfundo</span>\": <span class=sf-dump-const>null</span>
      +\"<span class=sf-dump-public title=\"Runtime added dynamic property\">SolResFotoDescargue_Pesaje</span>\": <span class=sf-dump-num>0</span>
      +\"<span class=sf-dump-public title=\"Runtime added dynamic property\">SolResFotoTratamiento</span>\": <span class=sf-dump-num>0</span>
      +\"<span class=sf-dump-public title=\"Runtime added dynamic property\">SolResVideoDescargue_Pesaje</span>\": <span class=sf-dump-num>0</span>
      +\"<span class=sf-dump-public title=\"Runtime added dynamic property\">SolResVideoTratamiento</span>\": <span class=sf-dump-num>0</span>
      +\"<span class=sf-dump-public title=\"Runtime added dynamic property\">FK_SolResRg</span>\": <span class=sf-dump-num>9510</span>
      +\"<span class=sf-dump-public title=\"Runtime added dynamic property\">SolResCantiUnidadRecibida</span>\": \"<span class=sf-dump-str title=\"3 characters\">1.0</span>\"
      +\"<span class=sf-dump-public title=\"Runtime added dynamic property\">SolResCantiUnidadConciliada</span>\": \"<span class=sf-dump-str title=\"3 characters\">1.0</span>\"
      +\"<span class=sf-dump-public title=\"Runtime added dynamic property\">SolResCantiUnidadTratada</span>\": <span class=sf-dump-const>null</span>
      +\"<span class=sf-dump-public title=\"Runtime added dynamic property\">SolResDevolucion</span>\": <span class=sf-dump-num>0</span>
      +\"<span class=sf-dump-public title=\"Runtime added dynamic property\">SolResDevolCantidad</span>\": \"<span class=sf-dump-str>0</span>\"
      +\"<span class=sf-dump-public title=\"Runtime added dynamic property\">SolResAuditoria</span>\": <span class=sf-dump-num>0</span>
      +\"<span class=sf-dump-public title=\"Runtime added dynamic property\">SolResAuditoriaTipo</span>\": \"<span class=sf-dump-str>0</span>\"
      +\"<span class=sf-dump-public title=\"Runtime added dynamic property\">SolResPrecio</span>\": \"<span class=sf-dump-str title=\"4 characters\">0.00</span>\"
      +\"<span class=sf-dump-public title=\"Runtime added dynamic property\">FK_SolResRequerimiento</span>\": <span class=sf-dump-num>62289</span>
      +\"<span class=sf-dump-public title=\"Runtime added dynamic property\">SolResRM</span>\": \"<span class=sf-dump-str title=\"9 characters\">[&quot;12356&quot;]</span>\"
      +\"<span class=sf-dump-public title=\"Runtime added dynamic property\">auto_SolResFotoDescargue_Pesaje</span>\": <span class=sf-dump-num>0</span>
      +\"<span class=sf-dump-public title=\"Runtime added dynamic property\">auto_SolResFotoTratamiento</span>\": <span class=sf-dump-num>0</span>
      +\"<span class=sf-dump-public title=\"Runtime added dynamic property\">auto_SolResVideoDescargue_Pesaje</span>\": <span class=sf-dump-num>0</span>
      +\"<span class=sf-dump-public title=\"Runtime added dynamic property\">auto_SolResVideoTratamiento</span>\": <span class=sf-dump-num>0</span>
      +\"<span class=sf-dump-public title=\"Runtime added dynamic property\">auto_SolResDevolucion</span>\": <span class=sf-dump-num>0</span>
      +\"<span class=sf-dump-public title=\"Runtime added dynamic property\">auto_SolResAuditoria</span>\": <span class=sf-dump-num>0</span>
      +\"<span class=sf-dump-public title=\"Runtime added dynamic property\">SolResTypePrecio</span>\": <span class=sf-dump-num>0</span>
      +\"<span class=sf-dump-public title=\"Runtime added dynamic property\">FK_SGener</span>\": <span class=sf-dump-num>408</span>
      +\"<span class=sf-dump-public title=\"Runtime added dynamic property\">ID_Respel</span>\": <span class=sf-dump-num>7700</span>
      +\"<span class=sf-dump-public title=\"Runtime added dynamic property\">RespelName</span>\": \"<span class=sf-dump-str title=\"27 characters\">RESIDUOS ANATOMOPATOL&#211;GICOS</span>\"
      +\"<span class=sf-dump-public title=\"Runtime added dynamic property\">RespelDescrip</span>\": \"<span class=sf-dump-str title=\"39 characters\">Residuos de fluidos corporales o sangre</span>\"
      +\"<span class=sf-dump-public title=\"Runtime added dynamic property\">YRespelClasf4741</span>\": \"<span class=sf-dump-str title=\"2 characters\">Y1</span>\"
      +\"<span class=sf-dump-public title=\"Runtime added dynamic property\">ARespelClasf4741</span>\": <span class=sf-dump-const>null</span>
      +\"<span class=sf-dump-public title=\"Runtime added dynamic property\">RespelIgrosidad</span>\": \"<span class=sf-dump-str title=\"21 characters\">Pat&#243;geno - Infeccioso</span>\"
      +\"<span class=sf-dump-public title=\"Runtime added dynamic property\">RespelEstado</span>\": \"<span class=sf-dump-str title=\"6 characters\">S&#243;lido</span>\"
      +\"<span class=sf-dump-public title=\"Runtime added dynamic property\">RespelHojaSeguridad</span>\": \"<span class=sf-dump-str title=\"68 characters\">edbffb6a83ea3d33b393a3e675056065a4e03cec544687e07b4ee3226e23eed0.pdf</span>\"
      +\"<span class=sf-dump-public title=\"Runtime added dynamic property\">RespelTarj</span>\": \"<span class=sf-dump-str title=\"68 characters\">5e50c924490861ed08a722bc8f06b4cfd78374e43c8da440511540273c99bbcd.pdf</span>\"
      +\"<span class=sf-dump-public title=\"Runtime added dynamic property\">RespelStatus</span>\": \"<span class=sf-dump-str title=\"8 characters\">Aprobado</span>\"
      +\"<span class=sf-dump-public title=\"Runtime added dynamic property\">RespelSlug</span>\": \"<span class=sf-dump-str title=\"64 characters\">f051d382f123be3602792a697f8ba2660a871ba2c009ba285f9a5e9d1eda5786</span>\"
      +\"<span class=sf-dump-public title=\"Runtime added dynamic property\">RespelDelete</span>\": <span class=sf-dump-num>0</span>
      +\"<span class=sf-dump-public title=\"Runtime added dynamic property\">FK_RespelCoti</span>\": <span class=sf-dump-num>2986</span>
      +\"<span class=sf-dump-public title=\"Runtime added dynamic property\">RespelFoto</span>\": \"<span class=sf-dump-str title=\"68 characters\">893d12dc836e5d0c5b9b6e5357978136f2d593753a815fe244bb4eb5bbeb8c7f.png</span>\"
      +\"<span class=sf-dump-public title=\"Runtime added dynamic property\">SustanciaControlada</span>\": <span class=sf-dump-num>0</span>
      +\"<span class=sf-dump-public title=\"Runtime added dynamic property\">SustanciaControladaTipo</span>\": <span class=sf-dump-const>null</span>
      +\"<span class=sf-dump-public title=\"Runtime added dynamic property\">SustanciaControladaNombre</span>\": <span class=sf-dump-const>null</span>
      +\"<span class=sf-dump-public title=\"Runtime added dynamic property\">SustanciaControladaDocumento</span>\": <span class=sf-dump-const>null</span>
      +\"<span class=sf-dump-public title=\"Runtime added dynamic property\">RespelDeclaracion</span>\": <span class=sf-dump-num>1</span>
      +\"<span class=sf-dump-public title=\"Runtime added dynamic property\">AceiteUsado</span>\": <span class=sf-dump-num>0</span>
      +\"<span class=sf-dump-public title=\"Runtime added dynamic property\">RespelStatusDescription</span>\": \"<span class=sf-dump-str title=\"11 characters\">APROBADO DP</span>\"
      +\"<span class=sf-dump-public title=\"Runtime added dynamic property\">RespelPublic</span>\": <span class=sf-dump-num>0</span>
      +\"<span class=sf-dump-public title=\"Runtime added dynamic property\">FK_SubCategoryRP</span>\": <span class=sf-dump-const>null</span>
      +\"<span class=sf-dump-public title=\"Runtime added dynamic property\">ID_Req</span>\": <span class=sf-dump-num>62289</span>
      +\"<span class=sf-dump-public title=\"Runtime added dynamic property\">TratName</span>\": \"<span class=sf-dump-str title=\"18 characters\">Celda de Seguridad</span>\"
      +\"<span class=sf-dump-public title=\"Runtime added dynamic property\">ID_Trat</span>\": <span class=sf-dump-num>2</span>
      +\"<span class=sf-dump-public title=\"Runtime added dynamic property\">CliShortName</span>\": \"<span class=sf-dump-str title=\"6 characters\">Veolia</span>\"
      +\"<span class=sf-dump-public title=\"Runtime added dynamic property\">pretratamientosSelected</span>\": <span class=sf-dump-note title=\"Illuminate\\Database\\Eloquent\\Collection
\"><span class=\"sf-dump-ellipsis sf-dump-ellipsis-note\">Illuminate\\Database\\Eloquent</span><span class=\"sf-dump-ellipsis sf-dump-ellipsis-note\">\\</span>Collection</span> {<a class=sf-dump-ref>#2211</a> &#8230;2}
      +\"<span class=sf-dump-public title=\"Runtime added dynamic property\">tarifa</span>\": <span class=sf-dump-note title=\"App\\Tarifa
\"><span class=\"sf-dump-ellipsis sf-dump-ellipsis-note\">App</span><span class=\"sf-dump-ellipsis sf-dump-ellipsis-note\">\\</span>Tarifa</span> {<a class=sf-dump-ref>#2225</a> &#8230;30}
      +\"<span class=sf-dump-public title=\"Runtime added dynamic property\">ctarifa</span>\": <span class=sf-dump-const>null</span>
      +\"<span class=sf-dump-public title=\"Runtime added dynamic property\">SolResRM2</span>\": <span class=sf-dump-note>array:1</span> [ &#8230;1]
    </samp>}
    <span class=sf-dump-index>1</span> => {<a class=sf-dump-ref>#2199</a><samp data-depth=3 class=sf-dump-compact>
      +\"<span class=sf-dump-public title=\"Runtime added dynamic property\">ID_SolRes</span>\": <span class=sf-dump-num>41690</span>
      +\"<span class=sf-dump-public title=\"Runtime added dynamic property\">SolResKgEnviado</span>\": \"<span class=sf-dump-str title=\"5 characters\">20.00</span>\"
      +\"<span class=sf-dump-public title=\"Runtime added dynamic property\">SolResKgRecibido</span>\": \"<span class=sf-dump-str title=\"4 characters\">0.00</span>\"
      +\"<span class=sf-dump-public title=\"Runtime added dynamic property\">SolResKgConciliado</span>\": \"<span class=sf-dump-str title=\"4 characters\">0.00</span>\"
      +\"<span class=sf-dump-public title=\"Runtime added dynamic property\">SolResKgTratado</span>\": \"<span class=sf-dump-str title=\"4 characters\">0.00</span>\"
      +\"<span class=sf-dump-public title=\"Runtime added dynamic property\">created_at</span>\": \"<span class=sf-dump-str title=\"19 characters\">2022-02-03 14:14:10</span>\"
      +\"<span class=sf-dump-public title=\"Runtime added dynamic property\">updated_at</span>\": \"<span class=sf-dump-str title=\"19 characters\">2022-02-03 16:41:47</span>\"
      +\"<span class=sf-dump-public title=\"Runtime added dynamic property\">SolResDelete</span>\": <span class=sf-dump-num>0</span>
      +\"<span class=sf-dump-public title=\"Runtime added dynamic property\">SolResSlug</span>\": \"<span class=sf-dump-str title=\"64 characters\">d995367b1360ef64338d58a2c39127ce232258c56c5e423def36246b09da9bd4</span>\"
      +\"<span class=sf-dump-public title=\"Runtime added dynamic property\">FK_SolResSolSer</span>\": <span class=sf-dump-num>46367</span>
      +\"<span class=sf-dump-public title=\"Runtime added dynamic property\">SolResTypeUnidad</span>\": <span class=sf-dump-const>null</span>
      +\"<span class=sf-dump-public title=\"Runtime added dynamic property\">SolResCantiUnidad</span>\": <span class=sf-dump-const>null</span>
      +\"<span class=sf-dump-public title=\"Runtime added dynamic property\">SolResEmbalaje</span>\": \"<span class=sf-dump-str title=\"12 characters\">Sacos/Bolsas</span>\"
      +\"<span class=sf-dump-public title=\"Runtime added dynamic property\">SolResAlto</span>\": <span class=sf-dump-const>null</span>
      +\"<span class=sf-dump-public title=\"Runtime added dynamic property\">SolResAncho</span>\": <span class=sf-dump-const>null</span>
      +\"<span class=sf-dump-public title=\"Runtime added dynamic property\">SolResProfundo</span>\": <span class=sf-dump-const>null</span>
      +\"<span class=sf-dump-public title=\"Runtime added dynamic property\">SolResFotoDescargue_Pesaje</span>\": <span class=sf-dump-num>0</span>
      +\"<span class=sf-dump-public title=\"Runtime added dynamic property\">SolResFotoTratamiento</span>\": <span class=sf-dump-num>0</span>
      +\"<span class=sf-dump-public title=\"Runtime added dynamic property\">SolResVideoDescargue_Pesaje</span>\": <span class=sf-dump-num>0</span>
      +\"<span class=sf-dump-public title=\"Runtime added dynamic property\">SolResVideoTratamiento</span>\": <span class=sf-dump-num>0</span>
      +\"<span class=sf-dump-public title=\"Runtime added dynamic property\">FK_SolResRg</span>\": <span class=sf-dump-num>9508</span>
      +\"<span class=sf-dump-public title=\"Runtime added dynamic property\">SolResCantiUnidadRecibida</span>\": <span class=sf-dump-const>null</span>
      +\"<span class=sf-dump-public title=\"Runtime added dynamic property\">SolResCantiUnidadConciliada</span>\": <span class=sf-dump-const>null</span>
      +\"<span class=sf-dump-public title=\"Runtime added dynamic property\">SolResCantiUnidadTratada</span>\": <span class=sf-dump-const>null</span>
      +\"<span class=sf-dump-public title=\"Runtime added dynamic property\">SolResDevolucion</span>\": <span class=sf-dump-num>0</span>
      +\"<span class=sf-dump-public title=\"Runtime added dynamic property\">SolResDevolCantidad</span>\": \"<span class=sf-dump-str>0</span>\"
      +\"<span class=sf-dump-public title=\"Runtime added dynamic property\">SolResAuditoria</span>\": <span class=sf-dump-num>0</span>
      +\"<span class=sf-dump-public title=\"Runtime added dynamic property\">SolResAuditoriaTipo</span>\": \"<span class=sf-dump-str>0</span>\"
      +\"<span class=sf-dump-public title=\"Runtime added dynamic property\">SolResPrecio</span>\": \"<span class=sf-dump-str title=\"4 characters\">0.00</span>\"
      +\"<span class=sf-dump-public title=\"Runtime added dynamic property\">FK_SolResRequerimiento</span>\": <span class=sf-dump-num>62290</span>
      +\"<span class=sf-dump-public title=\"Runtime added dynamic property\">SolResRM</span>\": <span class=sf-dump-const>null</span>
      +\"<span class=sf-dump-public title=\"Runtime added dynamic property\">auto_SolResFotoDescargue_Pesaje</span>\": <span class=sf-dump-num>0</span>
      +\"<span class=sf-dump-public title=\"Runtime added dynamic property\">auto_SolResFotoTratamiento</span>\": <span class=sf-dump-num>0</span>
      +\"<span class=sf-dump-public title=\"Runtime added dynamic property\">auto_SolResVideoDescargue_Pesaje</span>\": <span class=sf-dump-num>0</span>
      +\"<span class=sf-dump-public title=\"Runtime added dynamic property\">auto_SolResVideoTratamiento</span>\": <span class=sf-dump-num>0</span>
      +\"<span class=sf-dump-public title=\"Runtime added dynamic property\">auto_SolResDevolucion</span>\": <span class=sf-dump-num>0</span>
      +\"<span class=sf-dump-public title=\"Runtime added dynamic property\">auto_SolResAuditoria</span>\": <span class=sf-dump-num>0</span>
      +\"<span class=sf-dump-public title=\"Runtime added dynamic property\">SolResTypePrecio</span>\": <span class=sf-dump-num>0</span>
      +\"<span class=sf-dump-public title=\"Runtime added dynamic property\">FK_SGener</span>\": <span class=sf-dump-num>408</span>
      +\"<span class=sf-dump-public title=\"Runtime added dynamic property\">ID_Respel</span>\": <span class=sf-dump-num>7923</span>
      +\"<span class=sf-dump-public title=\"Runtime added dynamic property\">RespelName</span>\": \"<span class=sf-dump-str title=\"22 characters\">Residuos biosanitarios</span>\"
      +\"<span class=sf-dump-public title=\"Runtime added dynamic property\">RespelDescrip</span>\": \"<span class=sf-dump-str title=\"104 characters\">Residuos de guantes, tapabocas, y dem&#225;s elementos que entren en contacto con sangre o fluidos corporales</span>\"
      +\"<span class=sf-dump-public title=\"Runtime added dynamic property\">YRespelClasf4741</span>\": \"<span class=sf-dump-str title=\"2 characters\">Y1</span>\"
      +\"<span class=sf-dump-public title=\"Runtime added dynamic property\">ARespelClasf4741</span>\": <span class=sf-dump-const>null</span>
      +\"<span class=sf-dump-public title=\"Runtime added dynamic property\">RespelIgrosidad</span>\": \"<span class=sf-dump-str title=\"21 characters\">Pat&#243;geno - Infeccioso</span>\"
      +\"<span class=sf-dump-public title=\"Runtime added dynamic property\">RespelEstado</span>\": \"<span class=sf-dump-str title=\"6 characters\">S&#243;lido</span>\"
      +\"<span class=sf-dump-public title=\"Runtime added dynamic property\">RespelHojaSeguridad</span>\": \"<span class=sf-dump-str title=\"68 characters\">aca791087273936f54ecd754be73448484f560a0f70fe5473aed8dd00860103a.pdf</span>\"
      +\"<span class=sf-dump-public title=\"Runtime added dynamic property\">RespelTarj</span>\": \"<span class=sf-dump-str title=\"68 characters\">be378b2fefd0fa21d0ebcfb40860b1ad9e99f97191d5eea41229f9bb4eff54b5.pdf</span>\"
      +\"<span class=sf-dump-public title=\"Runtime added dynamic property\">RespelStatus</span>\": \"<span class=sf-dump-str title=\"8 characters\">Aprobado</span>\"
      +\"<span class=sf-dump-public title=\"Runtime added dynamic property\">RespelSlug</span>\": \"<span class=sf-dump-str title=\"64 characters\">10610619f27602e82dbbf5398f11bc0a785fb94fe01e0aca8221e4680afb1178</span>\"
      +\"<span class=sf-dump-public title=\"Runtime added dynamic property\">RespelDelete</span>\": <span class=sf-dump-num>0</span>
      +\"<span class=sf-dump-public title=\"Runtime added dynamic property\">FK_RespelCoti</span>\": <span class=sf-dump-num>3000</span>
      +\"<span class=sf-dump-public title=\"Runtime added dynamic property\">RespelFoto</span>\": \"<span class=sf-dump-str title=\"68 characters\">e59b5843e897d05d71a6b4a3ebc284375bcf0081080dbdc4e3417d7906ea4c30.png</span>\"
      +\"<span class=sf-dump-public title=\"Runtime added dynamic property\">SustanciaControlada</span>\": <span class=sf-dump-num>0</span>
      +\"<span class=sf-dump-public title=\"Runtime added dynamic property\">SustanciaControladaTipo</span>\": <span class=sf-dump-const>null</span>
      +\"<span class=sf-dump-public title=\"Runtime added dynamic property\">SustanciaControladaNombre</span>\": <span class=sf-dump-const>null</span>
      +\"<span class=sf-dump-public title=\"Runtime added dynamic property\">SustanciaControladaDocumento</span>\": <span class=sf-dump-const>null</span>
      +\"<span class=sf-dump-public title=\"Runtime added dynamic property\">RespelDeclaracion</span>\": <span class=sf-dump-num>1</span>
      +\"<span class=sf-dump-public title=\"Runtime added dynamic property\">AceiteUsado</span>\": <span class=sf-dump-num>0</span>
      +\"<span class=sf-dump-public title=\"Runtime added dynamic property\">RespelStatusDescription</span>\": \"<span class=sf-dump-str title=\"11 characters\">APROBADO dp</span>\"
      +\"<span class=sf-dump-public title=\"Runtime added dynamic property\">RespelPublic</span>\": <span class=sf-dump-num>0</span>
      +\"<span class=sf-dump-public title=\"Runtime added dynamic property\">FK_SubCategoryRP</span>\": <span class=sf-dump-const>null</span>
      +\"<span class=sf-dump-public title=\"Runtime added dynamic property\">ID_Req</span>\": <span class=sf-dump-num>62290</span>
      +\"<span class=sf-dump-public title=\"Runtime added dynamic property\">TratName</span>\": \"<span class=sf-dump-str title=\"16 characters\">TermoDestrucci&#243;n</span>\"
      +\"<span class=sf-dump-public title=\"Runtime added dynamic property\">ID_Trat</span>\": <span class=sf-dump-num>1</span>
      +\"<span class=sf-dump-public title=\"Runtime added dynamic property\">CliShortName</span>\": \"<span class=sf-dump-str title=\"17 characters\">Prosarc S.A. ESP.</span>\"
      +\"<span class=sf-dump-public title=\"Runtime added dynamic property\">pretratamientosSelected</span>\": <span class=sf-dump-note title=\"Illuminate\\Database\\Eloquent\\Collection
\"><span class=\"sf-dump-ellipsis sf-dump-ellipsis-note\">Illuminate\\Database\\Eloquent</span><span class=\"sf-dump-ellipsis sf-dump-ellipsis-note\">\\</span>Collection</span> {<a class=sf-dump-ref>#2242</a> &#8230;2}
      +\"<span class=sf-dump-public title=\"Runtime added dynamic property\">tarifa</span>\": <span class=sf-dump-note title=\"App\\Tarifa
\"><span class=\"sf-dump-ellipsis sf-dump-ellipsis-note\">App</span><span class=\"sf-dump-ellipsis sf-dump-ellipsis-note\">\\</span>Tarifa</span> {<a class=sf-dump-ref>#2256</a> &#8230;30}
      +\"<span class=sf-dump-public title=\"Runtime added dynamic property\">ctarifa</span>\": <span class=sf-dump-const>null</span>
      +\"<span class=sf-dump-public title=\"Runtime added dynamic property\">SolResRM2</span>\": <span class=sf-dump-const>null</span>
    </samp>}
    <span class=sf-dump-index>2</span> => {<a class=sf-dump-ref>#2197</a><samp data-depth=3 class=sf-dump-compact>
      +\"<span class=sf-dump-public title=\"Runtime added dynamic property\">ID_SolRes</span>\": <span class=sf-dump-num>41691</span>
      +\"<span class=sf-dump-public title=\"Runtime added dynamic property\">SolResKgEnviado</span>\": \"<span class=sf-dump-str title=\"4 characters\">7.00</span>\"
      +\"<span class=sf-dump-public title=\"Runtime added dynamic property\">SolResKgRecibido</span>\": \"<span class=sf-dump-str title=\"4 characters\">0.00</span>\"
      +\"<span class=sf-dump-public title=\"Runtime added dynamic property\">SolResKgConciliado</span>\": \"<span class=sf-dump-str title=\"4 characters\">0.00</span>\"
      +\"<span class=sf-dump-public title=\"Runtime added dynamic property\">SolResKgTratado</span>\": \"<span class=sf-dump-str title=\"4 characters\">0.00</span>\"
      +\"<span class=sf-dump-public title=\"Runtime added dynamic property\">created_at</span>\": \"<span class=sf-dump-str title=\"19 characters\">2022-02-03 14:09:55</span>\"
      +\"<span class=sf-dump-public title=\"Runtime added dynamic property\">updated_at</span>\": \"<span class=sf-dump-str title=\"19 characters\">2022-02-03 16:43:21</span>\"
      +\"<span class=sf-dump-public title=\"Runtime added dynamic property\">SolResDelete</span>\": <span class=sf-dump-num>0</span>
      +\"<span class=sf-dump-public title=\"Runtime added dynamic property\">SolResSlug</span>\": \"<span class=sf-dump-str title=\"64 characters\">0f75c1a48f7c19fa59bf4d5058dea2f9b7225620ce3d66ddae9504b77e0cdc06</span>\"
      +\"<span class=sf-dump-public title=\"Runtime added dynamic property\">FK_SolResSolSer</span>\": <span class=sf-dump-num>46367</span>
      +\"<span class=sf-dump-public title=\"Runtime added dynamic property\">SolResTypeUnidad</span>\": <span class=sf-dump-const>null</span>
      +\"<span class=sf-dump-public title=\"Runtime added dynamic property\">SolResCantiUnidad</span>\": <span class=sf-dump-const>null</span>
      +\"<span class=sf-dump-public title=\"Runtime added dynamic property\">SolResEmbalaje</span>\": \"<span class=sf-dump-str title=\"12 characters\">Sacos/Bolsas</span>\"
      +\"<span class=sf-dump-public title=\"Runtime added dynamic property\">SolResAlto</span>\": <span class=sf-dump-const>null</span>
      +\"<span class=sf-dump-public title=\"Runtime added dynamic property\">SolResAncho</span>\": <span class=sf-dump-const>null</span>
      +\"<span class=sf-dump-public title=\"Runtime added dynamic property\">SolResProfundo</span>\": <span class=sf-dump-const>null</span>
      +\"<span class=sf-dump-public title=\"Runtime added dynamic property\">SolResFotoDescargue_Pesaje</span>\": <span class=sf-dump-num>0</span>
      +\"<span class=sf-dump-public title=\"Runtime added dynamic property\">SolResFotoTratamiento</span>\": <span class=sf-dump-num>0</span>
      +\"<span class=sf-dump-public title=\"Runtime added dynamic property\">SolResVideoDescargue_Pesaje</span>\": <span class=sf-dump-num>0</span>
      +\"<span class=sf-dump-public title=\"Runtime added dynamic property\">SolResVideoTratamiento</span>\": <span class=sf-dump-num>0</span>
      +\"<span class=sf-dump-public title=\"Runtime added dynamic property\">FK_SolResRg</span>\": <span class=sf-dump-num>9509</span>
      +\"<span class=sf-dump-public title=\"Runtime added dynamic property\">SolResCantiUnidadRecibida</span>\": <span class=sf-dump-const>null</span>
      +\"<span class=sf-dump-public title=\"Runtime added dynamic property\">SolResCantiUnidadConciliada</span>\": <span class=sf-dump-const>null</span>
      +\"<span class=sf-dump-public title=\"Runtime added dynamic property\">SolResCantiUnidadTratada</span>\": <span class=sf-dump-const>null</span>
      +\"<span class=sf-dump-public title=\"Runtime added dynamic property\">SolResDevolucion</span>\": <span class=sf-dump-num>0</span>
      +\"<span class=sf-dump-public title=\"Runtime added dynamic property\">SolResDevolCantidad</span>\": \"<span class=sf-dump-str>0</span>\"
      +\"<span class=sf-dump-public title=\"Runtime added dynamic property\">SolResAuditoria</span>\": <span class=sf-dump-num>0</span>
      +\"<span class=sf-dump-public title=\"Runtime added dynamic property\">SolResAuditoriaTipo</span>\": \"<span class=sf-dump-str>0</span>\"
      +\"<span class=sf-dump-public title=\"Runtime added dynamic property\">SolResPrecio</span>\": \"<span class=sf-dump-str title=\"4 characters\">0.00</span>\"
      +\"<span class=sf-dump-public title=\"Runtime added dynamic property\">FK_SolResRequerimiento</span>\": <span class=sf-dump-num>62291</span>
      +\"<span class=sf-dump-public title=\"Runtime added dynamic property\">SolResRM</span>\": <span class=sf-dump-const>null</span>
      +\"<span class=sf-dump-public title=\"Runtime added dynamic property\">auto_SolResFotoDescargue_Pesaje</span>\": <span class=sf-dump-num>0</span>
      +\"<span class=sf-dump-public title=\"Runtime added dynamic property\">auto_SolResFotoTratamiento</span>\": <span class=sf-dump-num>0</span>
      +\"<span class=sf-dump-public title=\"Runtime added dynamic property\">auto_SolResVideoDescargue_Pesaje</span>\": <span class=sf-dump-num>0</span>
      +\"<span class=sf-dump-public title=\"Runtime added dynamic property\">auto_SolResVideoTratamiento</span>\": <span class=sf-dump-num>0</span>
      +\"<span class=sf-dump-public title=\"Runtime added dynamic property\">auto_SolResDevolucion</span>\": <span class=sf-dump-num>0</span>
      +\"<span class=sf-dump-public title=\"Runtime added dynamic property\">auto_SolResAuditoria</span>\": <span class=sf-dump-num>0</span>
      +\"<span class=sf-dump-public title=\"Runtime added dynamic property\">SolResTypePrecio</span>\": <span class=sf-dump-num>0</span>
      +\"<span class=sf-dump-public title=\"Runtime added dynamic property\">FK_SGener</span>\": <span class=sf-dump-num>408</span>
      +\"<span class=sf-dump-public title=\"Runtime added dynamic property\">ID_Respel</span>\": <span class=sf-dump-num>7922</span>
      +\"<span class=sf-dump-public title=\"Runtime added dynamic property\">RespelName</span>\": \"<span class=sf-dump-str title=\"23 characters\">Residuos Cortopunzantes</span>\"
      +\"<span class=sf-dump-public title=\"Runtime added dynamic property\">RespelDescrip</span>\": \"<span class=sf-dump-str title=\"97 characters\">residuos de agujas, lancetas o dem&#225;s elementos contaminados que puedan generar heridas en la piel</span>\"
      +\"<span class=sf-dump-public title=\"Runtime added dynamic property\">YRespelClasf4741</span>\": \"<span class=sf-dump-str title=\"2 characters\">Y1</span>\"
      +\"<span class=sf-dump-public title=\"Runtime added dynamic property\">ARespelClasf4741</span>\": <span class=sf-dump-const>null</span>
      +\"<span class=sf-dump-public title=\"Runtime added dynamic property\">RespelIgrosidad</span>\": \"<span class=sf-dump-str title=\"21 characters\">Pat&#243;geno - Infeccioso</span>\"
      +\"<span class=sf-dump-public title=\"Runtime added dynamic property\">RespelEstado</span>\": \"<span class=sf-dump-str title=\"6 characters\">S&#243;lido</span>\"
      +\"<span class=sf-dump-public title=\"Runtime added dynamic property\">RespelHojaSeguridad</span>\": \"<span class=sf-dump-str title=\"68 characters\">eb7a5575645fc5b1ea96bb294e321f5657b2ef6871bf40d3d5b9d35d4fd34cd3.pdf</span>\"
      +\"<span class=sf-dump-public title=\"Runtime added dynamic property\">RespelTarj</span>\": \"<span class=sf-dump-str title=\"68 characters\">a94a8bba9e633c547f24a88adcf155b5ead4710f83b9ea586a242699d9af6cfa.pdf</span>\"
      +\"<span class=sf-dump-public title=\"Runtime added dynamic property\">RespelStatus</span>\": \"<span class=sf-dump-str title=\"8 characters\">Aprobado</span>\"
      +\"<span class=sf-dump-public title=\"Runtime added dynamic property\">RespelSlug</span>\": \"<span class=sf-dump-str title=\"64 characters\">11686a7ebd44d79b062bd159af8cbbc44606150a4193455a9be3712e55594ea3</span>\"
      +\"<span class=sf-dump-public title=\"Runtime added dynamic property\">RespelDelete</span>\": <span class=sf-dump-num>0</span>
      +\"<span class=sf-dump-public title=\"Runtime added dynamic property\">FK_RespelCoti</span>\": <span class=sf-dump-num>2999</span>
      +\"<span class=sf-dump-public title=\"Runtime added dynamic property\">RespelFoto</span>\": \"<span class=sf-dump-str title=\"68 characters\">a8e1577f7f30f30dc48b19df438c690622b05a88b99ee02cf6154b05c90c651f.png</span>\"
      +\"<span class=sf-dump-public title=\"Runtime added dynamic property\">SustanciaControlada</span>\": <span class=sf-dump-num>0</span>
      +\"<span class=sf-dump-public title=\"Runtime added dynamic property\">SustanciaControladaTipo</span>\": <span class=sf-dump-const>null</span>
      +\"<span class=sf-dump-public title=\"Runtime added dynamic property\">SustanciaControladaNombre</span>\": <span class=sf-dump-const>null</span>
      +\"<span class=sf-dump-public title=\"Runtime added dynamic property\">SustanciaControladaDocumento</span>\": <span class=sf-dump-const>null</span>
      +\"<span class=sf-dump-public title=\"Runtime added dynamic property\">RespelDeclaracion</span>\": <span class=sf-dump-num>1</span>
      +\"<span class=sf-dump-public title=\"Runtime added dynamic property\">AceiteUsado</span>\": <span class=sf-dump-num>0</span>
      +\"<span class=sf-dump-public title=\"Runtime added dynamic property\">RespelStatusDescription</span>\": \"<span class=sf-dump-str title=\"11 characters\">APROBADO DP</span>\"
      +\"<span class=sf-dump-public title=\"Runtime added dynamic property\">RespelPublic</span>\": <span class=sf-dump-num>0</span>
      +\"<span class=sf-dump-public title=\"Runtime added dynamic property\">FK_SubCategoryRP</span>\": <span class=sf-dump-const>null</span>
      +\"<span class=sf-dump-public title=\"Runtime added dynamic property\">ID_Req</span>\": <span class=sf-dump-num>62291</span>
      +\"<span class=sf-dump-public title=\"Runtime added dynamic property\">TratName</span>\": \"<span class=sf-dump-str title=\"16 characters\">TermoDestrucci&#243;n</span>\"
      +\"<span class=sf-dump-public title=\"Runtime added dynamic property\">ID_Trat</span>\": <span class=sf-dump-num>1</span>
      +\"<span class=sf-dump-public title=\"Runtime added dynamic property\">CliShortName</span>\": \"<span class=sf-dump-str title=\"17 characters\">Prosarc S.A. ESP.</span>\"
      +\"<span class=sf-dump-public title=\"Runtime added dynamic property\">pretratamientosSelected</span>\": <span class=sf-dump-note title=\"Illuminate\\Database\\Eloquent\\Collection
\"><span class=\"sf-dump-ellipsis sf-dump-ellipsis-note\">Illuminate\\Database\\Eloquent</span><span class=\"sf-dump-ellipsis sf-dump-ellipsis-note\">\\</span>Collection</span> {<a class=sf-dump-ref>#2273</a> &#8230;2}
      +\"<span class=sf-dump-public title=\"Runtime added dynamic property\">tarifa</span>\": <span class=sf-dump-note title=\"App\\Tarifa
\"><span class=\"sf-dump-ellipsis sf-dump-ellipsis-note\">App</span><span class=\"sf-dump-ellipsis sf-dump-ellipsis-note\">\\</span>Tarifa</span> {<a class=sf-dump-ref>#2287</a> &#8230;30}
      +\"<span class=sf-dump-public title=\"Runtime added dynamic property\">ctarifa</span>\": <span class=sf-dump-const>null</span>
      +\"<span class=sf-dump-public title=\"Runtime added dynamic property\">SolResRM2</span>\": <span class=sf-dump-const>null</span>
    </samp>}
    <span class=sf-dump-index>3</span> => {<a class=sf-dump-ref>#2198</a><samp data-depth=3 class=sf-dump-compact>
      +\"<span class=sf-dump-public title=\"Runtime added dynamic property\">ID_SolRes</span>\": <span class=sf-dump-num>41692</span>
      +\"<span class=sf-dump-public title=\"Runtime added dynamic property\">SolResKgEnviado</span>\": \"<span class=sf-dump-str title=\"4 characters\">1.20</span>\"
      +\"<span class=sf-dump-public title=\"Runtime added dynamic property\">SolResKgRecibido</span>\": \"<span class=sf-dump-str title=\"4 characters\">0.00</span>\"
      +\"<span class=sf-dump-public title=\"Runtime added dynamic property\">SolResKgConciliado</span>\": \"<span class=sf-dump-str title=\"4 characters\">0.00</span>\"
      +\"<span class=sf-dump-public title=\"Runtime added dynamic property\">SolResKgTratado</span>\": \"<span class=sf-dump-str title=\"4 characters\">0.00</span>\"
      +\"<span class=sf-dump-public title=\"Runtime added dynamic property\">created_at</span>\": \"<span class=sf-dump-str title=\"19 characters\">2021-01-08 13:43:36</span>\"
      +\"<span class=sf-dump-public title=\"Runtime added dynamic property\">updated_at</span>\": \"<span class=sf-dump-str title=\"19 characters\">2021-04-07 19:12:51</span>\"
      +\"<span class=sf-dump-public title=\"Runtime added dynamic property\">SolResDelete</span>\": <span class=sf-dump-num>0</span>
      +\"<span class=sf-dump-public title=\"Runtime added dynamic property\">SolResSlug</span>\": \"<span class=sf-dump-str title=\"64 characters\">f7ffa81f77933ef69fc685482ed61a4f288288608276b09f33e4ff05a604e960</span>\"
      +\"<span class=sf-dump-public title=\"Runtime added dynamic property\">FK_SolResSolSer</span>\": <span class=sf-dump-num>46367</span>
      +\"<span class=sf-dump-public title=\"Runtime added dynamic property\">SolResTypeUnidad</span>\": <span class=sf-dump-const>null</span>
      +\"<span class=sf-dump-public title=\"Runtime added dynamic property\">SolResCantiUnidad</span>\": <span class=sf-dump-const>null</span>
      +\"<span class=sf-dump-public title=\"Runtime added dynamic property\">SolResEmbalaje</span>\": \"<span class=sf-dump-str title=\"12 characters\">Sacos/Bolsas</span>\"
      +\"<span class=sf-dump-public title=\"Runtime added dynamic property\">SolResAlto</span>\": <span class=sf-dump-const>null</span>
      +\"<span class=sf-dump-public title=\"Runtime added dynamic property\">SolResAncho</span>\": <span class=sf-dump-const>null</span>
      +\"<span class=sf-dump-public title=\"Runtime added dynamic property\">SolResProfundo</span>\": <span class=sf-dump-const>null</span>
      +\"<span class=sf-dump-public title=\"Runtime added dynamic property\">SolResFotoDescargue_Pesaje</span>\": <span class=sf-dump-num>0</span>
      +\"<span class=sf-dump-public title=\"Runtime added dynamic property\">SolResFotoTratamiento</span>\": <span class=sf-dump-num>0</span>
      +\"<span class=sf-dump-public title=\"Runtime added dynamic property\">SolResVideoDescargue_Pesaje</span>\": <span class=sf-dump-num>0</span>
      +\"<span class=sf-dump-public title=\"Runtime added dynamic property\">SolResVideoTratamiento</span>\": <span class=sf-dump-num>0</span>
      +\"<span class=sf-dump-public title=\"Runtime added dynamic property\">FK_SolResRg</span>\": <span class=sf-dump-num>1846</span>
      +\"<span class=sf-dump-public title=\"Runtime added dynamic property\">SolResCantiUnidadRecibida</span>\": <span class=sf-dump-const>null</span>
      +\"<span class=sf-dump-public title=\"Runtime added dynamic property\">SolResCantiUnidadConciliada</span>\": <span class=sf-dump-const>null</span>
      +\"<span class=sf-dump-public title=\"Runtime added dynamic property\">SolResCantiUnidadTratada</span>\": <span class=sf-dump-const>null</span>
      +\"<span class=sf-dump-public title=\"Runtime added dynamic property\">SolResDevolucion</span>\": <span class=sf-dump-num>0</span>
      +\"<span class=sf-dump-public title=\"Runtime added dynamic property\">SolResDevolCantidad</span>\": \"<span class=sf-dump-str>0</span>\"
      +\"<span class=sf-dump-public title=\"Runtime added dynamic property\">SolResAuditoria</span>\": <span class=sf-dump-num>0</span>
      +\"<span class=sf-dump-public title=\"Runtime added dynamic property\">SolResAuditoriaTipo</span>\": \"<span class=sf-dump-str>0</span>\"
      +\"<span class=sf-dump-public title=\"Runtime added dynamic property\">SolResPrecio</span>\": \"<span class=sf-dump-str title=\"4 characters\">0.00</span>\"
      +\"<span class=sf-dump-public title=\"Runtime added dynamic property\">FK_SolResRequerimiento</span>\": <span class=sf-dump-num>62292</span>
      +\"<span class=sf-dump-public title=\"Runtime added dynamic property\">SolResRM</span>\": <span class=sf-dump-const>null</span>
      +\"<span class=sf-dump-public title=\"Runtime added dynamic property\">auto_SolResFotoDescargue_Pesaje</span>\": <span class=sf-dump-num>0</span>
      +\"<span class=sf-dump-public title=\"Runtime added dynamic property\">auto_SolResFotoTratamiento</span>\": <span class=sf-dump-num>0</span>
      +\"<span class=sf-dump-public title=\"Runtime added dynamic property\">auto_SolResVideoDescargue_Pesaje</span>\": <span class=sf-dump-num>0</span>
      +\"<span class=sf-dump-public title=\"Runtime added dynamic property\">auto_SolResVideoTratamiento</span>\": <span class=sf-dump-num>0</span>
      +\"<span class=sf-dump-public title=\"Runtime added dynamic property\">auto_SolResDevolucion</span>\": <span class=sf-dump-num>0</span>
      +\"<span class=sf-dump-public title=\"Runtime added dynamic property\">auto_SolResAuditoria</span>\": <span class=sf-dump-num>0</span>
      +\"<span class=sf-dump-public title=\"Runtime added dynamic property\">SolResTypePrecio</span>\": <span class=sf-dump-num>0</span>
      +\"<span class=sf-dump-public title=\"Runtime added dynamic property\">FK_SGener</span>\": <span class=sf-dump-num>408</span>
      +\"<span class=sf-dump-public title=\"Runtime added dynamic property\">ID_Respel</span>\": <span class=sf-dump-num>1200</span>
      +\"<span class=sf-dump-public title=\"Runtime added dynamic property\">RespelName</span>\": \"<span class=sf-dump-str title=\"17 characters\">RESIDUOS QU&#205;MICOS</span>\"
      +\"<span class=sf-dump-public title=\"Runtime added dynamic property\">RespelDescrip</span>\": \"<span class=sf-dump-str title=\"76 characters\">ENVASES CON RESTOS DE PRODUCTOS QU&#205;MICOS Y MATERIAL CONTAMINADO CON RECTIVOS</span>\"
      +\"<span class=sf-dump-public title=\"Runtime added dynamic property\">YRespelClasf4741</span>\": <span class=sf-dump-const>null</span>
      +\"<span class=sf-dump-public title=\"Runtime added dynamic property\">ARespelClasf4741</span>\": \"<span class=sf-dump-str title=\"5 characters\">A4140</span>\"
      +\"<span class=sf-dump-public title=\"Runtime added dynamic property\">RespelIgrosidad</span>\": \"<span class=sf-dump-str title=\"6 characters\">Toxico</span>\"
      +\"<span class=sf-dump-public title=\"Runtime added dynamic property\">RespelEstado</span>\": \"<span class=sf-dump-str title=\"6 characters\">S&#243;lido</span>\"
      +\"<span class=sf-dump-public title=\"Runtime added dynamic property\">RespelHojaSeguridad</span>\": \"<span class=sf-dump-str title=\"68 characters\">40f2482e6001439c200976f6f12266154f3d8940ec99221eb91ce99e5e2359de.pdf</span>\"
      +\"<span class=sf-dump-public title=\"Runtime added dynamic property\">RespelTarj</span>\": \"<span class=sf-dump-str title=\"68 characters\">449a98b0200b015f0a4b4fcaef74f5640be9d17182a1b66b11fed73d4b394a88.pdf</span>\"
      +\"<span class=sf-dump-public title=\"Runtime added dynamic property\">RespelStatus</span>\": \"<span class=sf-dump-str title=\"8 characters\">Aprobado</span>\"
      +\"<span class=sf-dump-public title=\"Runtime added dynamic property\">RespelSlug</span>\": \"<span class=sf-dump-str title=\"64 characters\">ba1d21855ae2bfd3b9ac27db2f5a8641e0bc7c1fe64a5394ddaf63086035884b</span>\"
      +\"<span class=sf-dump-public title=\"Runtime added dynamic property\">RespelDelete</span>\": <span class=sf-dump-num>0</span>
      +\"<span class=sf-dump-public title=\"Runtime added dynamic property\">FK_RespelCoti</span>\": <span class=sf-dump-num>1192</span>
      +\"<span class=sf-dump-public title=\"Runtime added dynamic property\">RespelFoto</span>\": \"<span class=sf-dump-str title=\"21 characters\">RespelFotoDefault.png</span>\"
      +\"<span class=sf-dump-public title=\"Runtime added dynamic property\">SustanciaControlada</span>\": <span class=sf-dump-num>0</span>
      +\"<span class=sf-dump-public title=\"Runtime added dynamic property\">SustanciaControladaTipo</span>\": <span class=sf-dump-num>1</span>
      +\"<span class=sf-dump-public title=\"Runtime added dynamic property\">SustanciaControladaNombre</span>\": \"<span class=sf-dump-str title=\"35 characters\">Aceite combustible para motor- ACPM</span>\"
      +\"<span class=sf-dump-public title=\"Runtime added dynamic property\">SustanciaControladaDocumento</span>\": <span class=sf-dump-const>null</span>
      +\"<span class=sf-dump-public title=\"Runtime added dynamic property\">RespelDeclaracion</span>\": <span class=sf-dump-num>1</span>
      +\"<span class=sf-dump-public title=\"Runtime added dynamic property\">AceiteUsado</span>\": <span class=sf-dump-num>0</span>
      +\"<span class=sf-dump-public title=\"Runtime added dynamic property\">RespelStatusDescription</span>\": <span class=sf-dump-const>null</span>
      +\"<span class=sf-dump-public title=\"Runtime added dynamic property\">RespelPublic</span>\": <span class=sf-dump-num>0</span>
      +\"<span class=sf-dump-public title=\"Runtime added dynamic property\">FK_SubCategoryRP</span>\": <span class=sf-dump-const>null</span>
      +\"<span class=sf-dump-public title=\"Runtime added dynamic property\">ID_Req</span>\": <span class=sf-dump-num>62292</span>
      +\"<span class=sf-dump-public title=\"Runtime added dynamic property\">TratName</span>\": \"<span class=sf-dump-str title=\"16 characters\">TermoDestrucci&#243;n</span>\"
      +\"<span class=sf-dump-public title=\"Runtime added dynamic property\">ID_Trat</span>\": <span class=sf-dump-num>1</span>
      +\"<span class=sf-dump-public title=\"Runtime added dynamic property\">CliShortName</span>\": \"<span class=sf-dump-str title=\"17 characters\">Prosarc S.A. ESP.</span>\"
      +\"<span class=sf-dump-public title=\"Runtime added dynamic property\">pretratamientosSelected</span>\": <span class=sf-dump-note title=\"Illuminate\\Database\\Eloquent\\Collection
\"><span class=\"sf-dump-ellipsis sf-dump-ellipsis-note\">Illuminate\\Database\\Eloquent</span><span class=\"sf-dump-ellipsis sf-dump-ellipsis-note\">\\</span>Collection</span> {<a class=sf-dump-ref>#2304</a> &#8230;2}
      +\"<span class=sf-dump-public title=\"Runtime added dynamic property\">tarifa</span>\": <span class=sf-dump-note title=\"App\\Tarifa
\"><span class=\"sf-dump-ellipsis sf-dump-ellipsis-note\">App</span><span class=\"sf-dump-ellipsis sf-dump-ellipsis-note\">\\</span>Tarifa</span> {<a class=sf-dump-ref>#2318</a> &#8230;30}
      +\"<span class=sf-dump-public title=\"Runtime added dynamic property\">ctarifa</span>\": <span class=sf-dump-const>null</span>
      +\"<span class=sf-dump-public title=\"Runtime added dynamic property\">SolResRM2</span>\": <span class=sf-dump-const>null</span>
    </samp>}
    <span class=sf-dump-index>4</span> => {<a class=sf-dump-ref>#2200</a><samp data-depth=3 class=sf-dump-compact>
      +\"<span class=sf-dump-public title=\"Runtime added dynamic property\">ID_SolRes</span>\": <span class=sf-dump-num>41693</span>
      +\"<span class=sf-dump-public title=\"Runtime added dynamic property\">SolResKgEnviado</span>\": \"<span class=sf-dump-str title=\"4 characters\">1.20</span>\"
      +\"<span class=sf-dump-public title=\"Runtime added dynamic property\">SolResKgRecibido</span>\": \"<span class=sf-dump-str title=\"4 characters\">0.00</span>\"
      +\"<span class=sf-dump-public title=\"Runtime added dynamic property\">SolResKgConciliado</span>\": \"<span class=sf-dump-str title=\"4 characters\">0.00</span>\"
      +\"<span class=sf-dump-public title=\"Runtime added dynamic property\">SolResKgTratado</span>\": \"<span class=sf-dump-str title=\"4 characters\">0.00</span>\"
      +\"<span class=sf-dump-public title=\"Runtime added dynamic property\">created_at</span>\": \"<span class=sf-dump-str title=\"19 characters\">2020-10-26 16:28:27</span>\"
      +\"<span class=sf-dump-public title=\"Runtime added dynamic property\">updated_at</span>\": \"<span class=sf-dump-str title=\"19 characters\">2021-04-07 19:12:12</span>\"
      +\"<span class=sf-dump-public title=\"Runtime added dynamic property\">SolResDelete</span>\": <span class=sf-dump-num>0</span>
      +\"<span class=sf-dump-public title=\"Runtime added dynamic property\">SolResSlug</span>\": \"<span class=sf-dump-str title=\"64 characters\">b28692ffdda6d130c1b342a57347fd3d77c0684aad13dbe33284628b8f12d746</span>\"
      +\"<span class=sf-dump-public title=\"Runtime added dynamic property\">FK_SolResSolSer</span>\": <span class=sf-dump-num>46367</span>
      +\"<span class=sf-dump-public title=\"Runtime added dynamic property\">SolResTypeUnidad</span>\": <span class=sf-dump-const>null</span>
      +\"<span class=sf-dump-public title=\"Runtime added dynamic property\">SolResCantiUnidad</span>\": <span class=sf-dump-const>null</span>
      +\"<span class=sf-dump-public title=\"Runtime added dynamic property\">SolResEmbalaje</span>\": \"<span class=sf-dump-str title=\"15 characters\">Bidones Grandes</span>\"
      +\"<span class=sf-dump-public title=\"Runtime added dynamic property\">SolResAlto</span>\": <span class=sf-dump-const>null</span>
      +\"<span class=sf-dump-public title=\"Runtime added dynamic property\">SolResAncho</span>\": <span class=sf-dump-const>null</span>
      +\"<span class=sf-dump-public title=\"Runtime added dynamic property\">SolResProfundo</span>\": <span class=sf-dump-const>null</span>
      +\"<span class=sf-dump-public title=\"Runtime added dynamic property\">SolResFotoDescargue_Pesaje</span>\": <span class=sf-dump-num>0</span>
      +\"<span class=sf-dump-public title=\"Runtime added dynamic property\">SolResFotoTratamiento</span>\": <span class=sf-dump-num>0</span>
      +\"<span class=sf-dump-public title=\"Runtime added dynamic property\">SolResVideoDescargue_Pesaje</span>\": <span class=sf-dump-num>0</span>
      +\"<span class=sf-dump-public title=\"Runtime added dynamic property\">SolResVideoTratamiento</span>\": <span class=sf-dump-num>0</span>
      +\"<span class=sf-dump-public title=\"Runtime added dynamic property\">FK_SolResRg</span>\": <span class=sf-dump-num>1820</span>
      +\"<span class=sf-dump-public title=\"Runtime added dynamic property\">SolResCantiUnidadRecibida</span>\": <span class=sf-dump-const>null</span>
      +\"<span class=sf-dump-public title=\"Runtime added dynamic property\">SolResCantiUnidadConciliada</span>\": <span class=sf-dump-const>null</span>
      +\"<span class=sf-dump-public title=\"Runtime added dynamic property\">SolResCantiUnidadTratada</span>\": <span class=sf-dump-const>null</span>
      +\"<span class=sf-dump-public title=\"Runtime added dynamic property\">SolResDevolucion</span>\": <span class=sf-dump-num>0</span>
      +\"<span class=sf-dump-public title=\"Runtime added dynamic property\">SolResDevolCantidad</span>\": \"<span class=sf-dump-str>0</span>\"
      +\"<span class=sf-dump-public title=\"Runtime added dynamic property\">SolResAuditoria</span>\": <span class=sf-dump-num>0</span>
      +\"<span class=sf-dump-public title=\"Runtime added dynamic property\">SolResAuditoriaTipo</span>\": \"<span class=sf-dump-str>0</span>\"
      +\"<span class=sf-dump-public title=\"Runtime added dynamic property\">SolResPrecio</span>\": \"<span class=sf-dump-str title=\"4 characters\">0.00</span>\"
      +\"<span class=sf-dump-public title=\"Runtime added dynamic property\">FK_SolResRequerimiento</span>\": <span class=sf-dump-num>62293</span>
      +\"<span class=sf-dump-public title=\"Runtime added dynamic property\">SolResRM</span>\": <span class=sf-dump-const>null</span>
      +\"<span class=sf-dump-public title=\"Runtime added dynamic property\">auto_SolResFotoDescargue_Pesaje</span>\": <span class=sf-dump-num>0</span>
      +\"<span class=sf-dump-public title=\"Runtime added dynamic property\">auto_SolResFotoTratamiento</span>\": <span class=sf-dump-num>0</span>
      +\"<span class=sf-dump-public title=\"Runtime added dynamic property\">auto_SolResVideoDescargue_Pesaje</span>\": <span class=sf-dump-num>0</span>
      +\"<span class=sf-dump-public title=\"Runtime added dynamic property\">auto_SolResVideoTratamiento</span>\": <span class=sf-dump-num>0</span>
      +\"<span class=sf-dump-public title=\"Runtime added dynamic property\">auto_SolResDevolucion</span>\": <span class=sf-dump-num>0</span>
      +\"<span class=sf-dump-public title=\"Runtime added dynamic property\">auto_SolResAuditoria</span>\": <span class=sf-dump-num>0</span>
      +\"<span class=sf-dump-public title=\"Runtime added dynamic property\">SolResTypePrecio</span>\": <span class=sf-dump-num>0</span>
      +\"<span class=sf-dump-public title=\"Runtime added dynamic property\">FK_SGener</span>\": <span class=sf-dump-num>408</span>
      +\"<span class=sf-dump-public title=\"Runtime added dynamic property\">ID_Respel</span>\": <span class=sf-dump-num>671</span>
      +\"<span class=sf-dump-public title=\"Runtime added dynamic property\">RespelName</span>\": \"<span class=sf-dump-str title=\"44 characters\">Residuo L&#237;quido con reactivos de laboratorio</span>\"
      +\"<span class=sf-dump-public title=\"Runtime added dynamic property\">RespelDescrip</span>\": \"<span class=sf-dump-str title=\"128 characters\">Residuo en estado l&#237;quido con caracter&#237;sticas de peligrosidad, incoloro, estable, almacenado en bidones de pl&#225;stico de 60 litros</span>\"
      +\"<span class=sf-dump-public title=\"Runtime added dynamic property\">YRespelClasf4741</span>\": <span class=sf-dump-const>null</span>
      +\"<span class=sf-dump-public title=\"Runtime added dynamic property\">ARespelClasf4741</span>\": \"<span class=sf-dump-str title=\"5 characters\">A4140</span>\"
      +\"<span class=sf-dump-public title=\"Runtime added dynamic property\">RespelIgrosidad</span>\": \"<span class=sf-dump-str title=\"6 characters\">Toxico</span>\"
      +\"<span class=sf-dump-public title=\"Runtime added dynamic property\">RespelEstado</span>\": \"<span class=sf-dump-str title=\"7 characters\">L&#237;quido</span>\"
      +\"<span class=sf-dump-public title=\"Runtime added dynamic property\">RespelHojaSeguridad</span>\": \"<span class=sf-dump-str title=\"68 characters\">6c8edea987a0c3c1ab40b12e985973a174f87cbd2849287989e36816adb556f8.pdf</span>\"
      +\"<span class=sf-dump-public title=\"Runtime added dynamic property\">RespelTarj</span>\": \"<span class=sf-dump-str title=\"68 characters\">f3d677598eceab4a0c765a1d865924338ce901b639ab3294988bc51c7f35059e.pdf</span>\"
      +\"<span class=sf-dump-public title=\"Runtime added dynamic property\">RespelStatus</span>\": \"<span class=sf-dump-str title=\"8 characters\">Aprobado</span>\"
      +\"<span class=sf-dump-public title=\"Runtime added dynamic property\">RespelSlug</span>\": \"<span class=sf-dump-str title=\"64 characters\">513c622bc3b954e93177db76b92403f2889316d32848d65adad0c06e59effbb2</span>\"
      +\"<span class=sf-dump-public title=\"Runtime added dynamic property\">RespelDelete</span>\": <span class=sf-dump-num>0</span>
      +\"<span class=sf-dump-public title=\"Runtime added dynamic property\">FK_RespelCoti</span>\": <span class=sf-dump-num>663</span>
      +\"<span class=sf-dump-public title=\"Runtime added dynamic property\">RespelFoto</span>\": \"<span class=sf-dump-str title=\"68 characters\">f3f0dd0f305fb24ec35adc52e7992a875a6b27933c07824779e28c283a7ebdcd.png</span>\"
      +\"<span class=sf-dump-public title=\"Runtime added dynamic property\">SustanciaControlada</span>\": <span class=sf-dump-num>0</span>
      +\"<span class=sf-dump-public title=\"Runtime added dynamic property\">SustanciaControladaTipo</span>\": <span class=sf-dump-num>1</span>
      +\"<span class=sf-dump-public title=\"Runtime added dynamic property\">SustanciaControladaNombre</span>\": \"<span class=sf-dump-str title=\"35 characters\">Aceite combustible para motor- ACPM</span>\"
      +\"<span class=sf-dump-public title=\"Runtime added dynamic property\">SustanciaControladaDocumento</span>\": <span class=sf-dump-const>null</span>
      +\"<span class=sf-dump-public title=\"Runtime added dynamic property\">RespelDeclaracion</span>\": <span class=sf-dump-num>1</span>
      +\"<span class=sf-dump-public title=\"Runtime added dynamic property\">AceiteUsado</span>\": <span class=sf-dump-num>0</span>
      +\"<span class=sf-dump-public title=\"Runtime added dynamic property\">RespelStatusDescription</span>\": <span class=sf-dump-const>null</span>
      +\"<span class=sf-dump-public title=\"Runtime added dynamic property\">RespelPublic</span>\": <span class=sf-dump-num>0</span>
      +\"<span class=sf-dump-public title=\"Runtime added dynamic property\">FK_SubCategoryRP</span>\": <span class=sf-dump-const>null</span>
      +\"<span class=sf-dump-public title=\"Runtime added dynamic property\">ID_Req</span>\": <span class=sf-dump-num>62293</span>
      +\"<span class=sf-dump-public title=\"Runtime added dynamic property\">TratName</span>\": \"<span class=sf-dump-str title=\"16 characters\">TermoDestrucci&#243;n</span>\"
      +\"<span class=sf-dump-public title=\"Runtime added dynamic property\">ID_Trat</span>\": <span class=sf-dump-num>1</span>
      +\"<span class=sf-dump-public title=\"Runtime added dynamic property\">CliShortName</span>\": \"<span class=sf-dump-str title=\"17 characters\">Prosarc S.A. ESP.</span>\"
      +\"<span class=sf-dump-public title=\"Runtime added dynamic property\">pretratamientosSelected</span>\": <span class=sf-dump-note title=\"Illuminate\\Database\\Eloquent\\Collection
\"><span class=\"sf-dump-ellipsis sf-dump-ellipsis-note\">Illuminate\\Database\\Eloquent</span><span class=\"sf-dump-ellipsis sf-dump-ellipsis-note\">\\</span>Collection</span> {<a class=sf-dump-ref>#2335</a> &#8230;2}
      +\"<span class=sf-dump-public title=\"Runtime added dynamic property\">tarifa</span>\": <span class=sf-dump-note title=\"App\\Tarifa
\"><span class=\"sf-dump-ellipsis sf-dump-ellipsis-note\">App</span><span class=\"sf-dump-ellipsis sf-dump-ellipsis-note\">\\</span>Tarifa</span> {<a class=sf-dump-ref>#2349</a> &#8230;30}
      +\"<span class=sf-dump-public title=\"Runtime added dynamic property\">ctarifa</span>\": <span class=sf-dump-const>null</span>
      +\"<span class=sf-dump-public title=\"Runtime added dynamic property\">SolResRM2</span>\": <span class=sf-dump-const>null</span>
    </samp>}
    <span class=sf-dump-index>5</span> => {<a class=sf-dump-ref>#2201</a><samp data-depth=3 class=sf-dump-compact>
      +\"<span class=sf-dump-public title=\"Runtime added dynamic property\">ID_SolRes</span>\": <span class=sf-dump-num>41698</span>
      +\"<span class=sf-dump-public title=\"Runtime added dynamic property\">SolResKgEnviado</span>\": \"<span class=sf-dump-str title=\"4 characters\">3.00</span>\"
      +\"<span class=sf-dump-public title=\"Runtime added dynamic property\">SolResKgRecibido</span>\": \"<span class=sf-dump-str title=\"4 characters\">0.00</span>\"
      +\"<span class=sf-dump-public title=\"Runtime added dynamic property\">SolResKgConciliado</span>\": \"<span class=sf-dump-str title=\"4 characters\">0.00</span>\"
      +\"<span class=sf-dump-public title=\"Runtime added dynamic property\">SolResKgTratado</span>\": \"<span class=sf-dump-str title=\"4 characters\">0.00</span>\"
      +\"<span class=sf-dump-public title=\"Runtime added dynamic property\">created_at</span>\": \"<span class=sf-dump-str title=\"19 characters\">2022-09-12 09:29:00</span>\"
      +\"<span class=sf-dump-public title=\"Runtime added dynamic property\">updated_at</span>\": \"<span class=sf-dump-str title=\"19 characters\">2022-09-14 09:59:47</span>\"
      +\"<span class=sf-dump-public title=\"Runtime added dynamic property\">SolResDelete</span>\": <span class=sf-dump-num>0</span>
      +\"<span class=sf-dump-public title=\"Runtime added dynamic property\">SolResSlug</span>\": \"<span class=sf-dump-str title=\"64 characters\">1464034fca0865b2e0ba5b08308fe17fb318c8c3a30df856c360e8aff8856d9d</span>\"
      +\"<span class=sf-dump-public title=\"Runtime added dynamic property\">FK_SolResSolSer</span>\": <span class=sf-dump-num>46367</span>
      +\"<span class=sf-dump-public title=\"Runtime added dynamic property\">SolResTypeUnidad</span>\": <span class=sf-dump-const>null</span>
      +\"<span class=sf-dump-public title=\"Runtime added dynamic property\">SolResCantiUnidad</span>\": <span class=sf-dump-const>null</span>
      +\"<span class=sf-dump-public title=\"Runtime added dynamic property\">SolResEmbalaje</span>\": \"<span class=sf-dump-str title=\"12 characters\">Sacos/Bolsas</span>\"
      +\"<span class=sf-dump-public title=\"Runtime added dynamic property\">SolResAlto</span>\": <span class=sf-dump-const>null</span>
      +\"<span class=sf-dump-public title=\"Runtime added dynamic property\">SolResAncho</span>\": <span class=sf-dump-const>null</span>
      +\"<span class=sf-dump-public title=\"Runtime added dynamic property\">SolResProfundo</span>\": <span class=sf-dump-const>null</span>
      +\"<span class=sf-dump-public title=\"Runtime added dynamic property\">SolResFotoDescargue_Pesaje</span>\": <span class=sf-dump-num>0</span>
      +\"<span class=sf-dump-public title=\"Runtime added dynamic property\">SolResFotoTratamiento</span>\": <span class=sf-dump-num>0</span>
      +\"<span class=sf-dump-public title=\"Runtime added dynamic property\">SolResVideoDescargue_Pesaje</span>\": <span class=sf-dump-num>0</span>
      +\"<span class=sf-dump-public title=\"Runtime added dynamic property\">SolResVideoTratamiento</span>\": <span class=sf-dump-num>0</span>
      +\"<span class=sf-dump-public title=\"Runtime added dynamic property\">FK_SolResRg</span>\": <span class=sf-dump-num>23233</span>
      +\"<span class=sf-dump-public title=\"Runtime added dynamic property\">SolResCantiUnidadRecibida</span>\": <span class=sf-dump-const>null</span>
      +\"<span class=sf-dump-public title=\"Runtime added dynamic property\">SolResCantiUnidadConciliada</span>\": <span class=sf-dump-const>null</span>
      +\"<span class=sf-dump-public title=\"Runtime added dynamic property\">SolResCantiUnidadTratada</span>\": <span class=sf-dump-const>null</span>
      +\"<span class=sf-dump-public title=\"Runtime added dynamic property\">SolResDevolucion</span>\": <span class=sf-dump-num>0</span>
      +\"<span class=sf-dump-public title=\"Runtime added dynamic property\">SolResDevolCantidad</span>\": \"<span class=sf-dump-str>0</span>\"
      +\"<span class=sf-dump-public title=\"Runtime added dynamic property\">SolResAuditoria</span>\": <span class=sf-dump-num>0</span>
      +\"<span class=sf-dump-public title=\"Runtime added dynamic property\">SolResAuditoriaTipo</span>\": <span class=sf-dump-const>null</span>
      +\"<span class=sf-dump-public title=\"Runtime added dynamic property\">SolResPrecio</span>\": \"<span class=sf-dump-str title=\"4 characters\">0.00</span>\"
      +\"<span class=sf-dump-public title=\"Runtime added dynamic property\">FK_SolResRequerimiento</span>\": <span class=sf-dump-num>62353</span>
      +\"<span class=sf-dump-public title=\"Runtime added dynamic property\">SolResRM</span>\": <span class=sf-dump-const>null</span>
      +\"<span class=sf-dump-public title=\"Runtime added dynamic property\">auto_SolResFotoDescargue_Pesaje</span>\": <span class=sf-dump-num>0</span>
      +\"<span class=sf-dump-public title=\"Runtime added dynamic property\">auto_SolResFotoTratamiento</span>\": <span class=sf-dump-num>0</span>
      +\"<span class=sf-dump-public title=\"Runtime added dynamic property\">auto_SolResVideoDescargue_Pesaje</span>\": <span class=sf-dump-num>0</span>
      +\"<span class=sf-dump-public title=\"Runtime added dynamic property\">auto_SolResVideoTratamiento</span>\": <span class=sf-dump-num>0</span>
      +\"<span class=sf-dump-public title=\"Runtime added dynamic property\">auto_SolResDevolucion</span>\": <span class=sf-dump-num>0</span>
      +\"<span class=sf-dump-public title=\"Runtime added dynamic property\">auto_SolResAuditoria</span>\": <span class=sf-dump-num>0</span>
      +\"<span class=sf-dump-public title=\"Runtime added dynamic property\">SolResTypePrecio</span>\": <span class=sf-dump-num>0</span>
      +\"<span class=sf-dump-public title=\"Runtime added dynamic property\">FK_SGener</span>\": <span class=sf-dump-num>408</span>
      +\"<span class=sf-dump-public title=\"Runtime added dynamic property\">ID_Respel</span>\": <span class=sf-dump-num>20761</span>
      +\"<span class=sf-dump-public title=\"Runtime added dynamic property\">RespelName</span>\": \"<span class=sf-dump-str title=\"24 characters\">amoniaco para uso m&#233;dico</span>\"
      +\"<span class=sf-dump-public title=\"Runtime added dynamic property\">RespelDescrip</span>\": \"<span class=sf-dump-str title=\"27 characters\">Amoniaco presentaci&#243;n 100ml</span>\"
      +\"<span class=sf-dump-public title=\"Runtime added dynamic property\">YRespelClasf4741</span>\": \"<span class=sf-dump-str title=\"3 characters\">Y35</span>\"
      +\"<span class=sf-dump-public title=\"Runtime added dynamic property\">ARespelClasf4741</span>\": <span class=sf-dump-const>null</span>
      +\"<span class=sf-dump-public title=\"Runtime added dynamic property\">RespelIgrosidad</span>\": \"<span class=sf-dump-str title=\"9 characters\">Corrosivo</span>\"
      +\"<span class=sf-dump-public title=\"Runtime added dynamic property\">RespelEstado</span>\": \"<span class=sf-dump-str title=\"7 characters\">L&#237;quido</span>\"
      +\"<span class=sf-dump-public title=\"Runtime added dynamic property\">RespelHojaSeguridad</span>\": \"<span class=sf-dump-str title=\"68 characters\">c95d24a341caf4db7139cf795853d2d3c69452bb0ac9bb9054f2fab3fc3910b0.pdf</span>\"
      +\"<span class=sf-dump-public title=\"Runtime added dynamic property\">RespelTarj</span>\": \"<span class=sf-dump-str title=\"68 characters\">4adb42a243c23838f16878ba9eb76101ede295fc84d7e9f3add831ba41dbb567.pdf</span>\"
      +\"<span class=sf-dump-public title=\"Runtime added dynamic property\">RespelStatus</span>\": \"<span class=sf-dump-str title=\"8 characters\">Aprobado</span>\"
      +\"<span class=sf-dump-public title=\"Runtime added dynamic property\">RespelSlug</span>\": \"<span class=sf-dump-str title=\"64 characters\">dd4f9e83d70ff6ec98d6454b5d58a0cd8d39c8540973b00789b7e71505a69e5b</span>\"
      +\"<span class=sf-dump-public title=\"Runtime added dynamic property\">RespelDelete</span>\": <span class=sf-dump-num>0</span>
      +\"<span class=sf-dump-public title=\"Runtime added dynamic property\">FK_RespelCoti</span>\": <span class=sf-dump-num>4575</span>
      +\"<span class=sf-dump-public title=\"Runtime added dynamic property\">RespelFoto</span>\": \"<span class=sf-dump-str title=\"68 characters\">6c5b1d2970f84fc7589f4f7a85dfbe929b2c15e0cf37c21c13e1ee5b6c024a8b.png</span>\"
      +\"<span class=sf-dump-public title=\"Runtime added dynamic property\">SustanciaControlada</span>\": <span class=sf-dump-num>0</span>
      +\"<span class=sf-dump-public title=\"Runtime added dynamic property\">SustanciaControladaTipo</span>\": <span class=sf-dump-num>1</span>
      +\"<span class=sf-dump-public title=\"Runtime added dynamic property\">SustanciaControladaNombre</span>\": \"<span class=sf-dump-str title=\"35 characters\">Aceite combustible para motor- ACPM</span>\"
      +\"<span class=sf-dump-public title=\"Runtime added dynamic property\">SustanciaControladaDocumento</span>\": <span class=sf-dump-const>null</span>
      +\"<span class=sf-dump-public title=\"Runtime added dynamic property\">RespelDeclaracion</span>\": <span class=sf-dump-num>1</span>
      +\"<span class=sf-dump-public title=\"Runtime added dynamic property\">AceiteUsado</span>\": <span class=sf-dump-num>0</span>
      +\"<span class=sf-dump-public title=\"Runtime added dynamic property\">RespelStatusDescription</span>\": \"\"\"
        <span class=sf-dump-str title=\"92 characters\">Se manejan cantidades inferiores a 5 l o 5 kg. <span class=\"sf-dump-default sf-dump-ns\">\\r\\n</span></span>
        <span class=sf-dump-str title=\"92 characters\">No se requiere de CCITE. <span class=\"sf-dump-default sf-dump-ns\">\\r\\n</span></span>
        <span class=sf-dump-str title=\"92 characters\"><span class=\"sf-dump-default sf-dump-ns\">\\r\\n</span></span>
        <span class=sf-dump-str title=\"92 characters\">Aprobado VHVP.</span>
        \"\"\"
      +\"<span class=sf-dump-public title=\"Runtime added dynamic property\">RespelPublic</span>\": <span class=sf-dump-num>0</span>
      +\"<span class=sf-dump-public title=\"Runtime added dynamic property\">FK_SubCategoryRP</span>\": <span class=sf-dump-const>null</span>
      +\"<span class=sf-dump-public title=\"Runtime added dynamic property\">ID_Req</span>\": <span class=sf-dump-num>62353</span>
      +\"<span class=sf-dump-public title=\"Runtime added dynamic property\">TratName</span>\": \"<span class=sf-dump-str title=\"16 characters\">TermoDestrucci&#243;n</span>\"
      +\"<span class=sf-dump-public title=\"Runtime added dynamic property\">ID_Trat</span>\": <span class=sf-dump-num>1</span>
      +\"<span class=sf-dump-public title=\"Runtime added dynamic property\">CliShortName</span>\": \"<span class=sf-dump-str title=\"17 characters\">Prosarc S.A. ESP.</span>\"
      +\"<span class=sf-dump-public title=\"Runtime added dynamic property\">pretratamientosSelected</span>\": <span class=sf-dump-note title=\"Illuminate\\Database\\Eloquent\\Collection
\"><span class=\"sf-dump-ellipsis sf-dump-ellipsis-note\">Illuminate\\Database\\Eloquent</span><span class=\"sf-dump-ellipsis sf-dump-ellipsis-note\">\\</span>Collection</span> {<a class=sf-dump-ref>#2366</a> &#8230;2}
      +\"<span class=sf-dump-public title=\"Runtime added dynamic property\">tarifa</span>\": <span class=sf-dump-note title=\"App\\Tarifa
\"><span class=\"sf-dump-ellipsis sf-dump-ellipsis-note\">App</span><span class=\"sf-dump-ellipsis sf-dump-ellipsis-note\">\\</span>Tarifa</span> {<a class=sf-dump-ref>#2380</a> &#8230;30}
      +\"<span class=sf-dump-public title=\"Runtime added dynamic property\">ctarifa</span>\": <span class=sf-dump-const>null</span>
      +\"<span class=sf-dump-public title=\"Runtime added dynamic property\">SolResRM2</span>\": <span class=sf-dump-const>null</span>
    </samp>}
    <span class=sf-dump-index>6</span> => {<a class=sf-dump-ref>#2202</a><samp data-depth=3 class=sf-dump-compact>
      +\"<span class=sf-dump-public title=\"Runtime added dynamic property\">ID_SolRes</span>\": <span class=sf-dump-num>41702</span>
      +\"<span class=sf-dump-public title=\"Runtime added dynamic property\">SolResKgEnviado</span>\": \"<span class=sf-dump-str title=\"5 characters\">10.00</span>\"
      +\"<span class=sf-dump-public title=\"Runtime added dynamic property\">SolResKgRecibido</span>\": \"<span class=sf-dump-str title=\"4 characters\">0.00</span>\"
      +\"<span class=sf-dump-public title=\"Runtime added dynamic property\">SolResKgConciliado</span>\": \"<span class=sf-dump-str title=\"4 characters\">0.00</span>\"
      +\"<span class=sf-dump-public title=\"Runtime added dynamic property\">SolResKgTratado</span>\": \"<span class=sf-dump-str title=\"4 characters\">0.00</span>\"
      +\"<span class=sf-dump-public title=\"Runtime added dynamic property\">created_at</span>\": \"<span class=sf-dump-str title=\"19 characters\">2022-12-19 09:53:02</span>\"
      +\"<span class=sf-dump-public title=\"Runtime added dynamic property\">updated_at</span>\": \"<span class=sf-dump-str title=\"19 characters\">2022-12-19 11:20:11</span>\"
      +\"<span class=sf-dump-public title=\"Runtime added dynamic property\">SolResDelete</span>\": <span class=sf-dump-num>0</span>
      +\"<span class=sf-dump-public title=\"Runtime added dynamic property\">SolResSlug</span>\": \"<span class=sf-dump-str title=\"64 characters\">2331afdac5789c3bf3e72c7e722ac1e6bbe065e94af4f3035b575b49d4b53abf</span>\"
      +\"<span class=sf-dump-public title=\"Runtime added dynamic property\">FK_SolResSolSer</span>\": <span class=sf-dump-num>46367</span>
      +\"<span class=sf-dump-public title=\"Runtime added dynamic property\">SolResTypeUnidad</span>\": <span class=sf-dump-const>null</span>
      +\"<span class=sf-dump-public title=\"Runtime added dynamic property\">SolResCantiUnidad</span>\": <span class=sf-dump-const>null</span>
      +\"<span class=sf-dump-public title=\"Runtime added dynamic property\">SolResEmbalaje</span>\": \"<span class=sf-dump-str title=\"12 characters\">Sacos/Bolsas</span>\"
      +\"<span class=sf-dump-public title=\"Runtime added dynamic property\">SolResAlto</span>\": <span class=sf-dump-const>null</span>
      +\"<span class=sf-dump-public title=\"Runtime added dynamic property\">SolResAncho</span>\": <span class=sf-dump-const>null</span>
      +\"<span class=sf-dump-public title=\"Runtime added dynamic property\">SolResProfundo</span>\": <span class=sf-dump-const>null</span>
      +\"<span class=sf-dump-public title=\"Runtime added dynamic property\">SolResFotoDescargue_Pesaje</span>\": <span class=sf-dump-num>0</span>
      +\"<span class=sf-dump-public title=\"Runtime added dynamic property\">SolResFotoTratamiento</span>\": <span class=sf-dump-num>0</span>
      +\"<span class=sf-dump-public title=\"Runtime added dynamic property\">SolResVideoDescargue_Pesaje</span>\": <span class=sf-dump-num>0</span>
      +\"<span class=sf-dump-public title=\"Runtime added dynamic property\">SolResVideoTratamiento</span>\": <span class=sf-dump-num>0</span>
      +\"<span class=sf-dump-public title=\"Runtime added dynamic property\">FK_SolResRg</span>\": <span class=sf-dump-num>23855</span>
      +\"<span class=sf-dump-public title=\"Runtime added dynamic property\">SolResCantiUnidadRecibida</span>\": <span class=sf-dump-const>null</span>
      +\"<span class=sf-dump-public title=\"Runtime added dynamic property\">SolResCantiUnidadConciliada</span>\": <span class=sf-dump-const>null</span>
      +\"<span class=sf-dump-public title=\"Runtime added dynamic property\">SolResCantiUnidadTratada</span>\": <span class=sf-dump-const>null</span>
      +\"<span class=sf-dump-public title=\"Runtime added dynamic property\">SolResDevolucion</span>\": <span class=sf-dump-num>0</span>
      +\"<span class=sf-dump-public title=\"Runtime added dynamic property\">SolResDevolCantidad</span>\": \"<span class=sf-dump-str>0</span>\"
      +\"<span class=sf-dump-public title=\"Runtime added dynamic property\">SolResAuditoria</span>\": <span class=sf-dump-num>0</span>
      +\"<span class=sf-dump-public title=\"Runtime added dynamic property\">SolResAuditoriaTipo</span>\": <span class=sf-dump-const>null</span>
      +\"<span class=sf-dump-public title=\"Runtime added dynamic property\">SolResPrecio</span>\": \"<span class=sf-dump-str title=\"4 characters\">0.00</span>\"
      +\"<span class=sf-dump-public title=\"Runtime added dynamic property\">FK_SolResRequerimiento</span>\": <span class=sf-dump-num>62389</span>
      +\"<span class=sf-dump-public title=\"Runtime added dynamic property\">SolResRM</span>\": <span class=sf-dump-const>null</span>
      +\"<span class=sf-dump-public title=\"Runtime added dynamic property\">auto_SolResFotoDescargue_Pesaje</span>\": <span class=sf-dump-num>0</span>
      +\"<span class=sf-dump-public title=\"Runtime added dynamic property\">auto_SolResFotoTratamiento</span>\": <span class=sf-dump-num>0</span>
      +\"<span class=sf-dump-public title=\"Runtime added dynamic property\">auto_SolResVideoDescargue_Pesaje</span>\": <span class=sf-dump-num>0</span>
      +\"<span class=sf-dump-public title=\"Runtime added dynamic property\">auto_SolResVideoTratamiento</span>\": <span class=sf-dump-num>0</span>
      +\"<span class=sf-dump-public title=\"Runtime added dynamic property\">auto_SolResDevolucion</span>\": <span class=sf-dump-num>0</span>
      +\"<span class=sf-dump-public title=\"Runtime added dynamic property\">auto_SolResAuditoria</span>\": <span class=sf-dump-num>0</span>
      +\"<span class=sf-dump-public title=\"Runtime added dynamic property\">SolResTypePrecio</span>\": <span class=sf-dump-num>0</span>
      +\"<span class=sf-dump-public title=\"Runtime added dynamic property\">FK_SGener</span>\": <span class=sf-dump-num>408</span>
      +\"<span class=sf-dump-public title=\"Runtime added dynamic property\">ID_Respel</span>\": <span class=sf-dump-num>21565</span>
      +\"<span class=sf-dump-public title=\"Runtime added dynamic property\">RespelName</span>\": \"<span class=sf-dump-str title=\"15 characters\">Aceite Prueba 9</span>\"
      +\"<span class=sf-dump-public title=\"Runtime added dynamic property\">RespelDescrip</span>\": \"<span class=sf-dump-str title=\"15 characters\">Aceite Prueba 9</span>\"
      +\"<span class=sf-dump-public title=\"Runtime added dynamic property\">YRespelClasf4741</span>\": <span class=sf-dump-const>null</span>
      +\"<span class=sf-dump-public title=\"Runtime added dynamic property\">ARespelClasf4741</span>\": <span class=sf-dump-const>null</span>
      +\"<span class=sf-dump-public title=\"Runtime added dynamic property\">RespelIgrosidad</span>\": \"<span class=sf-dump-str title=\"12 characters\">No peligroso</span>\"
      +\"<span class=sf-dump-public title=\"Runtime added dynamic property\">RespelEstado</span>\": \"<span class=sf-dump-str title=\"6 characters\">S&#243;lido</span>\"
      +\"<span class=sf-dump-public title=\"Runtime added dynamic property\">RespelHojaSeguridad</span>\": \"<span class=sf-dump-str title=\"68 characters\">347a36c1ee4d4adc32d20d5dd7213668fca4d2e6611705bedefc1d93693bab8b.pdf</span>\"
      +\"<span class=sf-dump-public title=\"Runtime added dynamic property\">RespelTarj</span>\": \"<span class=sf-dump-str title=\"68 characters\">95cfc932490e407b9dff9c28d02bb5f0304ebe6d8980353828690d3ed842a5de.pdf</span>\"
      +\"<span class=sf-dump-public title=\"Runtime added dynamic property\">RespelStatus</span>\": \"<span class=sf-dump-str title=\"8 characters\">Aprobado</span>\"
      +\"<span class=sf-dump-public title=\"Runtime added dynamic property\">RespelSlug</span>\": \"<span class=sf-dump-str title=\"64 characters\">ea36f676bd7f5ffd2d2989f0980d7038e83f6c5f6c724db47f18c786887e3d3d</span>\"
      +\"<span class=sf-dump-public title=\"Runtime added dynamic property\">RespelDelete</span>\": <span class=sf-dump-num>0</span>
      +\"<span class=sf-dump-public title=\"Runtime added dynamic property\">FK_RespelCoti</span>\": <span class=sf-dump-num>4728</span>
      +\"<span class=sf-dump-public title=\"Runtime added dynamic property\">RespelFoto</span>\": \"<span class=sf-dump-str title=\"68 characters\">f186292e0d63e6e3ff981ffd6ce265a7cd1725b0c92a10ea263aa0907b9a8422.png</span>\"
      +\"<span class=sf-dump-public title=\"Runtime added dynamic property\">SustanciaControlada</span>\": <span class=sf-dump-num>0</span>
      +\"<span class=sf-dump-public title=\"Runtime added dynamic property\">SustanciaControladaTipo</span>\": <span class=sf-dump-const>null</span>
      +\"<span class=sf-dump-public title=\"Runtime added dynamic property\">SustanciaControladaNombre</span>\": <span class=sf-dump-const>null</span>
      +\"<span class=sf-dump-public title=\"Runtime added dynamic property\">SustanciaControladaDocumento</span>\": <span class=sf-dump-const>null</span>
      +\"<span class=sf-dump-public title=\"Runtime added dynamic property\">RespelDeclaracion</span>\": <span class=sf-dump-num>1</span>
      +\"<span class=sf-dump-public title=\"Runtime added dynamic property\">AceiteUsado</span>\": <span class=sf-dump-num>1</span>
      +\"<span class=sf-dump-public title=\"Runtime added dynamic property\">RespelStatusDescription</span>\": <span class=sf-dump-const>null</span>
      +\"<span class=sf-dump-public title=\"Runtime added dynamic property\">RespelPublic</span>\": <span class=sf-dump-num>0</span>
      +\"<span class=sf-dump-public title=\"Runtime added dynamic property\">FK_SubCategoryRP</span>\": <span class=sf-dump-const>null</span>
      +\"<span class=sf-dump-public title=\"Runtime added dynamic property\">ID_Req</span>\": <span class=sf-dump-num>62389</span>
      +\"<span class=sf-dump-public title=\"Runtime added dynamic property\">TratName</span>\": \"<span class=sf-dump-str title=\"21 characters\">Posconsumo luminarias</span>\"
      +\"<span class=sf-dump-public title=\"Runtime added dynamic property\">ID_Trat</span>\": <span class=sf-dump-num>8</span>
      +\"<span class=sf-dump-public title=\"Runtime added dynamic property\">CliShortName</span>\": \"<span class=sf-dump-str title=\"17 characters\">Prosarc S.A. ESP.</span>\"
      +\"<span class=sf-dump-public title=\"Runtime added dynamic property\">pretratamientosSelected</span>\": <span class=sf-dump-note title=\"Illuminate\\Database\\Eloquent\\Collection
\"><span class=\"sf-dump-ellipsis sf-dump-ellipsis-note\">Illuminate\\Database\\Eloquent</span><span class=\"sf-dump-ellipsis sf-dump-ellipsis-note\">\\</span>Collection</span> {<a class=sf-dump-ref>#2397</a> &#8230;2}
      +\"<span class=sf-dump-public title=\"Runtime added dynamic property\">tarifa</span>\": <span class=sf-dump-note title=\"App\\Tarifa
\"><span class=\"sf-dump-ellipsis sf-dump-ellipsis-note\">App</span><span class=\"sf-dump-ellipsis sf-dump-ellipsis-note\">\\</span>Tarifa</span> {<a class=sf-dump-ref>#2411</a> &#8230;30}
      +\"<span class=sf-dump-public title=\"Runtime added dynamic property\">ctarifa</span>\": <span class=sf-dump-const>null</span>
      +\"<span class=sf-dump-public title=\"Runtime added dynamic property\">SolResRM2</span>\": <span class=sf-dump-const>null</span>
    </samp>}
  </samp>]
  #<span class=sf-dump-protected title=\"Protected property\">escapeWhenCastingToString</span>: <span class=sf-dump-const>false</span>
</samp>}
</pre><script>Sfdump(\"sf-dump-120389265\", {\"maxDepth\":3,\"maxStringLength\":160})</script>
","GenerResiduos":"<pre class=sf-dump id=sf-dump-72675078 data-indent-pad=\"  \"><span class=sf-dump-note>Illuminate\\Support\\Collection</span> {<a class=sf-dump-ref>#2176</a><samp data-depth=1 class=sf-dump-expanded>
  #<span class=sf-dump-protected title=\"Protected property\">items</span>: <span class=sf-dump-note>array:1</span> [<samp data-depth=2 class=sf-dump-compact>
    <span class=sf-dump-index>0</span> => {<a class=sf-dump-ref>#2162</a><samp data-depth=3 class=sf-dump-compact>
      +\"<span class=sf-dump-public title=\"Runtime added dynamic property\">GSedeName</span>\": \"<span class=sf-dump-str title=\"43 characters\">FUNDACION BANCO NACIONAL DE SANGRE HEMOLIFE</span>\"
      +\"<span class=sf-dump-public title=\"Runtime added dynamic property\">FK_SGener</span>\": <span class=sf-dump-num>408</span>
      +\"<span class=sf-dump-public title=\"Runtime added dynamic property\">GenerName</span>\": \"<span class=sf-dump-str title=\"43 characters\">FUNDACION BANCO NACIONAL DE SANGRE HEMOLIFE</span>\"
      +\"<span class=sf-dump-public title=\"Runtime added dynamic property\">GSedeSlug</span>\": \"<span class=sf-dump-str title=\"64 characters\">77c6a426cfb3be36f9613d34cd7d522b44738e59241e107a1f5c9c961469a93f</span>\"
      +\"<span class=sf-dump-public title=\"Runtime added dynamic property\">GSedeAddress</span>\": \"<span class=sf-dump-str title=\"27 characters\">calle 23 # 116-31 Bodega 26</span>\"
    </samp>}
  </samp>]
  #<span class=sf-dump-protected title=\"Protected property\">escapeWhenCastingToString</span>: <span class=sf-dump-const>false</span>
</samp>}
</pre><script>Sfdump(\"sf-dump-72675078\", {\"maxDepth\":3,\"maxStringLength\":160})</script>
","Cliente":"<pre class=sf-dump id=sf-dump-678663106 data-indent-pad=\"  \">{<a class=sf-dump-ref>#2168</a><samp data-depth=1 class=sf-dump-expanded>
  +\"<span class=sf-dump-public title=\"Runtime added dynamic property\">CliNit</span>\": \"<span class=sf-dump-str title=\"13 characters\">900.312.289-5</span>\"
  +\"<span class=sf-dump-public title=\"Runtime added dynamic property\">CliName</span>\": \"<span class=sf-dump-str title=\"43 characters\">FUNDACI&#211;N BANCO NACIONAL DE SANGRE HEMOLIFE</span>\"
  +\"<span class=sf-dump-public title=\"Runtime added dynamic property\">SedeAddress</span>\": \"<span class=sf-dump-str title=\"15 characters\">cll 23 # 116-31</span>\"
  +\"<span class=sf-dump-public title=\"Runtime added dynamic property\">MunName</span>\": \"<span class=sf-dump-str title=\"11 characters\">Bogot&#225; D.C.</span>\"
</samp>}
</pre><script>Sfdump(\"sf-dump-678663106\", {\"maxDepth\":3,\"maxStringLength\":160})</script>
","SolSerCollectAddress":"<pre class=sf-dump id=sf-dump-2143290560 data-indent-pad=\"  \">\"<span class=sf-dump-str title=\"61 characters\">FUNDACION BANCO NACIONAL DE SANGRE HEMOLIFE - cll 23 # 116-31</span>\"
</pre><script>Sfdump(\"sf-dump-2143290560\", {\"maxDepth\":3,\"maxStringLength\":160})</script>
","SolSerConductor":"<pre class=sf-dump id=sf-dump-291415425 data-indent-pad=\"  \"><span class=sf-dump-const>null</span>
</pre><script>Sfdump(\"sf-dump-291415425\", {\"maxDepth\":3,\"maxStringLength\":160})</script>
","TextProgramacion":"<pre class=sf-dump id=sf-dump-574870680 data-indent-pad=\"  \"><span class=sf-dump-const>null</span>
</pre><script>Sfdump(\"sf-dump-574870680\", {\"maxDepth\":3,\"maxStringLength\":160})</script>
","Municipio":"<pre class=sf-dump id=sf-dump-491439207 data-indent-pad=\"  \">\"<span class=sf-dump-str title=\"8 characters\">Mosquera</span>\"
</pre><script>Sfdump(\"sf-dump-491439207\", {\"maxDepth\":3,\"maxStringLength\":160})</script>
","Programaciones":"<pre class=sf-dump id=sf-dump-602515576 data-indent-pad=\"  \"><span class=sf-dump-note>Illuminate\\Database\\Eloquent\\Collection</span> {<a class=sf-dump-ref>#2165</a><samp data-depth=1 class=sf-dump-expanded>
  #<span class=sf-dump-protected title=\"Protected property\">items</span>: <span class=sf-dump-note>array:1</span> [<samp data-depth=2 class=sf-dump-compact>
    <span class=sf-dump-index>0</span> => <span class=sf-dump-note title=\"App\\ProgramacionVehiculo
\"><span class=\"sf-dump-ellipsis sf-dump-ellipsis-note\">App</span><span class=\"sf-dump-ellipsis sf-dump-ellipsis-note\">\\</span>ProgramacionVehiculo</span> {<a class=sf-dump-ref>#2166</a><samp data-depth=3 class=sf-dump-compact>
      #<span class=sf-dump-protected title=\"Protected property\">connection</span>: \"<span class=sf-dump-str title=\"5 characters\">mysql</span>\"
      #<span class=sf-dump-protected title=\"Protected property\">table</span>: \"<span class=sf-dump-str title=\"13 characters\">progvehiculos</span>\"
      #<span class=sf-dump-protected title=\"Protected property\">primaryKey</span>: \"<span class=sf-dump-str title=\"10 characters\">ID_ProgVeh</span>\"
      #<span class=sf-dump-protected title=\"Protected property\">keyType</span>: \"<span class=sf-dump-str title=\"3 characters\">int</span>\"
      +<span class=sf-dump-public title=\"Public property\">incrementing</span>: <span class=sf-dump-const>true</span>
      #<span class=sf-dump-protected title=\"Protected property\">with</span>: []
      #<span class=sf-dump-protected title=\"Protected property\">withCount</span>: []
      +<span class=sf-dump-public title=\"Public property\">preventsLazyLoading</span>: <span class=sf-dump-const>false</span>
      #<span class=sf-dump-protected title=\"Protected property\">perPage</span>: <span class=sf-dump-num>15</span>
      +<span class=sf-dump-public title=\"Public property\">exists</span>: <span class=sf-dump-const>true</span>
      +<span class=sf-dump-public title=\"Public property\">wasRecentlyCreated</span>: <span class=sf-dump-const>false</span>
      #<span class=sf-dump-protected title=\"Protected property\">escapeWhenCastingToString</span>: <span class=sf-dump-const>false</span>
      #<span class=sf-dump-protected title=\"Protected property\">attributes</span>: <span class=sf-dump-note>array:25</span> [ &#8230;25]
      #<span class=sf-dump-protected title=\"Protected property\">original</span>: <span class=sf-dump-note>array:25</span> [ &#8230;25]
      #<span class=sf-dump-protected title=\"Protected property\">changes</span>: []
      #<span class=sf-dump-protected title=\"Protected property\">casts</span>: <span class=sf-dump-note>array:1</span> [ &#8230;1]
      #<span class=sf-dump-protected title=\"Protected property\">classCastCache</span>: []
      #<span class=sf-dump-protected title=\"Protected property\">attributeCastCache</span>: []
      #<span class=sf-dump-protected title=\"Protected property\">dateFormat</span>: <span class=sf-dump-const>null</span>
      #<span class=sf-dump-protected title=\"Protected property\">appends</span>: []
      #<span class=sf-dump-protected title=\"Protected property\">dispatchesEvents</span>: []
      #<span class=sf-dump-protected title=\"Protected property\">observables</span>: []
      #<span class=sf-dump-protected title=\"Protected property\">relations</span>: []
      #<span class=sf-dump-protected title=\"Protected property\">touches</span>: []
      +<span class=sf-dump-public title=\"Public property\">timestamps</span>: <span class=sf-dump-const>true</span>
      +<span class=sf-dump-public title=\"Public property\">usesUniqueIds</span>: <span class=sf-dump-const>false</span>
      #<span class=sf-dump-protected title=\"Protected property\">hidden</span>: []
      #<span class=sf-dump-protected title=\"Protected property\">visible</span>: []
      #<span class=sf-dump-protected title=\"Protected property\">fillable</span>: <span class=sf-dump-note>array:21</span> [ &#8230;21]
      #<span class=sf-dump-protected title=\"Protected property\">guarded</span>: <span class=sf-dump-note>array:1</span> [ &#8230;1]
    </samp>}
  </samp>]
  #<span class=sf-dump-protected title=\"Protected property\">escapeWhenCastingToString</span>: <span class=sf-dump-const>false</span>
</samp>}
</pre><script>Sfdump(\"sf-dump-602515576\", {\"maxDepth\":3,\"maxStringLength\":160})</script>
","total":"<pre class=sf-dump id=sf-dump-967324014 data-indent-pad=\"  \"><span class=sf-dump-note>array:4</span> [<samp data-depth=1 class=sf-dump-expanded>
  \"<span class=sf-dump-key>estimado</span>\" => <span class=sf-dump-num>202.4</span>
  \"<span class=sf-dump-key>recibido</span>\" => <span class=sf-dump-num>12.0</span>
  \"<span class=sf-dump-key>conciliado</span>\" => <span class=sf-dump-num>12.0</span>
  \"<span class=sf-dump-key>tratado</span>\" => <span class=sf-dump-num>0.0</span>
</samp>]
</pre><script>Sfdump(\"sf-dump-967324014\", {\"maxDepth\":3,\"maxStringLength\":160})</script>
","cantidadesXtratamiento":"<pre class=sf-dump id=sf-dump-494906484 data-indent-pad=\"  \"><span class=sf-dump-note>array:3</span> [<samp data-depth=1 class=sf-dump-expanded>
  \"<span class=sf-dump-key>Celda de Seguridad</span>\" => <span class=sf-dump-note>array:4</span> [<samp data-depth=2 class=sf-dump-compact>
    \"<span class=sf-dump-key>estimado</span>\" => \"<span class=sf-dump-str title=\"6 characters\">160.00</span>\"
    \"<span class=sf-dump-key>recibido</span>\" => \"<span class=sf-dump-str title=\"5 characters\">12.00</span>\"
    \"<span class=sf-dump-key>conciliado</span>\" => \"<span class=sf-dump-str title=\"5 characters\">12.00</span>\"
    \"<span class=sf-dump-key>tratado</span>\" => \"<span class=sf-dump-str title=\"4 characters\">0.00</span>\"
  </samp>]
  \"<span class=sf-dump-key>TermoDestrucci&#243;n</span>\" => <span class=sf-dump-note>array:4</span> [<samp data-depth=2 class=sf-dump-compact>
    \"<span class=sf-dump-key>estimado</span>\" => <span class=sf-dump-num>32.4</span>
    \"<span class=sf-dump-key>recibido</span>\" => <span class=sf-dump-num>0.0</span>
    \"<span class=sf-dump-key>conciliado</span>\" => <span class=sf-dump-num>0.0</span>
    \"<span class=sf-dump-key>tratado</span>\" => <span class=sf-dump-num>0.0</span>
  </samp>]
  \"<span class=sf-dump-key>Posconsumo luminarias</span>\" => <span class=sf-dump-note>array:4</span> [<samp data-depth=2 class=sf-dump-compact>
    \"<span class=sf-dump-key>estimado</span>\" => \"<span class=sf-dump-str title=\"5 characters\">10.00</span>\"
    \"<span class=sf-dump-key>recibido</span>\" => \"<span class=sf-dump-str title=\"4 characters\">0.00</span>\"
    \"<span class=sf-dump-key>conciliado</span>\" => \"<span class=sf-dump-str title=\"4 characters\">0.00</span>\"
    \"<span class=sf-dump-key>tratado</span>\" => \"<span class=sf-dump-str title=\"4 characters\">0.00</span>\"
  </samp>]
</samp>]
</pre><script>Sfdump(\"sf-dump-494906484\", {\"maxDepth\":3,\"maxStringLength\":160})</script>
","tratamientos":"<pre class=sf-dump id=sf-dump-1671032030 data-indent-pad=\"  \"><span class=sf-dump-note>Illuminate\\Database\\Eloquent\\Collection</span> {<a class=sf-dump-ref>#2567</a><samp data-depth=1 class=sf-dump-expanded>
  #<span class=sf-dump-protected title=\"Protected property\">items</span>: <span class=sf-dump-note>array:15</span> [<samp data-depth=2 class=sf-dump-compact>
    <span class=sf-dump-index>0</span> => <span class=sf-dump-note title=\"App\\Tratamiento
\"><span class=\"sf-dump-ellipsis sf-dump-ellipsis-note\">App</span><span class=\"sf-dump-ellipsis sf-dump-ellipsis-note\">\\</span>Tratamiento</span> {<a class=sf-dump-ref>#2566</a><samp data-depth=3 class=sf-dump-compact>
      #<span class=sf-dump-protected title=\"Protected property\">connection</span>: \"<span class=sf-dump-str title=\"5 characters\">mysql</span>\"
      #<span class=sf-dump-protected title=\"Protected property\">table</span>: \"<span class=sf-dump-str title=\"12 characters\">tratamientos</span>\"
      #<span class=sf-dump-protected title=\"Protected property\">primaryKey</span>: \"<span class=sf-dump-str title=\"7 characters\">ID_Trat</span>\"
      #<span class=sf-dump-protected title=\"Protected property\">keyType</span>: \"<span class=sf-dump-str title=\"3 characters\">int</span>\"
      +<span class=sf-dump-public title=\"Public property\">incrementing</span>: <span class=sf-dump-const>true</span>
      #<span class=sf-dump-protected title=\"Protected property\">with</span>: []
      #<span class=sf-dump-protected title=\"Protected property\">withCount</span>: []
      +<span class=sf-dump-public title=\"Public property\">preventsLazyLoading</span>: <span class=sf-dump-const>false</span>
      #<span class=sf-dump-protected title=\"Protected property\">perPage</span>: <span class=sf-dump-num>15</span>
      +<span class=sf-dump-public title=\"Public property\">exists</span>: <span class=sf-dump-const>true</span>
      +<span class=sf-dump-public title=\"Public property\">wasRecentlyCreated</span>: <span class=sf-dump-const>false</span>
      #<span class=sf-dump-protected title=\"Protected property\">escapeWhenCastingToString</span>: <span class=sf-dump-const>false</span>
      #<span class=sf-dump-protected title=\"Protected property\">attributes</span>: <span class=sf-dump-note>array:41</span> [ &#8230;41]
      #<span class=sf-dump-protected title=\"Protected property\">original</span>: <span class=sf-dump-note>array:41</span> [ &#8230;41]
      #<span class=sf-dump-protected title=\"Protected property\">changes</span>: []
      #<span class=sf-dump-protected title=\"Protected property\">casts</span>: []
      #<span class=sf-dump-protected title=\"Protected property\">classCastCache</span>: []
      #<span class=sf-dump-protected title=\"Protected property\">attributeCastCache</span>: []
      #<span class=sf-dump-protected title=\"Protected property\">dateFormat</span>: <span class=sf-dump-const>null</span>
      #<span class=sf-dump-protected title=\"Protected property\">appends</span>: []
      #<span class=sf-dump-protected title=\"Protected property\">dispatchesEvents</span>: []
      #<span class=sf-dump-protected title=\"Protected property\">observables</span>: []
      #<span class=sf-dump-protected title=\"Protected property\">relations</span>: []
      #<span class=sf-dump-protected title=\"Protected property\">touches</span>: []
      +<span class=sf-dump-public title=\"Public property\">timestamps</span>: <span class=sf-dump-const>true</span>
      +<span class=sf-dump-public title=\"Public property\">usesUniqueIds</span>: <span class=sf-dump-const>false</span>
      #<span class=sf-dump-protected title=\"Protected property\">hidden</span>: []
      #<span class=sf-dump-protected title=\"Protected property\">visible</span>: []
      #<span class=sf-dump-protected title=\"Protected property\">fillable</span>: <span class=sf-dump-note>array:6</span> [ &#8230;6]
      #<span class=sf-dump-protected title=\"Protected property\">guarded</span>: <span class=sf-dump-note>array:1</span> [ &#8230;1]
    </samp>}
    <span class=sf-dump-index>1</span> => <span class=sf-dump-note title=\"App\\Tratamiento
\"><span class=\"sf-dump-ellipsis sf-dump-ellipsis-note\">App</span><span class=\"sf-dump-ellipsis sf-dump-ellipsis-note\">\\</span>Tratamiento</span> {<a class=sf-dump-ref>#2569</a><samp data-depth=3 class=sf-dump-compact>
      #<span class=sf-dump-protected title=\"Protected property\">connection</span>: \"<span class=sf-dump-str title=\"5 characters\">mysql</span>\"
      #<span class=sf-dump-protected title=\"Protected property\">table</span>: \"<span class=sf-dump-str title=\"12 characters\">tratamientos</span>\"
      #<span class=sf-dump-protected title=\"Protected property\">primaryKey</span>: \"<span class=sf-dump-str title=\"7 characters\">ID_Trat</span>\"
      #<span class=sf-dump-protected title=\"Protected property\">keyType</span>: \"<span class=sf-dump-str title=\"3 characters\">int</span>\"
      +<span class=sf-dump-public title=\"Public property\">incrementing</span>: <span class=sf-dump-const>true</span>
      #<span class=sf-dump-protected title=\"Protected property\">with</span>: []
      #<span class=sf-dump-protected title=\"Protected property\">withCount</span>: []
      +<span class=sf-dump-public title=\"Public property\">preventsLazyLoading</span>: <span class=sf-dump-const>false</span>
      #<span class=sf-dump-protected title=\"Protected property\">perPage</span>: <span class=sf-dump-num>15</span>
      +<span class=sf-dump-public title=\"Public property\">exists</span>: <span class=sf-dump-const>true</span>
      +<span class=sf-dump-public title=\"Public property\">wasRecentlyCreated</span>: <span class=sf-dump-const>false</span>
      #<span class=sf-dump-protected title=\"Protected property\">escapeWhenCastingToString</span>: <span class=sf-dump-const>false</span>
      #<span class=sf-dump-protected title=\"Protected property\">attributes</span>: <span class=sf-dump-note>array:41</span> [ &#8230;41]
      #<span class=sf-dump-protected title=\"Protected property\">original</span>: <span class=sf-dump-note>array:41</span> [ &#8230;41]
      #<span class=sf-dump-protected title=\"Protected property\">changes</span>: []
      #<span class=sf-dump-protected title=\"Protected property\">casts</span>: []
      #<span class=sf-dump-protected title=\"Protected property\">classCastCache</span>: []
      #<span class=sf-dump-protected title=\"Protected property\">attributeCastCache</span>: []
      #<span class=sf-dump-protected title=\"Protected property\">dateFormat</span>: <span class=sf-dump-const>null</span>
      #<span class=sf-dump-protected title=\"Protected property\">appends</span>: []
      #<span class=sf-dump-protected title=\"Protected property\">dispatchesEvents</span>: []
      #<span class=sf-dump-protected title=\"Protected property\">observables</span>: []
      #<span class=sf-dump-protected title=\"Protected property\">relations</span>: []
      #<span class=sf-dump-protected title=\"Protected property\">touches</span>: []
      +<span class=sf-dump-public title=\"Public property\">timestamps</span>: <span class=sf-dump-const>true</span>
      +<span class=sf-dump-public title=\"Public property\">usesUniqueIds</span>: <span class=sf-dump-const>false</span>
      #<span class=sf-dump-protected title=\"Protected property\">hidden</span>: []
      #<span class=sf-dump-protected title=\"Protected property\">visible</span>: []
      #<span class=sf-dump-protected title=\"Protected property\">fillable</span>: <span class=sf-dump-note>array:6</span> [ &#8230;6]
      #<span class=sf-dump-protected title=\"Protected property\">guarded</span>: <span class=sf-dump-note>array:1</span> [ &#8230;1]
    </samp>}
    <span class=sf-dump-index>2</span> => <span class=sf-dump-note title=\"App\\Tratamiento
\"><span class=\"sf-dump-ellipsis sf-dump-ellipsis-note\">App</span><span class=\"sf-dump-ellipsis sf-dump-ellipsis-note\">\\</span>Tratamiento</span> {<a class=sf-dump-ref>#2570</a><samp data-depth=3 class=sf-dump-compact>
      #<span class=sf-dump-protected title=\"Protected property\">connection</span>: \"<span class=sf-dump-str title=\"5 characters\">mysql</span>\"
      #<span class=sf-dump-protected title=\"Protected property\">table</span>: \"<span class=sf-dump-str title=\"12 characters\">tratamientos</span>\"
      #<span class=sf-dump-protected title=\"Protected property\">primaryKey</span>: \"<span class=sf-dump-str title=\"7 characters\">ID_Trat</span>\"
      #<span class=sf-dump-protected title=\"Protected property\">keyType</span>: \"<span class=sf-dump-str title=\"3 characters\">int</span>\"
      +<span class=sf-dump-public title=\"Public property\">incrementing</span>: <span class=sf-dump-const>true</span>
      #<span class=sf-dump-protected title=\"Protected property\">with</span>: []
      #<span class=sf-dump-protected title=\"Protected property\">withCount</span>: []
      +<span class=sf-dump-public title=\"Public property\">preventsLazyLoading</span>: <span class=sf-dump-const>false</span>
      #<span class=sf-dump-protected title=\"Protected property\">perPage</span>: <span class=sf-dump-num>15</span>
      +<span class=sf-dump-public title=\"Public property\">exists</span>: <span class=sf-dump-const>true</span>
      +<span class=sf-dump-public title=\"Public property\">wasRecentlyCreated</span>: <span class=sf-dump-const>false</span>
      #<span class=sf-dump-protected title=\"Protected property\">escapeWhenCastingToString</span>: <span class=sf-dump-const>false</span>
      #<span class=sf-dump-protected title=\"Protected property\">attributes</span>: <span class=sf-dump-note>array:41</span> [ &#8230;41]
      #<span class=sf-dump-protected title=\"Protected property\">original</span>: <span class=sf-dump-note>array:41</span> [ &#8230;41]
      #<span class=sf-dump-protected title=\"Protected property\">changes</span>: []
      #<span class=sf-dump-protected title=\"Protected property\">casts</span>: []
      #<span class=sf-dump-protected title=\"Protected property\">classCastCache</span>: []
      #<span class=sf-dump-protected title=\"Protected property\">attributeCastCache</span>: []
      #<span class=sf-dump-protected title=\"Protected property\">dateFormat</span>: <span class=sf-dump-const>null</span>
      #<span class=sf-dump-protected title=\"Protected property\">appends</span>: []
      #<span class=sf-dump-protected title=\"Protected property\">dispatchesEvents</span>: []
      #<span class=sf-dump-protected title=\"Protected property\">observables</span>: []
      #<span class=sf-dump-protected title=\"Protected property\">relations</span>: []
      #<span class=sf-dump-protected title=\"Protected property\">touches</span>: []
      +<span class=sf-dump-public title=\"Public property\">timestamps</span>: <span class=sf-dump-const>true</span>
      +<span class=sf-dump-public title=\"Public property\">usesUniqueIds</span>: <span class=sf-dump-const>false</span>
      #<span class=sf-dump-protected title=\"Protected property\">hidden</span>: []
      #<span class=sf-dump-protected title=\"Protected property\">visible</span>: []
      #<span class=sf-dump-protected title=\"Protected property\">fillable</span>: <span class=sf-dump-note>array:6</span> [ &#8230;6]
      #<span class=sf-dump-protected title=\"Protected property\">guarded</span>: <span class=sf-dump-note>array:1</span> [ &#8230;1]
    </samp>}
    <span class=sf-dump-index>3</span> => <span class=sf-dump-note title=\"App\\Tratamiento
\"><span class=\"sf-dump-ellipsis sf-dump-ellipsis-note\">App</span><span class=\"sf-dump-ellipsis sf-dump-ellipsis-note\">\\</span>Tratamiento</span> {<a class=sf-dump-ref>#2571</a><samp data-depth=3 class=sf-dump-compact>
      #<span class=sf-dump-protected title=\"Protected property\">connection</span>: \"<span class=sf-dump-str title=\"5 characters\">mysql</span>\"
      #<span class=sf-dump-protected title=\"Protected property\">table</span>: \"<span class=sf-dump-str title=\"12 characters\">tratamientos</span>\"
      #<span class=sf-dump-protected title=\"Protected property\">primaryKey</span>: \"<span class=sf-dump-str title=\"7 characters\">ID_Trat</span>\"
      #<span class=sf-dump-protected title=\"Protected property\">keyType</span>: \"<span class=sf-dump-str title=\"3 characters\">int</span>\"
      +<span class=sf-dump-public title=\"Public property\">incrementing</span>: <span class=sf-dump-const>true</span>
      #<span class=sf-dump-protected title=\"Protected property\">with</span>: []
      #<span class=sf-dump-protected title=\"Protected property\">withCount</span>: []
      +<span class=sf-dump-public title=\"Public property\">preventsLazyLoading</span>: <span class=sf-dump-const>false</span>
      #<span class=sf-dump-protected title=\"Protected property\">perPage</span>: <span class=sf-dump-num>15</span>
      +<span class=sf-dump-public title=\"Public property\">exists</span>: <span class=sf-dump-const>true</span>
      +<span class=sf-dump-public title=\"Public property\">wasRecentlyCreated</span>: <span class=sf-dump-const>false</span>
      #<span class=sf-dump-protected title=\"Protected property\">escapeWhenCastingToString</span>: <span class=sf-dump-const>false</span>
      #<span class=sf-dump-protected title=\"Protected property\">attributes</span>: <span class=sf-dump-note>array:41</span> [ &#8230;41]
      #<span class=sf-dump-protected title=\"Protected property\">original</span>: <span class=sf-dump-note>array:41</span> [ &#8230;41]
      #<span class=sf-dump-protected title=\"Protected property\">changes</span>: []
      #<span class=sf-dump-protected title=\"Protected property\">casts</span>: []
      #<span class=sf-dump-protected title=\"Protected property\">classCastCache</span>: []
      #<span class=sf-dump-protected title=\"Protected property\">attributeCastCache</span>: []
      #<span class=sf-dump-protected title=\"Protected property\">dateFormat</span>: <span class=sf-dump-const>null</span>
      #<span class=sf-dump-protected title=\"Protected property\">appends</span>: []
      #<span class=sf-dump-protected title=\"Protected property\">dispatchesEvents</span>: []
      #<span class=sf-dump-protected title=\"Protected property\">observables</span>: []
      #<span class=sf-dump-protected title=\"Protected property\">relations</span>: []
      #<span class=sf-dump-protected title=\"Protected property\">touches</span>: []
      +<span class=sf-dump-public title=\"Public property\">timestamps</span>: <span class=sf-dump-const>true</span>
      +<span class=sf-dump-public title=\"Public property\">usesUniqueIds</span>: <span class=sf-dump-const>false</span>
      #<span class=sf-dump-protected title=\"Protected property\">hidden</span>: []
      #<span class=sf-dump-protected title=\"Protected property\">visible</span>: []
      #<span class=sf-dump-protected title=\"Protected property\">fillable</span>: <span class=sf-dump-note>array:6</span> [ &#8230;6]
      #<span class=sf-dump-protected title=\"Protected property\">guarded</span>: <span class=sf-dump-note>array:1</span> [ &#8230;1]
    </samp>}
    <span class=sf-dump-index>4</span> => <span class=sf-dump-note title=\"App\\Tratamiento
\"><span class=\"sf-dump-ellipsis sf-dump-ellipsis-note\">App</span><span class=\"sf-dump-ellipsis sf-dump-ellipsis-note\">\\</span>Tratamiento</span> {<a class=sf-dump-ref>#2572</a><samp data-depth=3 class=sf-dump-compact>
      #<span class=sf-dump-protected title=\"Protected property\">connection</span>: \"<span class=sf-dump-str title=\"5 characters\">mysql</span>\"
      #<span class=sf-dump-protected title=\"Protected property\">table</span>: \"<span class=sf-dump-str title=\"12 characters\">tratamientos</span>\"
      #<span class=sf-dump-protected title=\"Protected property\">primaryKey</span>: \"<span class=sf-dump-str title=\"7 characters\">ID_Trat</span>\"
      #<span class=sf-dump-protected title=\"Protected property\">keyType</span>: \"<span class=sf-dump-str title=\"3 characters\">int</span>\"
      +<span class=sf-dump-public title=\"Public property\">incrementing</span>: <span class=sf-dump-const>true</span>
      #<span class=sf-dump-protected title=\"Protected property\">with</span>: []
      #<span class=sf-dump-protected title=\"Protected property\">withCount</span>: []
      +<span class=sf-dump-public title=\"Public property\">preventsLazyLoading</span>: <span class=sf-dump-const>false</span>
      #<span class=sf-dump-protected title=\"Protected property\">perPage</span>: <span class=sf-dump-num>15</span>
      +<span class=sf-dump-public title=\"Public property\">exists</span>: <span class=sf-dump-const>true</span>
      +<span class=sf-dump-public title=\"Public property\">wasRecentlyCreated</span>: <span class=sf-dump-const>false</span>
      #<span class=sf-dump-protected title=\"Protected property\">escapeWhenCastingToString</span>: <span class=sf-dump-const>false</span>
      #<span class=sf-dump-protected title=\"Protected property\">attributes</span>: <span class=sf-dump-note>array:41</span> [ &#8230;41]
      #<span class=sf-dump-protected title=\"Protected property\">original</span>: <span class=sf-dump-note>array:41</span> [ &#8230;41]
      #<span class=sf-dump-protected title=\"Protected property\">changes</span>: []
      #<span class=sf-dump-protected title=\"Protected property\">casts</span>: []
      #<span class=sf-dump-protected title=\"Protected property\">classCastCache</span>: []
      #<span class=sf-dump-protected title=\"Protected property\">attributeCastCache</span>: []
      #<span class=sf-dump-protected title=\"Protected property\">dateFormat</span>: <span class=sf-dump-const>null</span>
      #<span class=sf-dump-protected title=\"Protected property\">appends</span>: []
      #<span class=sf-dump-protected title=\"Protected property\">dispatchesEvents</span>: []
      #<span class=sf-dump-protected title=\"Protected property\">observables</span>: []
      #<span class=sf-dump-protected title=\"Protected property\">relations</span>: []
      #<span class=sf-dump-protected title=\"Protected property\">touches</span>: []
      +<span class=sf-dump-public title=\"Public property\">timestamps</span>: <span class=sf-dump-const>true</span>
      +<span class=sf-dump-public title=\"Public property\">usesUniqueIds</span>: <span class=sf-dump-const>false</span>
      #<span class=sf-dump-protected title=\"Protected property\">hidden</span>: []
      #<span class=sf-dump-protected title=\"Protected property\">visible</span>: []
      #<span class=sf-dump-protected title=\"Protected property\">fillable</span>: <span class=sf-dump-note>array:6</span> [ &#8230;6]
      #<span class=sf-dump-protected title=\"Protected property\">guarded</span>: <span class=sf-dump-note>array:1</span> [ &#8230;1]
    </samp>}
    <span class=sf-dump-index>5</span> => <span class=sf-dump-note title=\"App\\Tratamiento
\"><span class=\"sf-dump-ellipsis sf-dump-ellipsis-note\">App</span><span class=\"sf-dump-ellipsis sf-dump-ellipsis-note\">\\</span>Tratamiento</span> {<a class=sf-dump-ref>#2573</a><samp data-depth=3 class=sf-dump-compact>
      #<span class=sf-dump-protected title=\"Protected property\">connection</span>: \"<span class=sf-dump-str title=\"5 characters\">mysql</span>\"
      #<span class=sf-dump-protected title=\"Protected property\">table</span>: \"<span class=sf-dump-str title=\"12 characters\">tratamientos</span>\"
      #<span class=sf-dump-protected title=\"Protected property\">primaryKey</span>: \"<span class=sf-dump-str title=\"7 characters\">ID_Trat</span>\"
      #<span class=sf-dump-protected title=\"Protected property\">keyType</span>: \"<span class=sf-dump-str title=\"3 characters\">int</span>\"
      +<span class=sf-dump-public title=\"Public property\">incrementing</span>: <span class=sf-dump-const>true</span>
      #<span class=sf-dump-protected title=\"Protected property\">with</span>: []
      #<span class=sf-dump-protected title=\"Protected property\">withCount</span>: []
      +<span class=sf-dump-public title=\"Public property\">preventsLazyLoading</span>: <span class=sf-dump-const>false</span>
      #<span class=sf-dump-protected title=\"Protected property\">perPage</span>: <span class=sf-dump-num>15</span>
      +<span class=sf-dump-public title=\"Public property\">exists</span>: <span class=sf-dump-const>true</span>
      +<span class=sf-dump-public title=\"Public property\">wasRecentlyCreated</span>: <span class=sf-dump-const>false</span>
      #<span class=sf-dump-protected title=\"Protected property\">escapeWhenCastingToString</span>: <span class=sf-dump-const>false</span>
      #<span class=sf-dump-protected title=\"Protected property\">attributes</span>: <span class=sf-dump-note>array:41</span> [ &#8230;41]
      #<span class=sf-dump-protected title=\"Protected property\">original</span>: <span class=sf-dump-note>array:41</span> [ &#8230;41]
      #<span class=sf-dump-protected title=\"Protected property\">changes</span>: []
      #<span class=sf-dump-protected title=\"Protected property\">casts</span>: []
      #<span class=sf-dump-protected title=\"Protected property\">classCastCache</span>: []
      #<span class=sf-dump-protected title=\"Protected property\">attributeCastCache</span>: []
      #<span class=sf-dump-protected title=\"Protected property\">dateFormat</span>: <span class=sf-dump-const>null</span>
      #<span class=sf-dump-protected title=\"Protected property\">appends</span>: []
      #<span class=sf-dump-protected title=\"Protected property\">dispatchesEvents</span>: []
      #<span class=sf-dump-protected title=\"Protected property\">observables</span>: []
      #<span class=sf-dump-protected title=\"Protected property\">relations</span>: []
      #<span class=sf-dump-protected title=\"Protected property\">touches</span>: []
      +<span class=sf-dump-public title=\"Public property\">timestamps</span>: <span class=sf-dump-const>true</span>
      +<span class=sf-dump-public title=\"Public property\">usesUniqueIds</span>: <span class=sf-dump-const>false</span>
      #<span class=sf-dump-protected title=\"Protected property\">hidden</span>: []
      #<span class=sf-dump-protected title=\"Protected property\">visible</span>: []
      #<span class=sf-dump-protected title=\"Protected property\">fillable</span>: <span class=sf-dump-note>array:6</span> [ &#8230;6]
      #<span class=sf-dump-protected title=\"Protected property\">guarded</span>: <span class=sf-dump-note>array:1</span> [ &#8230;1]
    </samp>}
    <span class=sf-dump-index>6</span> => <span class=sf-dump-note title=\"App\\Tratamiento
\"><span class=\"sf-dump-ellipsis sf-dump-ellipsis-note\">App</span><span class=\"sf-dump-ellipsis sf-dump-ellipsis-note\">\\</span>Tratamiento</span> {<a class=sf-dump-ref>#2574</a><samp data-depth=3 class=sf-dump-compact>
      #<span class=sf-dump-protected title=\"Protected property\">connection</span>: \"<span class=sf-dump-str title=\"5 characters\">mysql</span>\"
      #<span class=sf-dump-protected title=\"Protected property\">table</span>: \"<span class=sf-dump-str title=\"12 characters\">tratamientos</span>\"
      #<span class=sf-dump-protected title=\"Protected property\">primaryKey</span>: \"<span class=sf-dump-str title=\"7 characters\">ID_Trat</span>\"
      #<span class=sf-dump-protected title=\"Protected property\">keyType</span>: \"<span class=sf-dump-str title=\"3 characters\">int</span>\"
      +<span class=sf-dump-public title=\"Public property\">incrementing</span>: <span class=sf-dump-const>true</span>
      #<span class=sf-dump-protected title=\"Protected property\">with</span>: []
      #<span class=sf-dump-protected title=\"Protected property\">withCount</span>: []
      +<span class=sf-dump-public title=\"Public property\">preventsLazyLoading</span>: <span class=sf-dump-const>false</span>
      #<span class=sf-dump-protected title=\"Protected property\">perPage</span>: <span class=sf-dump-num>15</span>
      +<span class=sf-dump-public title=\"Public property\">exists</span>: <span class=sf-dump-const>true</span>
      +<span class=sf-dump-public title=\"Public property\">wasRecentlyCreated</span>: <span class=sf-dump-const>false</span>
      #<span class=sf-dump-protected title=\"Protected property\">escapeWhenCastingToString</span>: <span class=sf-dump-const>false</span>
      #<span class=sf-dump-protected title=\"Protected property\">attributes</span>: <span class=sf-dump-note>array:41</span> [ &#8230;41]
      #<span class=sf-dump-protected title=\"Protected property\">original</span>: <span class=sf-dump-note>array:41</span> [ &#8230;41]
      #<span class=sf-dump-protected title=\"Protected property\">changes</span>: []
      #<span class=sf-dump-protected title=\"Protected property\">casts</span>: []
      #<span class=sf-dump-protected title=\"Protected property\">classCastCache</span>: []
      #<span class=sf-dump-protected title=\"Protected property\">attributeCastCache</span>: []
      #<span class=sf-dump-protected title=\"Protected property\">dateFormat</span>: <span class=sf-dump-const>null</span>
      #<span class=sf-dump-protected title=\"Protected property\">appends</span>: []
      #<span class=sf-dump-protected title=\"Protected property\">dispatchesEvents</span>: []
      #<span class=sf-dump-protected title=\"Protected property\">observables</span>: []
      #<span class=sf-dump-protected title=\"Protected property\">relations</span>: []
      #<span class=sf-dump-protected title=\"Protected property\">touches</span>: []
      +<span class=sf-dump-public title=\"Public property\">timestamps</span>: <span class=sf-dump-const>true</span>
      +<span class=sf-dump-public title=\"Public property\">usesUniqueIds</span>: <span class=sf-dump-const>false</span>
      #<span class=sf-dump-protected title=\"Protected property\">hidden</span>: []
      #<span class=sf-dump-protected title=\"Protected property\">visible</span>: []
      #<span class=sf-dump-protected title=\"Protected property\">fillable</span>: <span class=sf-dump-note>array:6</span> [ &#8230;6]
      #<span class=sf-dump-protected title=\"Protected property\">guarded</span>: <span class=sf-dump-note>array:1</span> [ &#8230;1]
    </samp>}
    <span class=sf-dump-index>7</span> => <span class=sf-dump-note title=\"App\\Tratamiento
\"><span class=\"sf-dump-ellipsis sf-dump-ellipsis-note\">App</span><span class=\"sf-dump-ellipsis sf-dump-ellipsis-note\">\\</span>Tratamiento</span> {<a class=sf-dump-ref>#2575</a><samp data-depth=3 class=sf-dump-compact>
      #<span class=sf-dump-protected title=\"Protected property\">connection</span>: \"<span class=sf-dump-str title=\"5 characters\">mysql</span>\"
      #<span class=sf-dump-protected title=\"Protected property\">table</span>: \"<span class=sf-dump-str title=\"12 characters\">tratamientos</span>\"
      #<span class=sf-dump-protected title=\"Protected property\">primaryKey</span>: \"<span class=sf-dump-str title=\"7 characters\">ID_Trat</span>\"
      #<span class=sf-dump-protected title=\"Protected property\">keyType</span>: \"<span class=sf-dump-str title=\"3 characters\">int</span>\"
      +<span class=sf-dump-public title=\"Public property\">incrementing</span>: <span class=sf-dump-const>true</span>
      #<span class=sf-dump-protected title=\"Protected property\">with</span>: []
      #<span class=sf-dump-protected title=\"Protected property\">withCount</span>: []
      +<span class=sf-dump-public title=\"Public property\">preventsLazyLoading</span>: <span class=sf-dump-const>false</span>
      #<span class=sf-dump-protected title=\"Protected property\">perPage</span>: <span class=sf-dump-num>15</span>
      +<span class=sf-dump-public title=\"Public property\">exists</span>: <span class=sf-dump-const>true</span>
      +<span class=sf-dump-public title=\"Public property\">wasRecentlyCreated</span>: <span class=sf-dump-const>false</span>
      #<span class=sf-dump-protected title=\"Protected property\">escapeWhenCastingToString</span>: <span class=sf-dump-const>false</span>
      #<span class=sf-dump-protected title=\"Protected property\">attributes</span>: <span class=sf-dump-note>array:41</span> [ &#8230;41]
      #<span class=sf-dump-protected title=\"Protected property\">original</span>: <span class=sf-dump-note>array:41</span> [ &#8230;41]
      #<span class=sf-dump-protected title=\"Protected property\">changes</span>: []
      #<span class=sf-dump-protected title=\"Protected property\">casts</span>: []
      #<span class=sf-dump-protected title=\"Protected property\">classCastCache</span>: []
      #<span class=sf-dump-protected title=\"Protected property\">attributeCastCache</span>: []
      #<span class=sf-dump-protected title=\"Protected property\">dateFormat</span>: <span class=sf-dump-const>null</span>
      #<span class=sf-dump-protected title=\"Protected property\">appends</span>: []
      #<span class=sf-dump-protected title=\"Protected property\">dispatchesEvents</span>: []
      #<span class=sf-dump-protected title=\"Protected property\">observables</span>: []
      #<span class=sf-dump-protected title=\"Protected property\">relations</span>: []
      #<span class=sf-dump-protected title=\"Protected property\">touches</span>: []
      +<span class=sf-dump-public title=\"Public property\">timestamps</span>: <span class=sf-dump-const>true</span>
      +<span class=sf-dump-public title=\"Public property\">usesUniqueIds</span>: <span class=sf-dump-const>false</span>
      #<span class=sf-dump-protected title=\"Protected property\">hidden</span>: []
      #<span class=sf-dump-protected title=\"Protected property\">visible</span>: []
      #<span class=sf-dump-protected title=\"Protected property\">fillable</span>: <span class=sf-dump-note>array:6</span> [ &#8230;6]
      #<span class=sf-dump-protected title=\"Protected property\">guarded</span>: <span class=sf-dump-note>array:1</span> [ &#8230;1]
    </samp>}
    <span class=sf-dump-index>8</span> => <span class=sf-dump-note title=\"App\\Tratamiento
\"><span class=\"sf-dump-ellipsis sf-dump-ellipsis-note\">App</span><span class=\"sf-dump-ellipsis sf-dump-ellipsis-note\">\\</span>Tratamiento</span> {<a class=sf-dump-ref>#2576</a><samp data-depth=3 class=sf-dump-compact>
      #<span class=sf-dump-protected title=\"Protected property\">connection</span>: \"<span class=sf-dump-str title=\"5 characters\">mysql</span>\"
      #<span class=sf-dump-protected title=\"Protected property\">table</span>: \"<span class=sf-dump-str title=\"12 characters\">tratamientos</span>\"
      #<span class=sf-dump-protected title=\"Protected property\">primaryKey</span>: \"<span class=sf-dump-str title=\"7 characters\">ID_Trat</span>\"
      #<span class=sf-dump-protected title=\"Protected property\">keyType</span>: \"<span class=sf-dump-str title=\"3 characters\">int</span>\"
      +<span class=sf-dump-public title=\"Public property\">incrementing</span>: <span class=sf-dump-const>true</span>
      #<span class=sf-dump-protected title=\"Protected property\">with</span>: []
      #<span class=sf-dump-protected title=\"Protected property\">withCount</span>: []
      +<span class=sf-dump-public title=\"Public property\">preventsLazyLoading</span>: <span class=sf-dump-const>false</span>
      #<span class=sf-dump-protected title=\"Protected property\">perPage</span>: <span class=sf-dump-num>15</span>
      +<span class=sf-dump-public title=\"Public property\">exists</span>: <span class=sf-dump-const>true</span>
      +<span class=sf-dump-public title=\"Public property\">wasRecentlyCreated</span>: <span class=sf-dump-const>false</span>
      #<span class=sf-dump-protected title=\"Protected property\">escapeWhenCastingToString</span>: <span class=sf-dump-const>false</span>
      #<span class=sf-dump-protected title=\"Protected property\">attributes</span>: <span class=sf-dump-note>array:41</span> [ &#8230;41]
      #<span class=sf-dump-protected title=\"Protected property\">original</span>: <span class=sf-dump-note>array:41</span> [ &#8230;41]
      #<span class=sf-dump-protected title=\"Protected property\">changes</span>: []
      #<span class=sf-dump-protected title=\"Protected property\">casts</span>: []
      #<span class=sf-dump-protected title=\"Protected property\">classCastCache</span>: []
      #<span class=sf-dump-protected title=\"Protected property\">attributeCastCache</span>: []
      #<span class=sf-dump-protected title=\"Protected property\">dateFormat</span>: <span class=sf-dump-const>null</span>
      #<span class=sf-dump-protected title=\"Protected property\">appends</span>: []
      #<span class=sf-dump-protected title=\"Protected property\">dispatchesEvents</span>: []
      #<span class=sf-dump-protected title=\"Protected property\">observables</span>: []
      #<span class=sf-dump-protected title=\"Protected property\">relations</span>: []
      #<span class=sf-dump-protected title=\"Protected property\">touches</span>: []
      +<span class=sf-dump-public title=\"Public property\">timestamps</span>: <span class=sf-dump-const>true</span>
      +<span class=sf-dump-public title=\"Public property\">usesUniqueIds</span>: <span class=sf-dump-const>false</span>
      #<span class=sf-dump-protected title=\"Protected property\">hidden</span>: []
      #<span class=sf-dump-protected title=\"Protected property\">visible</span>: []
      #<span class=sf-dump-protected title=\"Protected property\">fillable</span>: <span class=sf-dump-note>array:6</span> [ &#8230;6]
      #<span class=sf-dump-protected title=\"Protected property\">guarded</span>: <span class=sf-dump-note>array:1</span> [ &#8230;1]
    </samp>}
    <span class=sf-dump-index>9</span> => <span class=sf-dump-note title=\"App\\Tratamiento
\"><span class=\"sf-dump-ellipsis sf-dump-ellipsis-note\">App</span><span class=\"sf-dump-ellipsis sf-dump-ellipsis-note\">\\</span>Tratamiento</span> {<a class=sf-dump-ref>#2577</a><samp data-depth=3 class=sf-dump-compact>
      #<span class=sf-dump-protected title=\"Protected property\">connection</span>: \"<span class=sf-dump-str title=\"5 characters\">mysql</span>\"
      #<span class=sf-dump-protected title=\"Protected property\">table</span>: \"<span class=sf-dump-str title=\"12 characters\">tratamientos</span>\"
      #<span class=sf-dump-protected title=\"Protected property\">primaryKey</span>: \"<span class=sf-dump-str title=\"7 characters\">ID_Trat</span>\"
      #<span class=sf-dump-protected title=\"Protected property\">keyType</span>: \"<span class=sf-dump-str title=\"3 characters\">int</span>\"
      +<span class=sf-dump-public title=\"Public property\">incrementing</span>: <span class=sf-dump-const>true</span>
      #<span class=sf-dump-protected title=\"Protected property\">with</span>: []
      #<span class=sf-dump-protected title=\"Protected property\">withCount</span>: []
      +<span class=sf-dump-public title=\"Public property\">preventsLazyLoading</span>: <span class=sf-dump-const>false</span>
      #<span class=sf-dump-protected title=\"Protected property\">perPage</span>: <span class=sf-dump-num>15</span>
      +<span class=sf-dump-public title=\"Public property\">exists</span>: <span class=sf-dump-const>true</span>
      +<span class=sf-dump-public title=\"Public property\">wasRecentlyCreated</span>: <span class=sf-dump-const>false</span>
      #<span class=sf-dump-protected title=\"Protected property\">escapeWhenCastingToString</span>: <span class=sf-dump-const>false</span>
      #<span class=sf-dump-protected title=\"Protected property\">attributes</span>: <span class=sf-dump-note>array:41</span> [ &#8230;41]
      #<span class=sf-dump-protected title=\"Protected property\">original</span>: <span class=sf-dump-note>array:41</span> [ &#8230;41]
      #<span class=sf-dump-protected title=\"Protected property\">changes</span>: []
      #<span class=sf-dump-protected title=\"Protected property\">casts</span>: []
      #<span class=sf-dump-protected title=\"Protected property\">classCastCache</span>: []
      #<span class=sf-dump-protected title=\"Protected property\">attributeCastCache</span>: []
      #<span class=sf-dump-protected title=\"Protected property\">dateFormat</span>: <span class=sf-dump-const>null</span>
      #<span class=sf-dump-protected title=\"Protected property\">appends</span>: []
      #<span class=sf-dump-protected title=\"Protected property\">dispatchesEvents</span>: []
      #<span class=sf-dump-protected title=\"Protected property\">observables</span>: []
      #<span class=sf-dump-protected title=\"Protected property\">relations</span>: []
      #<span class=sf-dump-protected title=\"Protected property\">touches</span>: []
      +<span class=sf-dump-public title=\"Public property\">timestamps</span>: <span class=sf-dump-const>true</span>
      +<span class=sf-dump-public title=\"Public property\">usesUniqueIds</span>: <span class=sf-dump-const>false</span>
      #<span class=sf-dump-protected title=\"Protected property\">hidden</span>: []
      #<span class=sf-dump-protected title=\"Protected property\">visible</span>: []
      #<span class=sf-dump-protected title=\"Protected property\">fillable</span>: <span class=sf-dump-note>array:6</span> [ &#8230;6]
      #<span class=sf-dump-protected title=\"Protected property\">guarded</span>: <span class=sf-dump-note>array:1</span> [ &#8230;1]
    </samp>}
    <span class=sf-dump-index>10</span> => <span class=sf-dump-note title=\"App\\Tratamiento
\"><span class=\"sf-dump-ellipsis sf-dump-ellipsis-note\">App</span><span class=\"sf-dump-ellipsis sf-dump-ellipsis-note\">\\</span>Tratamiento</span> {<a class=sf-dump-ref>#2578</a><samp data-depth=3 class=sf-dump-compact>
      #<span class=sf-dump-protected title=\"Protected property\">connection</span>: \"<span class=sf-dump-str title=\"5 characters\">mysql</span>\"
      #<span class=sf-dump-protected title=\"Protected property\">table</span>: \"<span class=sf-dump-str title=\"12 characters\">tratamientos</span>\"
      #<span class=sf-dump-protected title=\"Protected property\">primaryKey</span>: \"<span class=sf-dump-str title=\"7 characters\">ID_Trat</span>\"
      #<span class=sf-dump-protected title=\"Protected property\">keyType</span>: \"<span class=sf-dump-str title=\"3 characters\">int</span>\"
      +<span class=sf-dump-public title=\"Public property\">incrementing</span>: <span class=sf-dump-const>true</span>
      #<span class=sf-dump-protected title=\"Protected property\">with</span>: []
      #<span class=sf-dump-protected title=\"Protected property\">withCount</span>: []
      +<span class=sf-dump-public title=\"Public property\">preventsLazyLoading</span>: <span class=sf-dump-const>false</span>
      #<span class=sf-dump-protected title=\"Protected property\">perPage</span>: <span class=sf-dump-num>15</span>
      +<span class=sf-dump-public title=\"Public property\">exists</span>: <span class=sf-dump-const>true</span>
      +<span class=sf-dump-public title=\"Public property\">wasRecentlyCreated</span>: <span class=sf-dump-const>false</span>
      #<span class=sf-dump-protected title=\"Protected property\">escapeWhenCastingToString</span>: <span class=sf-dump-const>false</span>
      #<span class=sf-dump-protected title=\"Protected property\">attributes</span>: <span class=sf-dump-note>array:41</span> [ &#8230;41]
      #<span class=sf-dump-protected title=\"Protected property\">original</span>: <span class=sf-dump-note>array:41</span> [ &#8230;41]
      #<span class=sf-dump-protected title=\"Protected property\">changes</span>: []
      #<span class=sf-dump-protected title=\"Protected property\">casts</span>: []
      #<span class=sf-dump-protected title=\"Protected property\">classCastCache</span>: []
      #<span class=sf-dump-protected title=\"Protected property\">attributeCastCache</span>: []
      #<span class=sf-dump-protected title=\"Protected property\">dateFormat</span>: <span class=sf-dump-const>null</span>
      #<span class=sf-dump-protected title=\"Protected property\">appends</span>: []
      #<span class=sf-dump-protected title=\"Protected property\">dispatchesEvents</span>: []
      #<span class=sf-dump-protected title=\"Protected property\">observables</span>: []
      #<span class=sf-dump-protected title=\"Protected property\">relations</span>: []
      #<span class=sf-dump-protected title=\"Protected property\">touches</span>: []
      +<span class=sf-dump-public title=\"Public property\">timestamps</span>: <span class=sf-dump-const>true</span>
      +<span class=sf-dump-public title=\"Public property\">usesUniqueIds</span>: <span class=sf-dump-const>false</span>
      #<span class=sf-dump-protected title=\"Protected property\">hidden</span>: []
      #<span class=sf-dump-protected title=\"Protected property\">visible</span>: []
      #<span class=sf-dump-protected title=\"Protected property\">fillable</span>: <span class=sf-dump-note>array:6</span> [ &#8230;6]
      #<span class=sf-dump-protected title=\"Protected property\">guarded</span>: <span class=sf-dump-note>array:1</span> [ &#8230;1]
    </samp>}
    <span class=sf-dump-index>11</span> => <span class=sf-dump-note title=\"App\\Tratamiento
\"><span class=\"sf-dump-ellipsis sf-dump-ellipsis-note\">App</span><span class=\"sf-dump-ellipsis sf-dump-ellipsis-note\">\\</span>Tratamiento</span> {<a class=sf-dump-ref>#2579</a><samp data-depth=3 class=sf-dump-compact>
      #<span class=sf-dump-protected title=\"Protected property\">connection</span>: \"<span class=sf-dump-str title=\"5 characters\">mysql</span>\"
      #<span class=sf-dump-protected title=\"Protected property\">table</span>: \"<span class=sf-dump-str title=\"12 characters\">tratamientos</span>\"
      #<span class=sf-dump-protected title=\"Protected property\">primaryKey</span>: \"<span class=sf-dump-str title=\"7 characters\">ID_Trat</span>\"
      #<span class=sf-dump-protected title=\"Protected property\">keyType</span>: \"<span class=sf-dump-str title=\"3 characters\">int</span>\"
      +<span class=sf-dump-public title=\"Public property\">incrementing</span>: <span class=sf-dump-const>true</span>
      #<span class=sf-dump-protected title=\"Protected property\">with</span>: []
      #<span class=sf-dump-protected title=\"Protected property\">withCount</span>: []
      +<span class=sf-dump-public title=\"Public property\">preventsLazyLoading</span>: <span class=sf-dump-const>false</span>
      #<span class=sf-dump-protected title=\"Protected property\">perPage</span>: <span class=sf-dump-num>15</span>
      +<span class=sf-dump-public title=\"Public property\">exists</span>: <span class=sf-dump-const>true</span>
      +<span class=sf-dump-public title=\"Public property\">wasRecentlyCreated</span>: <span class=sf-dump-const>false</span>
      #<span class=sf-dump-protected title=\"Protected property\">escapeWhenCastingToString</span>: <span class=sf-dump-const>false</span>
      #<span class=sf-dump-protected title=\"Protected property\">attributes</span>: <span class=sf-dump-note>array:41</span> [ &#8230;41]
      #<span class=sf-dump-protected title=\"Protected property\">original</span>: <span class=sf-dump-note>array:41</span> [ &#8230;41]
      #<span class=sf-dump-protected title=\"Protected property\">changes</span>: []
      #<span class=sf-dump-protected title=\"Protected property\">casts</span>: []
      #<span class=sf-dump-protected title=\"Protected property\">classCastCache</span>: []
      #<span class=sf-dump-protected title=\"Protected property\">attributeCastCache</span>: []
      #<span class=sf-dump-protected title=\"Protected property\">dateFormat</span>: <span class=sf-dump-const>null</span>
      #<span class=sf-dump-protected title=\"Protected property\">appends</span>: []
      #<span class=sf-dump-protected title=\"Protected property\">dispatchesEvents</span>: []
      #<span class=sf-dump-protected title=\"Protected property\">observables</span>: []
      #<span class=sf-dump-protected title=\"Protected property\">relations</span>: []
      #<span class=sf-dump-protected title=\"Protected property\">touches</span>: []
      +<span class=sf-dump-public title=\"Public property\">timestamps</span>: <span class=sf-dump-const>true</span>
      +<span class=sf-dump-public title=\"Public property\">usesUniqueIds</span>: <span class=sf-dump-const>false</span>
      #<span class=sf-dump-protected title=\"Protected property\">hidden</span>: []
      #<span class=sf-dump-protected title=\"Protected property\">visible</span>: []
      #<span class=sf-dump-protected title=\"Protected property\">fillable</span>: <span class=sf-dump-note>array:6</span> [ &#8230;6]
      #<span class=sf-dump-protected title=\"Protected property\">guarded</span>: <span class=sf-dump-note>array:1</span> [ &#8230;1]
    </samp>}
    <span class=sf-dump-index>12</span> => <span class=sf-dump-note title=\"App\\Tratamiento
\"><span class=\"sf-dump-ellipsis sf-dump-ellipsis-note\">App</span><span class=\"sf-dump-ellipsis sf-dump-ellipsis-note\">\\</span>Tratamiento</span> {<a class=sf-dump-ref>#2580</a><samp data-depth=3 class=sf-dump-compact>
      #<span class=sf-dump-protected title=\"Protected property\">connection</span>: \"<span class=sf-dump-str title=\"5 characters\">mysql</span>\"
      #<span class=sf-dump-protected title=\"Protected property\">table</span>: \"<span class=sf-dump-str title=\"12 characters\">tratamientos</span>\"
      #<span class=sf-dump-protected title=\"Protected property\">primaryKey</span>: \"<span class=sf-dump-str title=\"7 characters\">ID_Trat</span>\"
      #<span class=sf-dump-protected title=\"Protected property\">keyType</span>: \"<span class=sf-dump-str title=\"3 characters\">int</span>\"
      +<span class=sf-dump-public title=\"Public property\">incrementing</span>: <span class=sf-dump-const>true</span>
      #<span class=sf-dump-protected title=\"Protected property\">with</span>: []
      #<span class=sf-dump-protected title=\"Protected property\">withCount</span>: []
      +<span class=sf-dump-public title=\"Public property\">preventsLazyLoading</span>: <span class=sf-dump-const>false</span>
      #<span class=sf-dump-protected title=\"Protected property\">perPage</span>: <span class=sf-dump-num>15</span>
      +<span class=sf-dump-public title=\"Public property\">exists</span>: <span class=sf-dump-const>true</span>
      +<span class=sf-dump-public title=\"Public property\">wasRecentlyCreated</span>: <span class=sf-dump-const>false</span>
      #<span class=sf-dump-protected title=\"Protected property\">escapeWhenCastingToString</span>: <span class=sf-dump-const>false</span>
      #<span class=sf-dump-protected title=\"Protected property\">attributes</span>: <span class=sf-dump-note>array:41</span> [ &#8230;41]
      #<span class=sf-dump-protected title=\"Protected property\">original</span>: <span class=sf-dump-note>array:41</span> [ &#8230;41]
      #<span class=sf-dump-protected title=\"Protected property\">changes</span>: []
      #<span class=sf-dump-protected title=\"Protected property\">casts</span>: []
      #<span class=sf-dump-protected title=\"Protected property\">classCastCache</span>: []
      #<span class=sf-dump-protected title=\"Protected property\">attributeCastCache</span>: []
      #<span class=sf-dump-protected title=\"Protected property\">dateFormat</span>: <span class=sf-dump-const>null</span>
      #<span class=sf-dump-protected title=\"Protected property\">appends</span>: []
      #<span class=sf-dump-protected title=\"Protected property\">dispatchesEvents</span>: []
      #<span class=sf-dump-protected title=\"Protected property\">observables</span>: []
      #<span class=sf-dump-protected title=\"Protected property\">relations</span>: []
      #<span class=sf-dump-protected title=\"Protected property\">touches</span>: []
      +<span class=sf-dump-public title=\"Public property\">timestamps</span>: <span class=sf-dump-const>true</span>
      +<span class=sf-dump-public title=\"Public property\">usesUniqueIds</span>: <span class=sf-dump-const>false</span>
      #<span class=sf-dump-protected title=\"Protected property\">hidden</span>: []
      #<span class=sf-dump-protected title=\"Protected property\">visible</span>: []
      #<span class=sf-dump-protected title=\"Protected property\">fillable</span>: <span class=sf-dump-note>array:6</span> [ &#8230;6]
      #<span class=sf-dump-protected title=\"Protected property\">guarded</span>: <span class=sf-dump-note>array:1</span> [ &#8230;1]
    </samp>}
    <span class=sf-dump-index>13</span> => <span class=sf-dump-note title=\"App\\Tratamiento
\"><span class=\"sf-dump-ellipsis sf-dump-ellipsis-note\">App</span><span class=\"sf-dump-ellipsis sf-dump-ellipsis-note\">\\</span>Tratamiento</span> {<a class=sf-dump-ref>#2581</a><samp data-depth=3 class=sf-dump-compact>
      #<span class=sf-dump-protected title=\"Protected property\">connection</span>: \"<span class=sf-dump-str title=\"5 characters\">mysql</span>\"
      #<span class=sf-dump-protected title=\"Protected property\">table</span>: \"<span class=sf-dump-str title=\"12 characters\">tratamientos</span>\"
      #<span class=sf-dump-protected title=\"Protected property\">primaryKey</span>: \"<span class=sf-dump-str title=\"7 characters\">ID_Trat</span>\"
      #<span class=sf-dump-protected title=\"Protected property\">keyType</span>: \"<span class=sf-dump-str title=\"3 characters\">int</span>\"
      +<span class=sf-dump-public title=\"Public property\">incrementing</span>: <span class=sf-dump-const>true</span>
      #<span class=sf-dump-protected title=\"Protected property\">with</span>: []
      #<span class=sf-dump-protected title=\"Protected property\">withCount</span>: []
      +<span class=sf-dump-public title=\"Public property\">preventsLazyLoading</span>: <span class=sf-dump-const>false</span>
      #<span class=sf-dump-protected title=\"Protected property\">perPage</span>: <span class=sf-dump-num>15</span>
      +<span class=sf-dump-public title=\"Public property\">exists</span>: <span class=sf-dump-const>true</span>
      +<span class=sf-dump-public title=\"Public property\">wasRecentlyCreated</span>: <span class=sf-dump-const>false</span>
      #<span class=sf-dump-protected title=\"Protected property\">escapeWhenCastingToString</span>: <span class=sf-dump-const>false</span>
      #<span class=sf-dump-protected title=\"Protected property\">attributes</span>: <span class=sf-dump-note>array:41</span> [ &#8230;41]
      #<span class=sf-dump-protected title=\"Protected property\">original</span>: <span class=sf-dump-note>array:41</span> [ &#8230;41]
      #<span class=sf-dump-protected title=\"Protected property\">changes</span>: []
      #<span class=sf-dump-protected title=\"Protected property\">casts</span>: []
      #<span class=sf-dump-protected title=\"Protected property\">classCastCache</span>: []
      #<span class=sf-dump-protected title=\"Protected property\">attributeCastCache</span>: []
      #<span class=sf-dump-protected title=\"Protected property\">dateFormat</span>: <span class=sf-dump-const>null</span>
      #<span class=sf-dump-protected title=\"Protected property\">appends</span>: []
      #<span class=sf-dump-protected title=\"Protected property\">dispatchesEvents</span>: []
      #<span class=sf-dump-protected title=\"Protected property\">observables</span>: []
      #<span class=sf-dump-protected title=\"Protected property\">relations</span>: []
      #<span class=sf-dump-protected title=\"Protected property\">touches</span>: []
      +<span class=sf-dump-public title=\"Public property\">timestamps</span>: <span class=sf-dump-const>true</span>
      +<span class=sf-dump-public title=\"Public property\">usesUniqueIds</span>: <span class=sf-dump-const>false</span>
      #<span class=sf-dump-protected title=\"Protected property\">hidden</span>: []
      #<span class=sf-dump-protected title=\"Protected property\">visible</span>: []
      #<span class=sf-dump-protected title=\"Protected property\">fillable</span>: <span class=sf-dump-note>array:6</span> [ &#8230;6]
      #<span class=sf-dump-protected title=\"Protected property\">guarded</span>: <span class=sf-dump-note>array:1</span> [ &#8230;1]
    </samp>}
    <span class=sf-dump-index>14</span> => <span class=sf-dump-note title=\"App\\Tratamiento
\"><span class=\"sf-dump-ellipsis sf-dump-ellipsis-note\">App</span><span class=\"sf-dump-ellipsis sf-dump-ellipsis-note\">\\</span>Tratamiento</span> {<a class=sf-dump-ref>#2582</a><samp data-depth=3 class=sf-dump-compact>
      #<span class=sf-dump-protected title=\"Protected property\">connection</span>: \"<span class=sf-dump-str title=\"5 characters\">mysql</span>\"
      #<span class=sf-dump-protected title=\"Protected property\">table</span>: \"<span class=sf-dump-str title=\"12 characters\">tratamientos</span>\"
      #<span class=sf-dump-protected title=\"Protected property\">primaryKey</span>: \"<span class=sf-dump-str title=\"7 characters\">ID_Trat</span>\"
      #<span class=sf-dump-protected title=\"Protected property\">keyType</span>: \"<span class=sf-dump-str title=\"3 characters\">int</span>\"
      +<span class=sf-dump-public title=\"Public property\">incrementing</span>: <span class=sf-dump-const>true</span>
      #<span class=sf-dump-protected title=\"Protected property\">with</span>: []
      #<span class=sf-dump-protected title=\"Protected property\">withCount</span>: []
      +<span class=sf-dump-public title=\"Public property\">preventsLazyLoading</span>: <span class=sf-dump-const>false</span>
      #<span class=sf-dump-protected title=\"Protected property\">perPage</span>: <span class=sf-dump-num>15</span>
      +<span class=sf-dump-public title=\"Public property\">exists</span>: <span class=sf-dump-const>true</span>
      +<span class=sf-dump-public title=\"Public property\">wasRecentlyCreated</span>: <span class=sf-dump-const>false</span>
      #<span class=sf-dump-protected title=\"Protected property\">escapeWhenCastingToString</span>: <span class=sf-dump-const>false</span>
      #<span class=sf-dump-protected title=\"Protected property\">attributes</span>: <span class=sf-dump-note>array:41</span> [ &#8230;41]
      #<span class=sf-dump-protected title=\"Protected property\">original</span>: <span class=sf-dump-note>array:41</span> [ &#8230;41]
      #<span class=sf-dump-protected title=\"Protected property\">changes</span>: []
      #<span class=sf-dump-protected title=\"Protected property\">casts</span>: []
      #<span class=sf-dump-protected title=\"Protected property\">classCastCache</span>: []
      #<span class=sf-dump-protected title=\"Protected property\">attributeCastCache</span>: []
      #<span class=sf-dump-protected title=\"Protected property\">dateFormat</span>: <span class=sf-dump-const>null</span>
      #<span class=sf-dump-protected title=\"Protected property\">appends</span>: []
      #<span class=sf-dump-protected title=\"Protected property\">dispatchesEvents</span>: []
      #<span class=sf-dump-protected title=\"Protected property\">observables</span>: []
      #<span class=sf-dump-protected title=\"Protected property\">relations</span>: []
      #<span class=sf-dump-protected title=\"Protected property\">touches</span>: []
      +<span class=sf-dump-public title=\"Public property\">timestamps</span>: <span class=sf-dump-const>true</span>
      +<span class=sf-dump-public title=\"Public property\">usesUniqueIds</span>: <span class=sf-dump-const>false</span>
      #<span class=sf-dump-protected title=\"Protected property\">hidden</span>: []
      #<span class=sf-dump-protected title=\"Protected property\">visible</span>: []
      #<span class=sf-dump-protected title=\"Protected property\">fillable</span>: <span class=sf-dump-note>array:6</span> [ &#8230;6]
      #<span class=sf-dump-protected title=\"Protected property\">guarded</span>: <span class=sf-dump-note>array:1</span> [ &#8230;1]
    </samp>}
  </samp>]
  #<span class=sf-dump-protected title=\"Protected property\">escapeWhenCastingToString</span>: <span class=sf-dump-const>false</span>
</samp>}
</pre><script>Sfdump(\"sf-dump-1671032030\", {\"maxDepth\":3,\"maxStringLength\":160})</script>
","Observaciones":"<pre class=sf-dump id=sf-dump-1712616212 data-indent-pad=\"  \"><span class=sf-dump-note>Illuminate\\Database\\Eloquent\\Collection</span> {<a class=sf-dump-ref>#2178</a><samp data-depth=1 class=sf-dump-expanded>
  #<span class=sf-dump-protected title=\"Protected property\">items</span>: <span class=sf-dump-note>array:14</span> [<samp data-depth=2 class=sf-dump-compact>
    <span class=sf-dump-index>0</span> => <span class=sf-dump-note title=\"App\\Observacion
\"><span class=\"sf-dump-ellipsis sf-dump-ellipsis-note\">App</span><span class=\"sf-dump-ellipsis sf-dump-ellipsis-note\">\\</span>Observacion</span> {<a class=sf-dump-ref>#2177</a><samp data-depth=3 class=sf-dump-compact>
      #<span class=sf-dump-protected title=\"Protected property\">connection</span>: \"<span class=sf-dump-str title=\"5 characters\">mysql</span>\"
      #<span class=sf-dump-protected title=\"Protected property\">table</span>: \"<span class=sf-dump-str title=\"12 characters\">observacions</span>\"
      #<span class=sf-dump-protected title=\"Protected property\">primaryKey</span>: \"<span class=sf-dump-str title=\"6 characters\">ID_Obs</span>\"
      #<span class=sf-dump-protected title=\"Protected property\">keyType</span>: \"<span class=sf-dump-str title=\"3 characters\">int</span>\"
      +<span class=sf-dump-public title=\"Public property\">incrementing</span>: <span class=sf-dump-const>true</span>
      #<span class=sf-dump-protected title=\"Protected property\">with</span>: []
      #<span class=sf-dump-protected title=\"Protected property\">withCount</span>: []
      +<span class=sf-dump-public title=\"Public property\">preventsLazyLoading</span>: <span class=sf-dump-const>false</span>
      #<span class=sf-dump-protected title=\"Protected property\">perPage</span>: <span class=sf-dump-num>15</span>
      +<span class=sf-dump-public title=\"Public property\">exists</span>: <span class=sf-dump-const>true</span>
      +<span class=sf-dump-public title=\"Public property\">wasRecentlyCreated</span>: <span class=sf-dump-const>false</span>
      #<span class=sf-dump-protected title=\"Protected property\">escapeWhenCastingToString</span>: <span class=sf-dump-const>false</span>
      #<span class=sf-dump-protected title=\"Protected property\">attributes</span>: <span class=sf-dump-note>array:12</span> [ &#8230;12]
      #<span class=sf-dump-protected title=\"Protected property\">original</span>: <span class=sf-dump-note>array:12</span> [ &#8230;12]
      #<span class=sf-dump-protected title=\"Protected property\">changes</span>: []
      #<span class=sf-dump-protected title=\"Protected property\">casts</span>: []
      #<span class=sf-dump-protected title=\"Protected property\">classCastCache</span>: []
      #<span class=sf-dump-protected title=\"Protected property\">attributeCastCache</span>: []
      #<span class=sf-dump-protected title=\"Protected property\">dateFormat</span>: <span class=sf-dump-const>null</span>
      #<span class=sf-dump-protected title=\"Protected property\">appends</span>: []
      #<span class=sf-dump-protected title=\"Protected property\">dispatchesEvents</span>: []
      #<span class=sf-dump-protected title=\"Protected property\">observables</span>: []
      #<span class=sf-dump-protected title=\"Protected property\">relations</span>: []
      #<span class=sf-dump-protected title=\"Protected property\">touches</span>: []
      +<span class=sf-dump-public title=\"Public property\">timestamps</span>: <span class=sf-dump-const>true</span>
      +<span class=sf-dump-public title=\"Public property\">usesUniqueIds</span>: <span class=sf-dump-const>false</span>
      #<span class=sf-dump-protected title=\"Protected property\">hidden</span>: []
      #<span class=sf-dump-protected title=\"Protected property\">visible</span>: []
      #<span class=sf-dump-protected title=\"Protected property\">fillable</span>: <span class=sf-dump-note>array:8</span> [ &#8230;8]
      #<span class=sf-dump-protected title=\"Protected property\">guarded</span>: <span class=sf-dump-note>array:1</span> [ &#8230;1]
    </samp>}
    <span class=sf-dump-index>1</span> => <span class=sf-dump-note title=\"App\\Observacion
\"><span class=\"sf-dump-ellipsis sf-dump-ellipsis-note\">App</span><span class=\"sf-dump-ellipsis sf-dump-ellipsis-note\">\\</span>Observacion</span> {<a class=sf-dump-ref>#2180</a><samp data-depth=3 class=sf-dump-compact>
      #<span class=sf-dump-protected title=\"Protected property\">connection</span>: \"<span class=sf-dump-str title=\"5 characters\">mysql</span>\"
      #<span class=sf-dump-protected title=\"Protected property\">table</span>: \"<span class=sf-dump-str title=\"12 characters\">observacions</span>\"
      #<span class=sf-dump-protected title=\"Protected property\">primaryKey</span>: \"<span class=sf-dump-str title=\"6 characters\">ID_Obs</span>\"
      #<span class=sf-dump-protected title=\"Protected property\">keyType</span>: \"<span class=sf-dump-str title=\"3 characters\">int</span>\"
      +<span class=sf-dump-public title=\"Public property\">incrementing</span>: <span class=sf-dump-const>true</span>
      #<span class=sf-dump-protected title=\"Protected property\">with</span>: []
      #<span class=sf-dump-protected title=\"Protected property\">withCount</span>: []
      +<span class=sf-dump-public title=\"Public property\">preventsLazyLoading</span>: <span class=sf-dump-const>false</span>
      #<span class=sf-dump-protected title=\"Protected property\">perPage</span>: <span class=sf-dump-num>15</span>
      +<span class=sf-dump-public title=\"Public property\">exists</span>: <span class=sf-dump-const>true</span>
      +<span class=sf-dump-public title=\"Public property\">wasRecentlyCreated</span>: <span class=sf-dump-const>false</span>
      #<span class=sf-dump-protected title=\"Protected property\">escapeWhenCastingToString</span>: <span class=sf-dump-const>false</span>
      #<span class=sf-dump-protected title=\"Protected property\">attributes</span>: <span class=sf-dump-note>array:12</span> [ &#8230;12]
      #<span class=sf-dump-protected title=\"Protected property\">original</span>: <span class=sf-dump-note>array:12</span> [ &#8230;12]
      #<span class=sf-dump-protected title=\"Protected property\">changes</span>: []
      #<span class=sf-dump-protected title=\"Protected property\">casts</span>: []
      #<span class=sf-dump-protected title=\"Protected property\">classCastCache</span>: []
      #<span class=sf-dump-protected title=\"Protected property\">attributeCastCache</span>: []
      #<span class=sf-dump-protected title=\"Protected property\">dateFormat</span>: <span class=sf-dump-const>null</span>
      #<span class=sf-dump-protected title=\"Protected property\">appends</span>: []
      #<span class=sf-dump-protected title=\"Protected property\">dispatchesEvents</span>: []
      #<span class=sf-dump-protected title=\"Protected property\">observables</span>: []
      #<span class=sf-dump-protected title=\"Protected property\">relations</span>: []
      #<span class=sf-dump-protected title=\"Protected property\">touches</span>: []
      +<span class=sf-dump-public title=\"Public property\">timestamps</span>: <span class=sf-dump-const>true</span>
      +<span class=sf-dump-public title=\"Public property\">usesUniqueIds</span>: <span class=sf-dump-const>false</span>
      #<span class=sf-dump-protected title=\"Protected property\">hidden</span>: []
      #<span class=sf-dump-protected title=\"Protected property\">visible</span>: []
      #<span class=sf-dump-protected title=\"Protected property\">fillable</span>: <span class=sf-dump-note>array:8</span> [ &#8230;8]
      #<span class=sf-dump-protected title=\"Protected property\">guarded</span>: <span class=sf-dump-note>array:1</span> [ &#8230;1]
    </samp>}
    <span class=sf-dump-index>2</span> => <span class=sf-dump-note title=\"App\\Observacion
\"><span class=\"sf-dump-ellipsis sf-dump-ellipsis-note\">App</span><span class=\"sf-dump-ellipsis sf-dump-ellipsis-note\">\\</span>Observacion</span> {<a class=sf-dump-ref>#2181</a><samp data-depth=3 class=sf-dump-compact>
      #<span class=sf-dump-protected title=\"Protected property\">connection</span>: \"<span class=sf-dump-str title=\"5 characters\">mysql</span>\"
      #<span class=sf-dump-protected title=\"Protected property\">table</span>: \"<span class=sf-dump-str title=\"12 characters\">observacions</span>\"
      #<span class=sf-dump-protected title=\"Protected property\">primaryKey</span>: \"<span class=sf-dump-str title=\"6 characters\">ID_Obs</span>\"
      #<span class=sf-dump-protected title=\"Protected property\">keyType</span>: \"<span class=sf-dump-str title=\"3 characters\">int</span>\"
      +<span class=sf-dump-public title=\"Public property\">incrementing</span>: <span class=sf-dump-const>true</span>
      #<span class=sf-dump-protected title=\"Protected property\">with</span>: []
      #<span class=sf-dump-protected title=\"Protected property\">withCount</span>: []
      +<span class=sf-dump-public title=\"Public property\">preventsLazyLoading</span>: <span class=sf-dump-const>false</span>
      #<span class=sf-dump-protected title=\"Protected property\">perPage</span>: <span class=sf-dump-num>15</span>
      +<span class=sf-dump-public title=\"Public property\">exists</span>: <span class=sf-dump-const>true</span>
      +<span class=sf-dump-public title=\"Public property\">wasRecentlyCreated</span>: <span class=sf-dump-const>false</span>
      #<span class=sf-dump-protected title=\"Protected property\">escapeWhenCastingToString</span>: <span class=sf-dump-const>false</span>
      #<span class=sf-dump-protected title=\"Protected property\">attributes</span>: <span class=sf-dump-note>array:12</span> [ &#8230;12]
      #<span class=sf-dump-protected title=\"Protected property\">original</span>: <span class=sf-dump-note>array:12</span> [ &#8230;12]
      #<span class=sf-dump-protected title=\"Protected property\">changes</span>: []
      #<span class=sf-dump-protected title=\"Protected property\">casts</span>: []
      #<span class=sf-dump-protected title=\"Protected property\">classCastCache</span>: []
      #<span class=sf-dump-protected title=\"Protected property\">attributeCastCache</span>: []
      #<span class=sf-dump-protected title=\"Protected property\">dateFormat</span>: <span class=sf-dump-const>null</span>
      #<span class=sf-dump-protected title=\"Protected property\">appends</span>: []
      #<span class=sf-dump-protected title=\"Protected property\">dispatchesEvents</span>: []
      #<span class=sf-dump-protected title=\"Protected property\">observables</span>: []
      #<span class=sf-dump-protected title=\"Protected property\">relations</span>: []
      #<span class=sf-dump-protected title=\"Protected property\">touches</span>: []
      +<span class=sf-dump-public title=\"Public property\">timestamps</span>: <span class=sf-dump-const>true</span>
      +<span class=sf-dump-public title=\"Public property\">usesUniqueIds</span>: <span class=sf-dump-const>false</span>
      #<span class=sf-dump-protected title=\"Protected property\">hidden</span>: []
      #<span class=sf-dump-protected title=\"Protected property\">visible</span>: []
      #<span class=sf-dump-protected title=\"Protected property\">fillable</span>: <span class=sf-dump-note>array:8</span> [ &#8230;8]
      #<span class=sf-dump-protected title=\"Protected property\">guarded</span>: <span class=sf-dump-note>array:1</span> [ &#8230;1]
    </samp>}
    <span class=sf-dump-index>3</span> => <span class=sf-dump-note title=\"App\\Observacion
\"><span class=\"sf-dump-ellipsis sf-dump-ellipsis-note\">App</span><span class=\"sf-dump-ellipsis sf-dump-ellipsis-note\">\\</span>Observacion</span> {<a class=sf-dump-ref>#2182</a><samp data-depth=3 class=sf-dump-compact>
      #<span class=sf-dump-protected title=\"Protected property\">connection</span>: \"<span class=sf-dump-str title=\"5 characters\">mysql</span>\"
      #<span class=sf-dump-protected title=\"Protected property\">table</span>: \"<span class=sf-dump-str title=\"12 characters\">observacions</span>\"
      #<span class=sf-dump-protected title=\"Protected property\">primaryKey</span>: \"<span class=sf-dump-str title=\"6 characters\">ID_Obs</span>\"
      #<span class=sf-dump-protected title=\"Protected property\">keyType</span>: \"<span class=sf-dump-str title=\"3 characters\">int</span>\"
      +<span class=sf-dump-public title=\"Public property\">incrementing</span>: <span class=sf-dump-const>true</span>
      #<span class=sf-dump-protected title=\"Protected property\">with</span>: []
      #<span class=sf-dump-protected title=\"Protected property\">withCount</span>: []
      +<span class=sf-dump-public title=\"Public property\">preventsLazyLoading</span>: <span class=sf-dump-const>false</span>
      #<span class=sf-dump-protected title=\"Protected property\">perPage</span>: <span class=sf-dump-num>15</span>
      +<span class=sf-dump-public title=\"Public property\">exists</span>: <span class=sf-dump-const>true</span>
      +<span class=sf-dump-public title=\"Public property\">wasRecentlyCreated</span>: <span class=sf-dump-const>false</span>
      #<span class=sf-dump-protected title=\"Protected property\">escapeWhenCastingToString</span>: <span class=sf-dump-const>false</span>
      #<span class=sf-dump-protected title=\"Protected property\">attributes</span>: <span class=sf-dump-note>array:12</span> [ &#8230;12]
      #<span class=sf-dump-protected title=\"Protected property\">original</span>: <span class=sf-dump-note>array:12</span> [ &#8230;12]
      #<span class=sf-dump-protected title=\"Protected property\">changes</span>: []
      #<span class=sf-dump-protected title=\"Protected property\">casts</span>: []
      #<span class=sf-dump-protected title=\"Protected property\">classCastCache</span>: []
      #<span class=sf-dump-protected title=\"Protected property\">attributeCastCache</span>: []
      #<span class=sf-dump-protected title=\"Protected property\">dateFormat</span>: <span class=sf-dump-const>null</span>
      #<span class=sf-dump-protected title=\"Protected property\">appends</span>: []
      #<span class=sf-dump-protected title=\"Protected property\">dispatchesEvents</span>: []
      #<span class=sf-dump-protected title=\"Protected property\">observables</span>: []
      #<span class=sf-dump-protected title=\"Protected property\">relations</span>: []
      #<span class=sf-dump-protected title=\"Protected property\">touches</span>: []
      +<span class=sf-dump-public title=\"Public property\">timestamps</span>: <span class=sf-dump-const>true</span>
      +<span class=sf-dump-public title=\"Public property\">usesUniqueIds</span>: <span class=sf-dump-const>false</span>
      #<span class=sf-dump-protected title=\"Protected property\">hidden</span>: []
      #<span class=sf-dump-protected title=\"Protected property\">visible</span>: []
      #<span class=sf-dump-protected title=\"Protected property\">fillable</span>: <span class=sf-dump-note>array:8</span> [ &#8230;8]
      #<span class=sf-dump-protected title=\"Protected property\">guarded</span>: <span class=sf-dump-note>array:1</span> [ &#8230;1]
    </samp>}
    <span class=sf-dump-index>4</span> => <span class=sf-dump-note title=\"App\\Observacion
\"><span class=\"sf-dump-ellipsis sf-dump-ellipsis-note\">App</span><span class=\"sf-dump-ellipsis sf-dump-ellipsis-note\">\\</span>Observacion</span> {<a class=sf-dump-ref>#2183</a><samp data-depth=3 class=sf-dump-compact>
      #<span class=sf-dump-protected title=\"Protected property\">connection</span>: \"<span class=sf-dump-str title=\"5 characters\">mysql</span>\"
      #<span class=sf-dump-protected title=\"Protected property\">table</span>: \"<span class=sf-dump-str title=\"12 characters\">observacions</span>\"
      #<span class=sf-dump-protected title=\"Protected property\">primaryKey</span>: \"<span class=sf-dump-str title=\"6 characters\">ID_Obs</span>\"
      #<span class=sf-dump-protected title=\"Protected property\">keyType</span>: \"<span class=sf-dump-str title=\"3 characters\">int</span>\"
      +<span class=sf-dump-public title=\"Public property\">incrementing</span>: <span class=sf-dump-const>true</span>
      #<span class=sf-dump-protected title=\"Protected property\">with</span>: []
      #<span class=sf-dump-protected title=\"Protected property\">withCount</span>: []
      +<span class=sf-dump-public title=\"Public property\">preventsLazyLoading</span>: <span class=sf-dump-const>false</span>
      #<span class=sf-dump-protected title=\"Protected property\">perPage</span>: <span class=sf-dump-num>15</span>
      +<span class=sf-dump-public title=\"Public property\">exists</span>: <span class=sf-dump-const>true</span>
      +<span class=sf-dump-public title=\"Public property\">wasRecentlyCreated</span>: <span class=sf-dump-const>false</span>
      #<span class=sf-dump-protected title=\"Protected property\">escapeWhenCastingToString</span>: <span class=sf-dump-const>false</span>
      #<span class=sf-dump-protected title=\"Protected property\">attributes</span>: <span class=sf-dump-note>array:12</span> [ &#8230;12]
      #<span class=sf-dump-protected title=\"Protected property\">original</span>: <span class=sf-dump-note>array:12</span> [ &#8230;12]
      #<span class=sf-dump-protected title=\"Protected property\">changes</span>: []
      #<span class=sf-dump-protected title=\"Protected property\">casts</span>: []
      #<span class=sf-dump-protected title=\"Protected property\">classCastCache</span>: []
      #<span class=sf-dump-protected title=\"Protected property\">attributeCastCache</span>: []
      #<span class=sf-dump-protected title=\"Protected property\">dateFormat</span>: <span class=sf-dump-const>null</span>
      #<span class=sf-dump-protected title=\"Protected property\">appends</span>: []
      #<span class=sf-dump-protected title=\"Protected property\">dispatchesEvents</span>: []
      #<span class=sf-dump-protected title=\"Protected property\">observables</span>: []
      #<span class=sf-dump-protected title=\"Protected property\">relations</span>: []
      #<span class=sf-dump-protected title=\"Protected property\">touches</span>: []
      +<span class=sf-dump-public title=\"Public property\">timestamps</span>: <span class=sf-dump-const>true</span>
      +<span class=sf-dump-public title=\"Public property\">usesUniqueIds</span>: <span class=sf-dump-const>false</span>
      #<span class=sf-dump-protected title=\"Protected property\">hidden</span>: []
      #<span class=sf-dump-protected title=\"Protected property\">visible</span>: []
      #<span class=sf-dump-protected title=\"Protected property\">fillable</span>: <span class=sf-dump-note>array:8</span> [ &#8230;8]
      #<span class=sf-dump-protected title=\"Protected property\">guarded</span>: <span class=sf-dump-note>array:1</span> [ &#8230;1]
    </samp>}
    <span class=sf-dump-index>5</span> => <span class=sf-dump-note title=\"App\\Observacion
\"><span class=\"sf-dump-ellipsis sf-dump-ellipsis-note\">App</span><span class=\"sf-dump-ellipsis sf-dump-ellipsis-note\">\\</span>Observacion</span> {<a class=sf-dump-ref>#2184</a><samp data-depth=3 class=sf-dump-compact>
      #<span class=sf-dump-protected title=\"Protected property\">connection</span>: \"<span class=sf-dump-str title=\"5 characters\">mysql</span>\"
      #<span class=sf-dump-protected title=\"Protected property\">table</span>: \"<span class=sf-dump-str title=\"12 characters\">observacions</span>\"
      #<span class=sf-dump-protected title=\"Protected property\">primaryKey</span>: \"<span class=sf-dump-str title=\"6 characters\">ID_Obs</span>\"
      #<span class=sf-dump-protected title=\"Protected property\">keyType</span>: \"<span class=sf-dump-str title=\"3 characters\">int</span>\"
      +<span class=sf-dump-public title=\"Public property\">incrementing</span>: <span class=sf-dump-const>true</span>
      #<span class=sf-dump-protected title=\"Protected property\">with</span>: []
      #<span class=sf-dump-protected title=\"Protected property\">withCount</span>: []
      +<span class=sf-dump-public title=\"Public property\">preventsLazyLoading</span>: <span class=sf-dump-const>false</span>
      #<span class=sf-dump-protected title=\"Protected property\">perPage</span>: <span class=sf-dump-num>15</span>
      +<span class=sf-dump-public title=\"Public property\">exists</span>: <span class=sf-dump-const>true</span>
      +<span class=sf-dump-public title=\"Public property\">wasRecentlyCreated</span>: <span class=sf-dump-const>false</span>
      #<span class=sf-dump-protected title=\"Protected property\">escapeWhenCastingToString</span>: <span class=sf-dump-const>false</span>
      #<span class=sf-dump-protected title=\"Protected property\">attributes</span>: <span class=sf-dump-note>array:12</span> [ &#8230;12]
      #<span class=sf-dump-protected title=\"Protected property\">original</span>: <span class=sf-dump-note>array:12</span> [ &#8230;12]
      #<span class=sf-dump-protected title=\"Protected property\">changes</span>: []
      #<span class=sf-dump-protected title=\"Protected property\">casts</span>: []
      #<span class=sf-dump-protected title=\"Protected property\">classCastCache</span>: []
      #<span class=sf-dump-protected title=\"Protected property\">attributeCastCache</span>: []
      #<span class=sf-dump-protected title=\"Protected property\">dateFormat</span>: <span class=sf-dump-const>null</span>
      #<span class=sf-dump-protected title=\"Protected property\">appends</span>: []
      #<span class=sf-dump-protected title=\"Protected property\">dispatchesEvents</span>: []
      #<span class=sf-dump-protected title=\"Protected property\">observables</span>: []
      #<span class=sf-dump-protected title=\"Protected property\">relations</span>: []
      #<span class=sf-dump-protected title=\"Protected property\">touches</span>: []
      +<span class=sf-dump-public title=\"Public property\">timestamps</span>: <span class=sf-dump-const>true</span>
      +<span class=sf-dump-public title=\"Public property\">usesUniqueIds</span>: <span class=sf-dump-const>false</span>
      #<span class=sf-dump-protected title=\"Protected property\">hidden</span>: []
      #<span class=sf-dump-protected title=\"Protected property\">visible</span>: []
      #<span class=sf-dump-protected title=\"Protected property\">fillable</span>: <span class=sf-dump-note>array:8</span> [ &#8230;8]
      #<span class=sf-dump-protected title=\"Protected property\">guarded</span>: <span class=sf-dump-note>array:1</span> [ &#8230;1]
    </samp>}
    <span class=sf-dump-index>6</span> => <span class=sf-dump-note title=\"App\\Observacion
\"><span class=\"sf-dump-ellipsis sf-dump-ellipsis-note\">App</span><span class=\"sf-dump-ellipsis sf-dump-ellipsis-note\">\\</span>Observacion</span> {<a class=sf-dump-ref>#2185</a><samp data-depth=3 class=sf-dump-compact>
      #<span class=sf-dump-protected title=\"Protected property\">connection</span>: \"<span class=sf-dump-str title=\"5 characters\">mysql</span>\"
      #<span class=sf-dump-protected title=\"Protected property\">table</span>: \"<span class=sf-dump-str title=\"12 characters\">observacions</span>\"
      #<span class=sf-dump-protected title=\"Protected property\">primaryKey</span>: \"<span class=sf-dump-str title=\"6 characters\">ID_Obs</span>\"
      #<span class=sf-dump-protected title=\"Protected property\">keyType</span>: \"<span class=sf-dump-str title=\"3 characters\">int</span>\"
      +<span class=sf-dump-public title=\"Public property\">incrementing</span>: <span class=sf-dump-const>true</span>
      #<span class=sf-dump-protected title=\"Protected property\">with</span>: []
      #<span class=sf-dump-protected title=\"Protected property\">withCount</span>: []
      +<span class=sf-dump-public title=\"Public property\">preventsLazyLoading</span>: <span class=sf-dump-const>false</span>
      #<span class=sf-dump-protected title=\"Protected property\">perPage</span>: <span class=sf-dump-num>15</span>
      +<span class=sf-dump-public title=\"Public property\">exists</span>: <span class=sf-dump-const>true</span>
      +<span class=sf-dump-public title=\"Public property\">wasRecentlyCreated</span>: <span class=sf-dump-const>false</span>
      #<span class=sf-dump-protected title=\"Protected property\">escapeWhenCastingToString</span>: <span class=sf-dump-const>false</span>
      #<span class=sf-dump-protected title=\"Protected property\">attributes</span>: <span class=sf-dump-note>array:12</span> [ &#8230;12]
      #<span class=sf-dump-protected title=\"Protected property\">original</span>: <span class=sf-dump-note>array:12</span> [ &#8230;12]
      #<span class=sf-dump-protected title=\"Protected property\">changes</span>: []
      #<span class=sf-dump-protected title=\"Protected property\">casts</span>: []
      #<span class=sf-dump-protected title=\"Protected property\">classCastCache</span>: []
      #<span class=sf-dump-protected title=\"Protected property\">attributeCastCache</span>: []
      #<span class=sf-dump-protected title=\"Protected property\">dateFormat</span>: <span class=sf-dump-const>null</span>
      #<span class=sf-dump-protected title=\"Protected property\">appends</span>: []
      #<span class=sf-dump-protected title=\"Protected property\">dispatchesEvents</span>: []
      #<span class=sf-dump-protected title=\"Protected property\">observables</span>: []
      #<span class=sf-dump-protected title=\"Protected property\">relations</span>: []
      #<span class=sf-dump-protected title=\"Protected property\">touches</span>: []
      +<span class=sf-dump-public title=\"Public property\">timestamps</span>: <span class=sf-dump-const>true</span>
      +<span class=sf-dump-public title=\"Public property\">usesUniqueIds</span>: <span class=sf-dump-const>false</span>
      #<span class=sf-dump-protected title=\"Protected property\">hidden</span>: []
      #<span class=sf-dump-protected title=\"Protected property\">visible</span>: []
      #<span class=sf-dump-protected title=\"Protected property\">fillable</span>: <span class=sf-dump-note>array:8</span> [ &#8230;8]
      #<span class=sf-dump-protected title=\"Protected property\">guarded</span>: <span class=sf-dump-note>array:1</span> [ &#8230;1]
    </samp>}
    <span class=sf-dump-index>7</span> => <span class=sf-dump-note title=\"App\\Observacion
\"><span class=\"sf-dump-ellipsis sf-dump-ellipsis-note\">App</span><span class=\"sf-dump-ellipsis sf-dump-ellipsis-note\">\\</span>Observacion</span> {<a class=sf-dump-ref>#2186</a><samp data-depth=3 class=sf-dump-compact>
      #<span class=sf-dump-protected title=\"Protected property\">connection</span>: \"<span class=sf-dump-str title=\"5 characters\">mysql</span>\"
      #<span class=sf-dump-protected title=\"Protected property\">table</span>: \"<span class=sf-dump-str title=\"12 characters\">observacions</span>\"
      #<span class=sf-dump-protected title=\"Protected property\">primaryKey</span>: \"<span class=sf-dump-str title=\"6 characters\">ID_Obs</span>\"
      #<span class=sf-dump-protected title=\"Protected property\">keyType</span>: \"<span class=sf-dump-str title=\"3 characters\">int</span>\"
      +<span class=sf-dump-public title=\"Public property\">incrementing</span>: <span class=sf-dump-const>true</span>
      #<span class=sf-dump-protected title=\"Protected property\">with</span>: []
      #<span class=sf-dump-protected title=\"Protected property\">withCount</span>: []
      +<span class=sf-dump-public title=\"Public property\">preventsLazyLoading</span>: <span class=sf-dump-const>false</span>
      #<span class=sf-dump-protected title=\"Protected property\">perPage</span>: <span class=sf-dump-num>15</span>
      +<span class=sf-dump-public title=\"Public property\">exists</span>: <span class=sf-dump-const>true</span>
      +<span class=sf-dump-public title=\"Public property\">wasRecentlyCreated</span>: <span class=sf-dump-const>false</span>
      #<span class=sf-dump-protected title=\"Protected property\">escapeWhenCastingToString</span>: <span class=sf-dump-const>false</span>
      #<span class=sf-dump-protected title=\"Protected property\">attributes</span>: <span class=sf-dump-note>array:12</span> [ &#8230;12]
      #<span class=sf-dump-protected title=\"Protected property\">original</span>: <span class=sf-dump-note>array:12</span> [ &#8230;12]
      #<span class=sf-dump-protected title=\"Protected property\">changes</span>: []
      #<span class=sf-dump-protected title=\"Protected property\">casts</span>: []
      #<span class=sf-dump-protected title=\"Protected property\">classCastCache</span>: []
      #<span class=sf-dump-protected title=\"Protected property\">attributeCastCache</span>: []
      #<span class=sf-dump-protected title=\"Protected property\">dateFormat</span>: <span class=sf-dump-const>null</span>
      #<span class=sf-dump-protected title=\"Protected property\">appends</span>: []
      #<span class=sf-dump-protected title=\"Protected property\">dispatchesEvents</span>: []
      #<span class=sf-dump-protected title=\"Protected property\">observables</span>: []
      #<span class=sf-dump-protected title=\"Protected property\">relations</span>: []
      #<span class=sf-dump-protected title=\"Protected property\">touches</span>: []
      +<span class=sf-dump-public title=\"Public property\">timestamps</span>: <span class=sf-dump-const>true</span>
      +<span class=sf-dump-public title=\"Public property\">usesUniqueIds</span>: <span class=sf-dump-const>false</span>
      #<span class=sf-dump-protected title=\"Protected property\">hidden</span>: []
      #<span class=sf-dump-protected title=\"Protected property\">visible</span>: []
      #<span class=sf-dump-protected title=\"Protected property\">fillable</span>: <span class=sf-dump-note>array:8</span> [ &#8230;8]
      #<span class=sf-dump-protected title=\"Protected property\">guarded</span>: <span class=sf-dump-note>array:1</span> [ &#8230;1]
    </samp>}
    <span class=sf-dump-index>8</span> => <span class=sf-dump-note title=\"App\\Observacion
\"><span class=\"sf-dump-ellipsis sf-dump-ellipsis-note\">App</span><span class=\"sf-dump-ellipsis sf-dump-ellipsis-note\">\\</span>Observacion</span> {<a class=sf-dump-ref>#2187</a><samp data-depth=3 class=sf-dump-compact>
      #<span class=sf-dump-protected title=\"Protected property\">connection</span>: \"<span class=sf-dump-str title=\"5 characters\">mysql</span>\"
      #<span class=sf-dump-protected title=\"Protected property\">table</span>: \"<span class=sf-dump-str title=\"12 characters\">observacions</span>\"
      #<span class=sf-dump-protected title=\"Protected property\">primaryKey</span>: \"<span class=sf-dump-str title=\"6 characters\">ID_Obs</span>\"
      #<span class=sf-dump-protected title=\"Protected property\">keyType</span>: \"<span class=sf-dump-str title=\"3 characters\">int</span>\"
      +<span class=sf-dump-public title=\"Public property\">incrementing</span>: <span class=sf-dump-const>true</span>
      #<span class=sf-dump-protected title=\"Protected property\">with</span>: []
      #<span class=sf-dump-protected title=\"Protected property\">withCount</span>: []
      +<span class=sf-dump-public title=\"Public property\">preventsLazyLoading</span>: <span class=sf-dump-const>false</span>
      #<span class=sf-dump-protected title=\"Protected property\">perPage</span>: <span class=sf-dump-num>15</span>
      +<span class=sf-dump-public title=\"Public property\">exists</span>: <span class=sf-dump-const>true</span>
      +<span class=sf-dump-public title=\"Public property\">wasRecentlyCreated</span>: <span class=sf-dump-const>false</span>
      #<span class=sf-dump-protected title=\"Protected property\">escapeWhenCastingToString</span>: <span class=sf-dump-const>false</span>
      #<span class=sf-dump-protected title=\"Protected property\">attributes</span>: <span class=sf-dump-note>array:12</span> [ &#8230;12]
      #<span class=sf-dump-protected title=\"Protected property\">original</span>: <span class=sf-dump-note>array:12</span> [ &#8230;12]
      #<span class=sf-dump-protected title=\"Protected property\">changes</span>: []
      #<span class=sf-dump-protected title=\"Protected property\">casts</span>: []
      #<span class=sf-dump-protected title=\"Protected property\">classCastCache</span>: []
      #<span class=sf-dump-protected title=\"Protected property\">attributeCastCache</span>: []
      #<span class=sf-dump-protected title=\"Protected property\">dateFormat</span>: <span class=sf-dump-const>null</span>
      #<span class=sf-dump-protected title=\"Protected property\">appends</span>: []
      #<span class=sf-dump-protected title=\"Protected property\">dispatchesEvents</span>: []
      #<span class=sf-dump-protected title=\"Protected property\">observables</span>: []
      #<span class=sf-dump-protected title=\"Protected property\">relations</span>: []
      #<span class=sf-dump-protected title=\"Protected property\">touches</span>: []
      +<span class=sf-dump-public title=\"Public property\">timestamps</span>: <span class=sf-dump-const>true</span>
      +<span class=sf-dump-public title=\"Public property\">usesUniqueIds</span>: <span class=sf-dump-const>false</span>
      #<span class=sf-dump-protected title=\"Protected property\">hidden</span>: []
      #<span class=sf-dump-protected title=\"Protected property\">visible</span>: []
      #<span class=sf-dump-protected title=\"Protected property\">fillable</span>: <span class=sf-dump-note>array:8</span> [ &#8230;8]
      #<span class=sf-dump-protected title=\"Protected property\">guarded</span>: <span class=sf-dump-note>array:1</span> [ &#8230;1]
    </samp>}
    <span class=sf-dump-index>9</span> => <span class=sf-dump-note title=\"App\\Observacion
\"><span class=\"sf-dump-ellipsis sf-dump-ellipsis-note\">App</span><span class=\"sf-dump-ellipsis sf-dump-ellipsis-note\">\\</span>Observacion</span> {<a class=sf-dump-ref>#2188</a><samp data-depth=3 class=sf-dump-compact>
      #<span class=sf-dump-protected title=\"Protected property\">connection</span>: \"<span class=sf-dump-str title=\"5 characters\">mysql</span>\"
      #<span class=sf-dump-protected title=\"Protected property\">table</span>: \"<span class=sf-dump-str title=\"12 characters\">observacions</span>\"
      #<span class=sf-dump-protected title=\"Protected property\">primaryKey</span>: \"<span class=sf-dump-str title=\"6 characters\">ID_Obs</span>\"
      #<span class=sf-dump-protected title=\"Protected property\">keyType</span>: \"<span class=sf-dump-str title=\"3 characters\">int</span>\"
      +<span class=sf-dump-public title=\"Public property\">incrementing</span>: <span class=sf-dump-const>true</span>
      #<span class=sf-dump-protected title=\"Protected property\">with</span>: []
      #<span class=sf-dump-protected title=\"Protected property\">withCount</span>: []
      +<span class=sf-dump-public title=\"Public property\">preventsLazyLoading</span>: <span class=sf-dump-const>false</span>
      #<span class=sf-dump-protected title=\"Protected property\">perPage</span>: <span class=sf-dump-num>15</span>
      +<span class=sf-dump-public title=\"Public property\">exists</span>: <span class=sf-dump-const>true</span>
      +<span class=sf-dump-public title=\"Public property\">wasRecentlyCreated</span>: <span class=sf-dump-const>false</span>
      #<span class=sf-dump-protected title=\"Protected property\">escapeWhenCastingToString</span>: <span class=sf-dump-const>false</span>
      #<span class=sf-dump-protected title=\"Protected property\">attributes</span>: <span class=sf-dump-note>array:12</span> [ &#8230;12]
      #<span class=sf-dump-protected title=\"Protected property\">original</span>: <span class=sf-dump-note>array:12</span> [ &#8230;12]
      #<span class=sf-dump-protected title=\"Protected property\">changes</span>: []
      #<span class=sf-dump-protected title=\"Protected property\">casts</span>: []
      #<span class=sf-dump-protected title=\"Protected property\">classCastCache</span>: []
      #<span class=sf-dump-protected title=\"Protected property\">attributeCastCache</span>: []
      #<span class=sf-dump-protected title=\"Protected property\">dateFormat</span>: <span class=sf-dump-const>null</span>
      #<span class=sf-dump-protected title=\"Protected property\">appends</span>: []
      #<span class=sf-dump-protected title=\"Protected property\">dispatchesEvents</span>: []
      #<span class=sf-dump-protected title=\"Protected property\">observables</span>: []
      #<span class=sf-dump-protected title=\"Protected property\">relations</span>: []
      #<span class=sf-dump-protected title=\"Protected property\">touches</span>: []
      +<span class=sf-dump-public title=\"Public property\">timestamps</span>: <span class=sf-dump-const>true</span>
      +<span class=sf-dump-public title=\"Public property\">usesUniqueIds</span>: <span class=sf-dump-const>false</span>
      #<span class=sf-dump-protected title=\"Protected property\">hidden</span>: []
      #<span class=sf-dump-protected title=\"Protected property\">visible</span>: []
      #<span class=sf-dump-protected title=\"Protected property\">fillable</span>: <span class=sf-dump-note>array:8</span> [ &#8230;8]
      #<span class=sf-dump-protected title=\"Protected property\">guarded</span>: <span class=sf-dump-note>array:1</span> [ &#8230;1]
    </samp>}
    <span class=sf-dump-index>10</span> => <span class=sf-dump-note title=\"App\\Observacion
\"><span class=\"sf-dump-ellipsis sf-dump-ellipsis-note\">App</span><span class=\"sf-dump-ellipsis sf-dump-ellipsis-note\">\\</span>Observacion</span> {<a class=sf-dump-ref>#2189</a><samp data-depth=3 class=sf-dump-compact>
      #<span class=sf-dump-protected title=\"Protected property\">connection</span>: \"<span class=sf-dump-str title=\"5 characters\">mysql</span>\"
      #<span class=sf-dump-protected title=\"Protected property\">table</span>: \"<span class=sf-dump-str title=\"12 characters\">observacions</span>\"
      #<span class=sf-dump-protected title=\"Protected property\">primaryKey</span>: \"<span class=sf-dump-str title=\"6 characters\">ID_Obs</span>\"
      #<span class=sf-dump-protected title=\"Protected property\">keyType</span>: \"<span class=sf-dump-str title=\"3 characters\">int</span>\"
      +<span class=sf-dump-public title=\"Public property\">incrementing</span>: <span class=sf-dump-const>true</span>
      #<span class=sf-dump-protected title=\"Protected property\">with</span>: []
      #<span class=sf-dump-protected title=\"Protected property\">withCount</span>: []
      +<span class=sf-dump-public title=\"Public property\">preventsLazyLoading</span>: <span class=sf-dump-const>false</span>
      #<span class=sf-dump-protected title=\"Protected property\">perPage</span>: <span class=sf-dump-num>15</span>
      +<span class=sf-dump-public title=\"Public property\">exists</span>: <span class=sf-dump-const>true</span>
      +<span class=sf-dump-public title=\"Public property\">wasRecentlyCreated</span>: <span class=sf-dump-const>false</span>
      #<span class=sf-dump-protected title=\"Protected property\">escapeWhenCastingToString</span>: <span class=sf-dump-const>false</span>
      #<span class=sf-dump-protected title=\"Protected property\">attributes</span>: <span class=sf-dump-note>array:12</span> [ &#8230;12]
      #<span class=sf-dump-protected title=\"Protected property\">original</span>: <span class=sf-dump-note>array:12</span> [ &#8230;12]
      #<span class=sf-dump-protected title=\"Protected property\">changes</span>: []
      #<span class=sf-dump-protected title=\"Protected property\">casts</span>: []
      #<span class=sf-dump-protected title=\"Protected property\">classCastCache</span>: []
      #<span class=sf-dump-protected title=\"Protected property\">attributeCastCache</span>: []
      #<span class=sf-dump-protected title=\"Protected property\">dateFormat</span>: <span class=sf-dump-const>null</span>
      #<span class=sf-dump-protected title=\"Protected property\">appends</span>: []
      #<span class=sf-dump-protected title=\"Protected property\">dispatchesEvents</span>: []
      #<span class=sf-dump-protected title=\"Protected property\">observables</span>: []
      #<span class=sf-dump-protected title=\"Protected property\">relations</span>: []
      #<span class=sf-dump-protected title=\"Protected property\">touches</span>: []
      +<span class=sf-dump-public title=\"Public property\">timestamps</span>: <span class=sf-dump-const>true</span>
      +<span class=sf-dump-public title=\"Public property\">usesUniqueIds</span>: <span class=sf-dump-const>false</span>
      #<span class=sf-dump-protected title=\"Protected property\">hidden</span>: []
      #<span class=sf-dump-protected title=\"Protected property\">visible</span>: []
      #<span class=sf-dump-protected title=\"Protected property\">fillable</span>: <span class=sf-dump-note>array:8</span> [ &#8230;8]
      #<span class=sf-dump-protected title=\"Protected property\">guarded</span>: <span class=sf-dump-note>array:1</span> [ &#8230;1]
    </samp>}
    <span class=sf-dump-index>11</span> => <span class=sf-dump-note title=\"App\\Observacion
\"><span class=\"sf-dump-ellipsis sf-dump-ellipsis-note\">App</span><span class=\"sf-dump-ellipsis sf-dump-ellipsis-note\">\\</span>Observacion</span> {<a class=sf-dump-ref>#2190</a><samp data-depth=3 class=sf-dump-compact>
      #<span class=sf-dump-protected title=\"Protected property\">connection</span>: \"<span class=sf-dump-str title=\"5 characters\">mysql</span>\"
      #<span class=sf-dump-protected title=\"Protected property\">table</span>: \"<span class=sf-dump-str title=\"12 characters\">observacions</span>\"
      #<span class=sf-dump-protected title=\"Protected property\">primaryKey</span>: \"<span class=sf-dump-str title=\"6 characters\">ID_Obs</span>\"
      #<span class=sf-dump-protected title=\"Protected property\">keyType</span>: \"<span class=sf-dump-str title=\"3 characters\">int</span>\"
      +<span class=sf-dump-public title=\"Public property\">incrementing</span>: <span class=sf-dump-const>true</span>
      #<span class=sf-dump-protected title=\"Protected property\">with</span>: []
      #<span class=sf-dump-protected title=\"Protected property\">withCount</span>: []
      +<span class=sf-dump-public title=\"Public property\">preventsLazyLoading</span>: <span class=sf-dump-const>false</span>
      #<span class=sf-dump-protected title=\"Protected property\">perPage</span>: <span class=sf-dump-num>15</span>
      +<span class=sf-dump-public title=\"Public property\">exists</span>: <span class=sf-dump-const>true</span>
      +<span class=sf-dump-public title=\"Public property\">wasRecentlyCreated</span>: <span class=sf-dump-const>false</span>
      #<span class=sf-dump-protected title=\"Protected property\">escapeWhenCastingToString</span>: <span class=sf-dump-const>false</span>
      #<span class=sf-dump-protected title=\"Protected property\">attributes</span>: <span class=sf-dump-note>array:12</span> [ &#8230;12]
      #<span class=sf-dump-protected title=\"Protected property\">original</span>: <span class=sf-dump-note>array:12</span> [ &#8230;12]
      #<span class=sf-dump-protected title=\"Protected property\">changes</span>: []
      #<span class=sf-dump-protected title=\"Protected property\">casts</span>: []
      #<span class=sf-dump-protected title=\"Protected property\">classCastCache</span>: []
      #<span class=sf-dump-protected title=\"Protected property\">attributeCastCache</span>: []
      #<span class=sf-dump-protected title=\"Protected property\">dateFormat</span>: <span class=sf-dump-const>null</span>
      #<span class=sf-dump-protected title=\"Protected property\">appends</span>: []
      #<span class=sf-dump-protected title=\"Protected property\">dispatchesEvents</span>: []
      #<span class=sf-dump-protected title=\"Protected property\">observables</span>: []
      #<span class=sf-dump-protected title=\"Protected property\">relations</span>: []
      #<span class=sf-dump-protected title=\"Protected property\">touches</span>: []
      +<span class=sf-dump-public title=\"Public property\">timestamps</span>: <span class=sf-dump-const>true</span>
      +<span class=sf-dump-public title=\"Public property\">usesUniqueIds</span>: <span class=sf-dump-const>false</span>
      #<span class=sf-dump-protected title=\"Protected property\">hidden</span>: []
      #<span class=sf-dump-protected title=\"Protected property\">visible</span>: []
      #<span class=sf-dump-protected title=\"Protected property\">fillable</span>: <span class=sf-dump-note>array:8</span> [ &#8230;8]
      #<span class=sf-dump-protected title=\"Protected property\">guarded</span>: <span class=sf-dump-note>array:1</span> [ &#8230;1]
    </samp>}
    <span class=sf-dump-index>12</span> => <span class=sf-dump-note title=\"App\\Observacion
\"><span class=\"sf-dump-ellipsis sf-dump-ellipsis-note\">App</span><span class=\"sf-dump-ellipsis sf-dump-ellipsis-note\">\\</span>Observacion</span> {<a class=sf-dump-ref>#2191</a><samp data-depth=3 class=sf-dump-compact>
      #<span class=sf-dump-protected title=\"Protected property\">connection</span>: \"<span class=sf-dump-str title=\"5 characters\">mysql</span>\"
      #<span class=sf-dump-protected title=\"Protected property\">table</span>: \"<span class=sf-dump-str title=\"12 characters\">observacions</span>\"
      #<span class=sf-dump-protected title=\"Protected property\">primaryKey</span>: \"<span class=sf-dump-str title=\"6 characters\">ID_Obs</span>\"
      #<span class=sf-dump-protected title=\"Protected property\">keyType</span>: \"<span class=sf-dump-str title=\"3 characters\">int</span>\"
      +<span class=sf-dump-public title=\"Public property\">incrementing</span>: <span class=sf-dump-const>true</span>
      #<span class=sf-dump-protected title=\"Protected property\">with</span>: []
      #<span class=sf-dump-protected title=\"Protected property\">withCount</span>: []
      +<span class=sf-dump-public title=\"Public property\">preventsLazyLoading</span>: <span class=sf-dump-const>false</span>
      #<span class=sf-dump-protected title=\"Protected property\">perPage</span>: <span class=sf-dump-num>15</span>
      +<span class=sf-dump-public title=\"Public property\">exists</span>: <span class=sf-dump-const>true</span>
      +<span class=sf-dump-public title=\"Public property\">wasRecentlyCreated</span>: <span class=sf-dump-const>false</span>
      #<span class=sf-dump-protected title=\"Protected property\">escapeWhenCastingToString</span>: <span class=sf-dump-const>false</span>
      #<span class=sf-dump-protected title=\"Protected property\">attributes</span>: <span class=sf-dump-note>array:12</span> [ &#8230;12]
      #<span class=sf-dump-protected title=\"Protected property\">original</span>: <span class=sf-dump-note>array:12</span> [ &#8230;12]
      #<span class=sf-dump-protected title=\"Protected property\">changes</span>: []
      #<span class=sf-dump-protected title=\"Protected property\">casts</span>: []
      #<span class=sf-dump-protected title=\"Protected property\">classCastCache</span>: []
      #<span class=sf-dump-protected title=\"Protected property\">attributeCastCache</span>: []
      #<span class=sf-dump-protected title=\"Protected property\">dateFormat</span>: <span class=sf-dump-const>null</span>
      #<span class=sf-dump-protected title=\"Protected property\">appends</span>: []
      #<span class=sf-dump-protected title=\"Protected property\">dispatchesEvents</span>: []
      #<span class=sf-dump-protected title=\"Protected property\">observables</span>: []
      #<span class=sf-dump-protected title=\"Protected property\">relations</span>: []
      #<span class=sf-dump-protected title=\"Protected property\">touches</span>: []
      +<span class=sf-dump-public title=\"Public property\">timestamps</span>: <span class=sf-dump-const>true</span>
      +<span class=sf-dump-public title=\"Public property\">usesUniqueIds</span>: <span class=sf-dump-const>false</span>
      #<span class=sf-dump-protected title=\"Protected property\">hidden</span>: []
      #<span class=sf-dump-protected title=\"Protected property\">visible</span>: []
      #<span class=sf-dump-protected title=\"Protected property\">fillable</span>: <span class=sf-dump-note>array:8</span> [ &#8230;8]
      #<span class=sf-dump-protected title=\"Protected property\">guarded</span>: <span class=sf-dump-note>array:1</span> [ &#8230;1]
    </samp>}
    <span class=sf-dump-index>13</span> => <span class=sf-dump-note title=\"App\\Observacion
\"><span class=\"sf-dump-ellipsis sf-dump-ellipsis-note\">App</span><span class=\"sf-dump-ellipsis sf-dump-ellipsis-note\">\\</span>Observacion</span> {<a class=sf-dump-ref>#2192</a><samp data-depth=3 class=sf-dump-compact>
      #<span class=sf-dump-protected title=\"Protected property\">connection</span>: \"<span class=sf-dump-str title=\"5 characters\">mysql</span>\"
      #<span class=sf-dump-protected title=\"Protected property\">table</span>: \"<span class=sf-dump-str title=\"12 characters\">observacions</span>\"
      #<span class=sf-dump-protected title=\"Protected property\">primaryKey</span>: \"<span class=sf-dump-str title=\"6 characters\">ID_Obs</span>\"
      #<span class=sf-dump-protected title=\"Protected property\">keyType</span>: \"<span class=sf-dump-str title=\"3 characters\">int</span>\"
      +<span class=sf-dump-public title=\"Public property\">incrementing</span>: <span class=sf-dump-const>true</span>
      #<span class=sf-dump-protected title=\"Protected property\">with</span>: []
      #<span class=sf-dump-protected title=\"Protected property\">withCount</span>: []
      +<span class=sf-dump-public title=\"Public property\">preventsLazyLoading</span>: <span class=sf-dump-const>false</span>
      #<span class=sf-dump-protected title=\"Protected property\">perPage</span>: <span class=sf-dump-num>15</span>
      +<span class=sf-dump-public title=\"Public property\">exists</span>: <span class=sf-dump-const>true</span>
      +<span class=sf-dump-public title=\"Public property\">wasRecentlyCreated</span>: <span class=sf-dump-const>false</span>
      #<span class=sf-dump-protected title=\"Protected property\">escapeWhenCastingToString</span>: <span class=sf-dump-const>false</span>
      #<span class=sf-dump-protected title=\"Protected property\">attributes</span>: <span class=sf-dump-note>array:12</span> [ &#8230;12]
      #<span class=sf-dump-protected title=\"Protected property\">original</span>: <span class=sf-dump-note>array:12</span> [ &#8230;12]
      #<span class=sf-dump-protected title=\"Protected property\">changes</span>: []
      #<span class=sf-dump-protected title=\"Protected property\">casts</span>: []
      #<span class=sf-dump-protected title=\"Protected property\">classCastCache</span>: []
      #<span class=sf-dump-protected title=\"Protected property\">attributeCastCache</span>: []
      #<span class=sf-dump-protected title=\"Protected property\">dateFormat</span>: <span class=sf-dump-const>null</span>
      #<span class=sf-dump-protected title=\"Protected property\">appends</span>: []
      #<span class=sf-dump-protected title=\"Protected property\">dispatchesEvents</span>: []
      #<span class=sf-dump-protected title=\"Protected property\">observables</span>: []
      #<span class=sf-dump-protected title=\"Protected property\">relations</span>: []
      #<span class=sf-dump-protected title=\"Protected property\">touches</span>: []
      +<span class=sf-dump-public title=\"Public property\">timestamps</span>: <span class=sf-dump-const>true</span>
      +<span class=sf-dump-public title=\"Public property\">usesUniqueIds</span>: <span class=sf-dump-const>false</span>
      #<span class=sf-dump-protected title=\"Protected property\">hidden</span>: []
      #<span class=sf-dump-protected title=\"Protected property\">visible</span>: []
      #<span class=sf-dump-protected title=\"Protected property\">fillable</span>: <span class=sf-dump-note>array:8</span> [ &#8230;8]
      #<span class=sf-dump-protected title=\"Protected property\">guarded</span>: <span class=sf-dump-note>array:1</span> [ &#8230;1]
    </samp>}
  </samp>]
  #<span class=sf-dump-protected title=\"Protected property\">escapeWhenCastingToString</span>: <span class=sf-dump-const>false</span>
</samp>}
</pre><script>Sfdump(\"sf-dump-1712616212\", {\"maxDepth\":3,\"maxStringLength\":160})</script>
","PublicRespels":"<pre class=sf-dump id=sf-dump-903229091 data-indent-pad=\"  \"><span class=sf-dump-note>Illuminate\\Support\\Collection</span> {<a class=sf-dump-ref>#2499</a><samp data-depth=1 class=sf-dump-expanded>
  #<span class=sf-dump-protected title=\"Protected property\">items</span>: <span class=sf-dump-note>array:7</span> [<samp data-depth=2 class=sf-dump-compact>
    <span class=sf-dump-index>0</span> => {<a class=sf-dump-ref>#2496</a><samp data-depth=3 class=sf-dump-compact>
      +\"<span class=sf-dump-public title=\"Runtime added dynamic property\">ID_Respel</span>\": <span class=sf-dump-num>7700</span>
      +\"<span class=sf-dump-public title=\"Runtime added dynamic property\">YRespelClasf4741</span>\": \"<span class=sf-dump-str title=\"2 characters\">Y1</span>\"
      +\"<span class=sf-dump-public title=\"Runtime added dynamic property\">ARespelClasf4741</span>\": <span class=sf-dump-const>null</span>
    </samp>}
    <span class=sf-dump-index>1</span> => {<a class=sf-dump-ref>#2506</a><samp data-depth=3 class=sf-dump-compact>
      +\"<span class=sf-dump-public title=\"Runtime added dynamic property\">ID_Respel</span>\": <span class=sf-dump-num>7923</span>
      +\"<span class=sf-dump-public title=\"Runtime added dynamic property\">YRespelClasf4741</span>\": \"<span class=sf-dump-str title=\"2 characters\">Y1</span>\"
      +\"<span class=sf-dump-public title=\"Runtime added dynamic property\">ARespelClasf4741</span>\": <span class=sf-dump-const>null</span>
    </samp>}
    <span class=sf-dump-index>2</span> => {<a class=sf-dump-ref>#2497</a><samp data-depth=3 class=sf-dump-compact>
      +\"<span class=sf-dump-public title=\"Runtime added dynamic property\">ID_Respel</span>\": <span class=sf-dump-num>7922</span>
      +\"<span class=sf-dump-public title=\"Runtime added dynamic property\">YRespelClasf4741</span>\": \"<span class=sf-dump-str title=\"2 characters\">Y1</span>\"
      +\"<span class=sf-dump-public title=\"Runtime added dynamic property\">ARespelClasf4741</span>\": <span class=sf-dump-const>null</span>
    </samp>}
    <span class=sf-dump-index>3</span> => {<a class=sf-dump-ref>#2564</a><samp data-depth=3 class=sf-dump-compact>
      +\"<span class=sf-dump-public title=\"Runtime added dynamic property\">ID_Respel</span>\": <span class=sf-dump-num>1200</span>
      +\"<span class=sf-dump-public title=\"Runtime added dynamic property\">YRespelClasf4741</span>\": <span class=sf-dump-const>null</span>
      +\"<span class=sf-dump-public title=\"Runtime added dynamic property\">ARespelClasf4741</span>\": \"<span class=sf-dump-str title=\"5 characters\">A4140</span>\"
    </samp>}
    <span class=sf-dump-index>4</span> => {<a class=sf-dump-ref>#2557</a><samp data-depth=3 class=sf-dump-compact>
      +\"<span class=sf-dump-public title=\"Runtime added dynamic property\">ID_Respel</span>\": <span class=sf-dump-num>671</span>
      +\"<span class=sf-dump-public title=\"Runtime added dynamic property\">YRespelClasf4741</span>\": <span class=sf-dump-const>null</span>
      +\"<span class=sf-dump-public title=\"Runtime added dynamic property\">ARespelClasf4741</span>\": \"<span class=sf-dump-str title=\"5 characters\">A4140</span>\"
    </samp>}
    <span class=sf-dump-index>5</span> => {<a class=sf-dump-ref>#2556</a><samp data-depth=3 class=sf-dump-compact>
      +\"<span class=sf-dump-public title=\"Runtime added dynamic property\">ID_Respel</span>\": <span class=sf-dump-num>20761</span>
      +\"<span class=sf-dump-public title=\"Runtime added dynamic property\">YRespelClasf4741</span>\": \"<span class=sf-dump-str title=\"3 characters\">Y35</span>\"
      +\"<span class=sf-dump-public title=\"Runtime added dynamic property\">ARespelClasf4741</span>\": <span class=sf-dump-const>null</span>
    </samp>}
    <span class=sf-dump-index>6</span> => {<a class=sf-dump-ref>#2514</a><samp data-depth=3 class=sf-dump-compact>
      +\"<span class=sf-dump-public title=\"Runtime added dynamic property\">ID_Respel</span>\": <span class=sf-dump-num>21565</span>
      +\"<span class=sf-dump-public title=\"Runtime added dynamic property\">YRespelClasf4741</span>\": <span class=sf-dump-const>null</span>
      +\"<span class=sf-dump-public title=\"Runtime added dynamic property\">ARespelClasf4741</span>\": <span class=sf-dump-const>null</span>
    </samp>}
  </samp>]
  #<span class=sf-dump-protected title=\"Protected property\">escapeWhenCastingToString</span>: <span class=sf-dump-const>false</span>
</samp>}
</pre><script>Sfdump(\"sf-dump-903229091\", {\"maxDepth\":3,\"maxStringLength\":160})</script>
","Trat":"<pre class=sf-dump id=sf-dump-1388799456 data-indent-pad=\"  \"><span class=sf-dump-note>Illuminate\\Support\\Collection</span> {<a class=sf-dump-ref>#2561</a><samp data-depth=1 class=sf-dump-expanded>
  #<span class=sf-dump-protected title=\"Protected property\">items</span>: <span class=sf-dump-note>array:15</span> [<samp data-depth=2 class=sf-dump-compact>
    <span class=sf-dump-index>0</span> => {<a class=sf-dump-ref>#2502</a><samp data-depth=3 class=sf-dump-compact>
      +\"<span class=sf-dump-public title=\"Runtime added dynamic property\">ID_Trat</span>\": <span class=sf-dump-num>1</span>
      +\"<span class=sf-dump-public title=\"Runtime added dynamic property\">TratName</span>\": \"<span class=sf-dump-str title=\"16 characters\">TermoDestrucci&#243;n</span>\"
      +\"<span class=sf-dump-public title=\"Runtime added dynamic property\">TratTipo</span>\": <span class=sf-dump-num>0</span>
      +\"<span class=sf-dump-public title=\"Runtime added dynamic property\">created_at</span>\": \"<span class=sf-dump-str title=\"19 characters\">2019-12-13 05:45:30</span>\"
      +\"<span class=sf-dump-public title=\"Runtime added dynamic property\">updated_at</span>\": \"<span class=sf-dump-str title=\"19 characters\">2023-07-19 11:25:03</span>\"
      +\"<span class=sf-dump-public title=\"Runtime added dynamic property\">FK_TratProv</span>\": <span class=sf-dump-num>1</span>
      +\"<span class=sf-dump-public title=\"Runtime added dynamic property\">TratDelete</span>\": <span class=sf-dump-num>0</span>
    </samp>}
    <span class=sf-dump-index>1</span> => {<a class=sf-dump-ref>#2505</a><samp data-depth=3 class=sf-dump-compact>
      +\"<span class=sf-dump-public title=\"Runtime added dynamic property\">ID_Trat</span>\": <span class=sf-dump-num>4</span>
      +\"<span class=sf-dump-public title=\"Runtime added dynamic property\">TratName</span>\": \"<span class=sf-dump-str title=\"18 characters\">Celda de Seguridad</span>\"
      +\"<span class=sf-dump-public title=\"Runtime added dynamic property\">TratTipo</span>\": <span class=sf-dump-num>0</span>
      +\"<span class=sf-dump-public title=\"Runtime added dynamic property\">created_at</span>\": \"<span class=sf-dump-str title=\"19 characters\">2019-12-13 05:45:30</span>\"
      +\"<span class=sf-dump-public title=\"Runtime added dynamic property\">updated_at</span>\": \"<span class=sf-dump-str title=\"19 characters\">2023-09-27 10:24:31</span>\"
      +\"<span class=sf-dump-public title=\"Runtime added dynamic property\">FK_TratProv</span>\": <span class=sf-dump-num>10</span>
      +\"<span class=sf-dump-public title=\"Runtime added dynamic property\">TratDelete</span>\": <span class=sf-dump-num>0</span>
    </samp>}
    <span class=sf-dump-index>2</span> => {<a class=sf-dump-ref>#2504</a><samp data-depth=3 class=sf-dump-compact>
      +\"<span class=sf-dump-public title=\"Runtime added dynamic property\">ID_Trat</span>\": <span class=sf-dump-num>5</span>
      +\"<span class=sf-dump-public title=\"Runtime added dynamic property\">TratName</span>\": \"<span class=sf-dump-str title=\"15 characters\">Aprovechamiento</span>\"
      +\"<span class=sf-dump-public title=\"Runtime added dynamic property\">TratTipo</span>\": <span class=sf-dump-num>0</span>
      +\"<span class=sf-dump-public title=\"Runtime added dynamic property\">created_at</span>\": \"<span class=sf-dump-str title=\"19 characters\">2020-01-09 19:36:12</span>\"
      +\"<span class=sf-dump-public title=\"Runtime added dynamic property\">updated_at</span>\": \"<span class=sf-dump-str title=\"19 characters\">2020-07-13 01:59:16</span>\"
      +\"<span class=sf-dump-public title=\"Runtime added dynamic property\">FK_TratProv</span>\": <span class=sf-dump-num>1</span>
      +\"<span class=sf-dump-public title=\"Runtime added dynamic property\">TratDelete</span>\": <span class=sf-dump-num>0</span>
    </samp>}
    <span class=sf-dump-index>3</span> => {<a class=sf-dump-ref>#2503</a><samp data-depth=3 class=sf-dump-compact>
      +\"<span class=sf-dump-public title=\"Runtime added dynamic property\">ID_Trat</span>\": <span class=sf-dump-num>6</span>
      +\"<span class=sf-dump-public title=\"Runtime added dynamic property\">TratName</span>\": \"<span class=sf-dump-str title=\"14 characters\">Fisico-Quimico</span>\"
      +\"<span class=sf-dump-public title=\"Runtime added dynamic property\">TratTipo</span>\": <span class=sf-dump-num>0</span>
      +\"<span class=sf-dump-public title=\"Runtime added dynamic property\">created_at</span>\": \"<span class=sf-dump-str title=\"19 characters\">2020-01-17 14:03:13</span>\"
      +\"<span class=sf-dump-public title=\"Runtime added dynamic property\">updated_at</span>\": \"<span class=sf-dump-str title=\"19 characters\">2023-07-26 08:02:52</span>\"
      +\"<span class=sf-dump-public title=\"Runtime added dynamic property\">FK_TratProv</span>\": <span class=sf-dump-num>10</span>
      +\"<span class=sf-dump-public title=\"Runtime added dynamic property\">TratDelete</span>\": <span class=sf-dump-num>0</span>
    </samp>}
    <span class=sf-dump-index>4</span> => {<a class=sf-dump-ref>#2517</a><samp data-depth=3 class=sf-dump-compact>
      +\"<span class=sf-dump-public title=\"Runtime added dynamic property\">ID_Trat</span>\": <span class=sf-dump-num>7</span>
      +\"<span class=sf-dump-public title=\"Runtime added dynamic property\">TratName</span>\": \"<span class=sf-dump-str title=\"31 characters\">Tratamiento y disposici&#243;n final</span>\"
      +\"<span class=sf-dump-public title=\"Runtime added dynamic property\">TratTipo</span>\": <span class=sf-dump-num>0</span>
      +\"<span class=sf-dump-public title=\"Runtime added dynamic property\">created_at</span>\": \"<span class=sf-dump-str title=\"19 characters\">2020-03-17 18:47:59</span>\"
      +\"<span class=sf-dump-public title=\"Runtime added dynamic property\">updated_at</span>\": \"<span class=sf-dump-str title=\"19 characters\">2020-03-17 18:47:59</span>\"
      +\"<span class=sf-dump-public title=\"Runtime added dynamic property\">FK_TratProv</span>\": <span class=sf-dump-num>22</span>
      +\"<span class=sf-dump-public title=\"Runtime added dynamic property\">TratDelete</span>\": <span class=sf-dump-num>0</span>
    </samp>}
    <span class=sf-dump-index>5</span> => {<a class=sf-dump-ref>#2521</a><samp data-depth=3 class=sf-dump-compact>
      +\"<span class=sf-dump-public title=\"Runtime added dynamic property\">ID_Trat</span>\": <span class=sf-dump-num>8</span>
      +\"<span class=sf-dump-public title=\"Runtime added dynamic property\">TratName</span>\": \"<span class=sf-dump-str title=\"21 characters\">Posconsumo luminarias</span>\"
      +\"<span class=sf-dump-public title=\"Runtime added dynamic property\">TratTipo</span>\": <span class=sf-dump-num>0</span>
      +\"<span class=sf-dump-public title=\"Runtime added dynamic property\">created_at</span>\": \"<span class=sf-dump-str title=\"19 characters\">2020-07-22 10:59:12</span>\"
      +\"<span class=sf-dump-public title=\"Runtime added dynamic property\">updated_at</span>\": \"<span class=sf-dump-str title=\"19 characters\">2020-07-22 10:59:12</span>\"
      +\"<span class=sf-dump-public title=\"Runtime added dynamic property\">FK_TratProv</span>\": <span class=sf-dump-num>1</span>
      +\"<span class=sf-dump-public title=\"Runtime added dynamic property\">TratDelete</span>\": <span class=sf-dump-num>0</span>
    </samp>}
    <span class=sf-dump-index>6</span> => {<a class=sf-dump-ref>#2519</a><samp data-depth=3 class=sf-dump-compact>
      +\"<span class=sf-dump-public title=\"Runtime added dynamic property\">ID_Trat</span>\": <span class=sf-dump-num>9</span>
      +\"<span class=sf-dump-public title=\"Runtime added dynamic property\">TratName</span>\": \"<span class=sf-dump-str title=\"27 characters\">Posconsumo pilas y baterias</span>\"
      +\"<span class=sf-dump-public title=\"Runtime added dynamic property\">TratTipo</span>\": <span class=sf-dump-num>0</span>
      +\"<span class=sf-dump-public title=\"Runtime added dynamic property\">created_at</span>\": \"<span class=sf-dump-str title=\"19 characters\">2020-07-29 11:24:12</span>\"
      +\"<span class=sf-dump-public title=\"Runtime added dynamic property\">updated_at</span>\": \"<span class=sf-dump-str title=\"19 characters\">2020-07-29 11:24:12</span>\"
      +\"<span class=sf-dump-public title=\"Runtime added dynamic property\">FK_TratProv</span>\": <span class=sf-dump-num>1</span>
      +\"<span class=sf-dump-public title=\"Runtime added dynamic property\">TratDelete</span>\": <span class=sf-dump-num>0</span>
    </samp>}
    <span class=sf-dump-index>7</span> => {<a class=sf-dump-ref>#2583</a><samp data-depth=3 class=sf-dump-compact>
      +\"<span class=sf-dump-public title=\"Runtime added dynamic property\">ID_Trat</span>\": <span class=sf-dump-num>11</span>
      +\"<span class=sf-dump-public title=\"Runtime added dynamic property\">TratName</span>\": \"<span class=sf-dump-str title=\"59 characters\">Estabilizaci&#243;n y tratamiento de lodos y aguas no peligrosas</span>\"
      +\"<span class=sf-dump-public title=\"Runtime added dynamic property\">TratTipo</span>\": <span class=sf-dump-num>0</span>
      +\"<span class=sf-dump-public title=\"Runtime added dynamic property\">created_at</span>\": \"<span class=sf-dump-str title=\"19 characters\">2020-07-30 11:02:13</span>\"
      +\"<span class=sf-dump-public title=\"Runtime added dynamic property\">updated_at</span>\": \"<span class=sf-dump-str title=\"19 characters\">2023-07-19 12:18:46</span>\"
      +\"<span class=sf-dump-public title=\"Runtime added dynamic property\">FK_TratProv</span>\": <span class=sf-dump-num>1519</span>
      +\"<span class=sf-dump-public title=\"Runtime added dynamic property\">TratDelete</span>\": <span class=sf-dump-num>0</span>
    </samp>}
    <span class=sf-dump-index>8</span> => {<a class=sf-dump-ref>#2584</a><samp data-depth=3 class=sf-dump-compact>
      +\"<span class=sf-dump-public title=\"Runtime added dynamic property\">ID_Trat</span>\": <span class=sf-dump-num>12</span>
      +\"<span class=sf-dump-public title=\"Runtime added dynamic property\">TratName</span>\": \"<span class=sf-dump-str title=\"30 characters\">Despiece y disposici&#243;n de RAEE</span>\"
      +\"<span class=sf-dump-public title=\"Runtime added dynamic property\">TratTipo</span>\": <span class=sf-dump-num>0</span>
      +\"<span class=sf-dump-public title=\"Runtime added dynamic property\">created_at</span>\": \"<span class=sf-dump-str title=\"19 characters\">2020-07-31 11:21:20</span>\"
      +\"<span class=sf-dump-public title=\"Runtime added dynamic property\">updated_at</span>\": \"<span class=sf-dump-str title=\"19 characters\">2020-11-10 15:10:31</span>\"
      +\"<span class=sf-dump-public title=\"Runtime added dynamic property\">FK_TratProv</span>\": <span class=sf-dump-num>1</span>
      +\"<span class=sf-dump-public title=\"Runtime added dynamic property\">TratDelete</span>\": <span class=sf-dump-num>0</span>
    </samp>}
    <span class=sf-dump-index>9</span> => {<a class=sf-dump-ref>#2585</a><samp data-depth=3 class=sf-dump-compact>
      +\"<span class=sf-dump-public title=\"Runtime added dynamic property\">ID_Trat</span>\": <span class=sf-dump-num>13</span>
      +\"<span class=sf-dump-public title=\"Runtime added dynamic property\">TratName</span>\": \"<span class=sf-dump-str title=\"41 characters\">Aprovechamiento y valorizaci&#243;n de llantas</span>\"
      +\"<span class=sf-dump-public title=\"Runtime added dynamic property\">TratTipo</span>\": <span class=sf-dump-num>0</span>
      +\"<span class=sf-dump-public title=\"Runtime added dynamic property\">created_at</span>\": \"<span class=sf-dump-str title=\"19 characters\">2020-07-31 18:01:28</span>\"
      +\"<span class=sf-dump-public title=\"Runtime added dynamic property\">updated_at</span>\": \"<span class=sf-dump-str title=\"19 characters\">2020-07-31 18:01:28</span>\"
      +\"<span class=sf-dump-public title=\"Runtime added dynamic property\">FK_TratProv</span>\": <span class=sf-dump-num>1</span>
      +\"<span class=sf-dump-public title=\"Runtime added dynamic property\">TratDelete</span>\": <span class=sf-dump-num>0</span>
    </samp>}
    <span class=sf-dump-index>10</span> => {<a class=sf-dump-ref>#2586</a><samp data-depth=3 class=sf-dump-compact>
      +\"<span class=sf-dump-public title=\"Runtime added dynamic property\">ID_Trat</span>\": <span class=sf-dump-num>14</span>
      +\"<span class=sf-dump-public title=\"Runtime added dynamic property\">TratName</span>\": \"<span class=sf-dump-str title=\"10 characters\">Compostaje</span>\"
      +\"<span class=sf-dump-public title=\"Runtime added dynamic property\">TratTipo</span>\": <span class=sf-dump-num>0</span>
      +\"<span class=sf-dump-public title=\"Runtime added dynamic property\">created_at</span>\": \"<span class=sf-dump-str title=\"19 characters\">2021-01-22 12:06:05</span>\"
      +\"<span class=sf-dump-public title=\"Runtime added dynamic property\">updated_at</span>\": \"<span class=sf-dump-str title=\"19 characters\">2021-01-22 12:06:05</span>\"
      +\"<span class=sf-dump-public title=\"Runtime added dynamic property\">FK_TratProv</span>\": <span class=sf-dump-num>1</span>
      +\"<span class=sf-dump-public title=\"Runtime added dynamic property\">TratDelete</span>\": <span class=sf-dump-num>0</span>
    </samp>}
    <span class=sf-dump-index>11</span> => {<a class=sf-dump-ref>#2587</a><samp data-depth=3 class=sf-dump-compact>
      +\"<span class=sf-dump-public title=\"Runtime added dynamic property\">ID_Trat</span>\": <span class=sf-dump-num>15</span>
      +\"<span class=sf-dump-public title=\"Runtime added dynamic property\">TratName</span>\": \"<span class=sf-dump-str title=\"25 characters\">Disposici&#243;n en escombrera</span>\"
      +\"<span class=sf-dump-public title=\"Runtime added dynamic property\">TratTipo</span>\": <span class=sf-dump-num>0</span>
      +\"<span class=sf-dump-public title=\"Runtime added dynamic property\">created_at</span>\": \"<span class=sf-dump-str title=\"19 characters\">2021-08-10 11:22:48</span>\"
      +\"<span class=sf-dump-public title=\"Runtime added dynamic property\">updated_at</span>\": \"<span class=sf-dump-str title=\"19 characters\">2021-08-10 11:22:48</span>\"
      +\"<span class=sf-dump-public title=\"Runtime added dynamic property\">FK_TratProv</span>\": <span class=sf-dump-num>1</span>
      +\"<span class=sf-dump-public title=\"Runtime added dynamic property\">TratDelete</span>\": <span class=sf-dump-num>0</span>
    </samp>}
    <span class=sf-dump-index>12</span> => {<a class=sf-dump-ref>#2588</a><samp data-depth=3 class=sf-dump-compact>
      +\"<span class=sf-dump-public title=\"Runtime added dynamic property\">ID_Trat</span>\": <span class=sf-dump-num>16</span>
      +\"<span class=sf-dump-public title=\"Runtime added dynamic property\">TratName</span>\": \"<span class=sf-dump-str title=\"53 characters\">Aprovechamiento y/o recuperaci&#243;n de bater&#237;as de plomo</span>\"
      +\"<span class=sf-dump-public title=\"Runtime added dynamic property\">TratTipo</span>\": <span class=sf-dump-num>0</span>
      +\"<span class=sf-dump-public title=\"Runtime added dynamic property\">created_at</span>\": \"<span class=sf-dump-str title=\"19 characters\">2021-11-03 17:55:14</span>\"
      +\"<span class=sf-dump-public title=\"Runtime added dynamic property\">updated_at</span>\": \"<span class=sf-dump-str title=\"19 characters\">2021-11-03 17:58:17</span>\"
      +\"<span class=sf-dump-public title=\"Runtime added dynamic property\">FK_TratProv</span>\": <span class=sf-dump-num>1</span>
      +\"<span class=sf-dump-public title=\"Runtime added dynamic property\">TratDelete</span>\": <span class=sf-dump-num>0</span>
    </samp>}
    <span class=sf-dump-index>13</span> => {<a class=sf-dump-ref>#2589</a><samp data-depth=3 class=sf-dump-compact>
      +\"<span class=sf-dump-public title=\"Runtime added dynamic property\">ID_Trat</span>\": <span class=sf-dump-num>17</span>
      +\"<span class=sf-dump-public title=\"Runtime added dynamic property\">TratName</span>\": \"<span class=sf-dump-str title=\"31 characters\">Biol&#243;gico de l&#225;minas filtrantes</span>\"
      +\"<span class=sf-dump-public title=\"Runtime added dynamic property\">TratTipo</span>\": <span class=sf-dump-num>0</span>
      +\"<span class=sf-dump-public title=\"Runtime added dynamic property\">created_at</span>\": \"<span class=sf-dump-str title=\"19 characters\">2022-02-22 14:44:15</span>\"
      +\"<span class=sf-dump-public title=\"Runtime added dynamic property\">updated_at</span>\": \"<span class=sf-dump-str title=\"19 characters\">2022-02-22 14:44:15</span>\"
      +\"<span class=sf-dump-public title=\"Runtime added dynamic property\">FK_TratProv</span>\": <span class=sf-dump-num>1</span>
      +\"<span class=sf-dump-public title=\"Runtime added dynamic property\">TratDelete</span>\": <span class=sf-dump-num>0</span>
    </samp>}
    <span class=sf-dump-index>14</span> => {<a class=sf-dump-ref>#2590</a><samp data-depth=3 class=sf-dump-compact>
      +\"<span class=sf-dump-public title=\"Runtime added dynamic property\">ID_Trat</span>\": <span class=sf-dump-num>19</span>
      +\"<span class=sf-dump-public title=\"Runtime added dynamic property\">TratName</span>\": \"<span class=sf-dump-str title=\"25 characters\">Estabilizaci&#243;n de taludes</span>\"
      +\"<span class=sf-dump-public title=\"Runtime added dynamic property\">TratTipo</span>\": <span class=sf-dump-num>0</span>
      +\"<span class=sf-dump-public title=\"Runtime added dynamic property\">created_at</span>\": \"<span class=sf-dump-str title=\"19 characters\">2022-05-11 18:49:25</span>\"
      +\"<span class=sf-dump-public title=\"Runtime added dynamic property\">updated_at</span>\": \"<span class=sf-dump-str title=\"19 characters\">2023-07-19 11:23:35</span>\"
      +\"<span class=sf-dump-public title=\"Runtime added dynamic property\">FK_TratProv</span>\": <span class=sf-dump-num>16</span>
      +\"<span class=sf-dump-public title=\"Runtime added dynamic property\">TratDelete</span>\": <span class=sf-dump-num>0</span>
    </samp>}
  </samp>]
  #<span class=sf-dump-protected title=\"Protected property\">escapeWhenCastingToString</span>: <span class=sf-dump-const>false</span>
</samp>}
</pre><script>Sfdump(\"sf-dump-1388799456\", {\"maxDepth\":3,\"maxStringLength\":160})</script>
"}},"userId":1,"exception":"[object] (Spatie\\LaravelIgnition\\Exceptions\\ViewException(code: 0): Undefined variable $tratam at C:\\laragon\\www\\lprosarc2\\resources\\views\\solicitud-serv\\show.blade.php:1285)
[stacktrace]
#0 C:\\laragon\\www\\lprosarc2\\vendor\\laravel\\framework\\src\\Illuminate\\Filesystem\\Filesystem.php(123): require('C:\\\\laragon\\\\www\\\\...')
#1 C:\\laragon\\www\\lprosarc2\\vendor\\laravel\\framework\\src\\Illuminate\\Filesystem\\Filesystem.php(124): Illuminate\\Filesystem\\Filesystem::Illuminate\\Filesystem\\{closure}()
#2 C:\\laragon\\www\\lprosarc2\\vendor\\laravel\\framework\\src\\Illuminate\\View\\Engines\\PhpEngine.php(58): Illuminate\\Filesystem\\Filesystem->getRequire('C:\\\\laragon\\\\www\\\\...', Array)
#3 C:\\laragon\\www\\lprosarc2\\vendor\\laravel\\framework\\src\\Illuminate\\View\\Engines\\CompilerEngine.php(73): Illuminate\\View\\Engines\\PhpEngine->evaluatePath('C:\\\\laragon\\\\www\\\\...', Array)
#4 C:\\laragon\\www\\lprosarc2\\vendor\\laravel\\framework\\src\\Illuminate\\View\\View.php(208): Illuminate\\View\\Engines\\CompilerEngine->get('C:\\\\laragon\\\\www\\\\...', Array)
#5 C:\\laragon\\www\\lprosarc2\\vendor\\laravel\\framework\\src\\Illuminate\\View\\View.php(191): Illuminate\\View\\View->getContents()
#6 C:\\laragon\\www\\lprosarc2\\vendor\\laravel\\framework\\src\\Illuminate\\View\\View.php(160): Illuminate\\View\\View->renderContents()
#7 C:\\laragon\\www\\lprosarc2\\vendor\\laravel\\framework\\src\\Illuminate\\Http\\Response.php(70): Illuminate\\View\\View->render()
#8 C:\\laragon\\www\\lprosarc2\\vendor\\laravel\\framework\\src\\Illuminate\\Http\\Response.php(35): Illuminate\\Http\\Response->setContent(Object(Illuminate\\View\\View))
#9 C:\\laragon\\www\\lprosarc2\\vendor\\laravel\\framework\\src\\Illuminate\\Routing\\Router.php(920): Illuminate\\Http\\Response->__construct(Object(Illuminate\\View\\View), 200, Array)
#10 C:\\laragon\\www\\lprosarc2\\vendor\\laravel\\framework\\src\\Illuminate\\Routing\\Router.php(887): Illuminate\\Routing\\Router::toResponse(Object(Illuminate\\Http\\Request), Object(Illuminate\\View\\View))
#11 C:\\laragon\\www\\lprosarc2\\vendor\\laravel\\framework\\src\\Illuminate\\Routing\\Router.php(807): Illuminate\\Routing\\Router->prepareResponse(Object(Illuminate\\Http\\Request), Object(Illuminate\\View\\View))
#12 C:\\laragon\\www\\lprosarc2\\vendor\\laravel\\framework\\src\\Illuminate\\Pipeline\\Pipeline.php(144): Illuminate\\Routing\\Router->Illuminate\\Routing\\{closure}(Object(Illuminate\\Http\\Request))
#13 C:\\laragon\\www\\lprosarc2\\vendor\\laravel\\framework\\src\\Illuminate\\Auth\\Middleware\\EnsureEmailIsVerified.php(41): Illuminate\\Pipeline\\Pipeline->Illuminate\\Pipeline\\{closure}(Object(Illuminate\\Http\\Request))
#14 C:\\laragon\\www\\lprosarc2\\vendor\\laravel\\framework\\src\\Illuminate\\Pipeline\\Pipeline.php(183): Illuminate\\Auth\\Middleware\\EnsureEmailIsVerified->handle(Object(Illuminate\\Http\\Request), Object(Closure))
#15 C:\\laragon\\www\\lprosarc2\\vendor\\laravel\\framework\\src\\Illuminate\\Routing\\Middleware\\SubstituteBindings.php(51): Illuminate\\Pipeline\\Pipeline->Illuminate\\Pipeline\\{closure}(Object(Illuminate\\Http\\Request))
#16 C:\\laragon\\www\\lprosarc2\\vendor\\laravel\\framework\\src\\Illuminate\\Pipeline\\Pipeline.php(183): Illuminate\\Routing\\Middleware\\SubstituteBindings->handle(Object(Illuminate\\Http\\Request), Object(Closure))
#17 C:\\laragon\\www\\lprosarc2\\vendor\\laravel\\framework\\src\\Illuminate\\Auth\\Middleware\\Authenticate.php(64): Illuminate\\Pipeline\\Pipeline->Illuminate\\Pipeline\\{closure}(Object(Illuminate\\Http\\Request))
#18 C:\\laragon\\www\\lprosarc2\\vendor\\laravel\\framework\\src\\Illuminate\\Pipeline\\Pipeline.php(183): Illuminate\\Auth\\Middleware\\Authenticate->handle(Object(Illuminate\\Http\\Request), Object(Closure))
#19 C:\\laragon\\www\\lprosarc2\\vendor\\laravel\\framework\\src\\Illuminate\\Foundation\\Http\\Middleware\\VerifyCsrfToken.php(88): Illuminate\\Pipeline\\Pipeline->Illuminate\\Pipeline\\{closure}(Object(Illuminate\\Http\\Request))
#20 C:\\laragon\\www\\lprosarc2\\vendor\\laravel\\framework\\src\\Illuminate\\Pipeline\\Pipeline.php(183): Illuminate\\Foundation\\Http\\Middleware\\VerifyCsrfToken->handle(Object(Illuminate\\Http\\Request), Object(Closure))
#21 C:\\laragon\\www\\lprosarc2\\vendor\\laravel\\framework\\src\\Illuminate\\View\\Middleware\\ShareErrorsFromSession.php(49): Illuminate\\Pipeline\\Pipeline->Illuminate\\Pipeline\\{closure}(Object(Illuminate\\Http\\Request))
#22 C:\\laragon\\www\\lprosarc2\\vendor\\laravel\\framework\\src\\Illuminate\\Pipeline\\Pipeline.php(183): Illuminate\\View\\Middleware\\ShareErrorsFromSession->handle(Object(Illuminate\\Http\\Request), Object(Closure))
#23 C:\\laragon\\www\\lprosarc2\\vendor\\laravel\\framework\\src\\Illuminate\\Session\\Middleware\\StartSession.php(121): Illuminate\\Pipeline\\Pipeline->Illuminate\\Pipeline\\{closure}(Object(Illuminate\\Http\\Request))
#24 C:\\laragon\\www\\lprosarc2\\vendor\\laravel\\framework\\src\\Illuminate\\Session\\Middleware\\StartSession.php(64): Illuminate\\Session\\Middleware\\StartSession->handleStatefulRequest(Object(Illuminate\\Http\\Request), Object(Illuminate\\Session\\Store), Object(Closure))
#25 C:\\laragon\\www\\lprosarc2\\vendor\\laravel\\framework\\src\\Illuminate\\Pipeline\\Pipeline.php(183): Illuminate\\Session\\Middleware\\StartSession->handle(Object(Illuminate\\Http\\Request), Object(Closure))
#26 C:\\laragon\\www\\lprosarc2\\vendor\\laravel\\framework\\src\\Illuminate\\Cookie\\Middleware\\AddQueuedCookiesToResponse.php(37): Illuminate\\Pipeline\\Pipeline->Illuminate\\Pipeline\\{closure}(Object(Illuminate\\Http\\Request))
#27 C:\\laragon\\www\\lprosarc2\\vendor\\laravel\\framework\\src\\Illuminate\\Pipeline\\Pipeline.php(183): Illuminate\\Cookie\\Middleware\\AddQueuedCookiesToResponse->handle(Object(Illuminate\\Http\\Request), Object(Closure))
#28 C:\\laragon\\www\\lprosarc2\\vendor\\laravel\\framework\\src\\Illuminate\\Cookie\\Middleware\\EncryptCookies.php(75): Illuminate\\Pipeline\\Pipeline->Illuminate\\Pipeline\\{closure}(Object(Illuminate\\Http\\Request))
#29 C:\\laragon\\www\\lprosarc2\\vendor\\laravel\\framework\\src\\Illuminate\\Pipeline\\Pipeline.php(183): Illuminate\\Cookie\\Middleware\\EncryptCookies->handle(Object(Illuminate\\Http\\Request), Object(Closure))
#30 C:\\laragon\\www\\lprosarc2\\vendor\\laravel\\framework\\src\\Illuminate\\Pipeline\\Pipeline.php(119): Illuminate\\Pipeline\\Pipeline->Illuminate\\Pipeline\\{closure}(Object(Illuminate\\Http\\Request))
#31 C:\\laragon\\www\\lprosarc2\\vendor\\laravel\\framework\\src\\Illuminate\\Routing\\Router.php(807): Illuminate\\Pipeline\\Pipeline->then(Object(Closure))
#32 C:\\laragon\\www\\lprosarc2\\vendor\\laravel\\framework\\src\\Illuminate\\Routing\\Router.php(786): Illuminate\\Routing\\Router->runRouteWithinStack(Object(Illuminate\\Routing\\Route), Object(Illuminate\\Http\\Request))
#33 C:\\laragon\\www\\lprosarc2\\vendor\\laravel\\framework\\src\\Illuminate\\Routing\\Router.php(750): Illuminate\\Routing\\Router->runRoute(Object(Illuminate\\Http\\Request), Object(Illuminate\\Routing\\Route))
#34 C:\\laragon\\www\\lprosarc2\\vendor\\laravel\\framework\\src\\Illuminate\\Routing\\Router.php(739): Illuminate\\Routing\\Router->dispatchToRoute(Object(Illuminate\\Http\\Request))
#35 C:\\laragon\\www\\lprosarc2\\vendor\\laravel\\framework\\src\\Illuminate\\Foundation\\Http\\Kernel.php(201): Illuminate\\Routing\\Router->dispatch(Object(Illuminate\\Http\\Request))
#36 C:\\laragon\\www\\lprosarc2\\vendor\\laravel\\framework\\src\\Illuminate\\Pipeline\\Pipeline.php(144): Illuminate\\Foundation\\Http\\Kernel->Illuminate\\Foundation\\Http\\{closure}(Object(Illuminate\\Http\\Request))
#37 C:\\laragon\\www\\lprosarc2\\vendor\\laravel\\framework\\src\\Illuminate\\Http\\Middleware\\TrustProxies.php(57): Illuminate\\Pipeline\\Pipeline->Illuminate\\Pipeline\\{closure}(Object(Illuminate\\Http\\Request))
#38 C:\\laragon\\www\\lprosarc2\\vendor\\laravel\\framework\\src\\Illuminate\\Pipeline\\Pipeline.php(183): Illuminate\\Http\\Middleware\\TrustProxies->handle(Object(Illuminate\\Http\\Request), Object(Closure))
#39 C:\\laragon\\www\\lprosarc2\\vendor\\laravel\\framework\\src\\Illuminate\\Foundation\\Http\\Middleware\\TransformsRequest.php(21): Illuminate\\Pipeline\\Pipeline->Illuminate\\Pipeline\\{closure}(Object(Illuminate\\Http\\Request))
#40 C:\\laragon\\www\\lprosarc2\\vendor\\laravel\\framework\\src\\Illuminate\\Foundation\\Http\\Middleware\\ConvertEmptyStringsToNull.php(31): Illuminate\\Foundation\\Http\\Middleware\\TransformsRequest->handle(Object(Illuminate\\Http\\Request), Object(Closure))
#41 C:\\laragon\\www\\lprosarc2\\vendor\\laravel\\framework\\src\\Illuminate\\Pipeline\\Pipeline.php(183): Illuminate\\Foundation\\Http\\Middleware\\ConvertEmptyStringsToNull->handle(Object(Illuminate\\Http\\Request), Object(Closure))
#42 C:\\laragon\\www\\lprosarc2\\vendor\\laravel\\framework\\src\\Illuminate\\Foundation\\Http\\Middleware\\TransformsRequest.php(21): Illuminate\\Pipeline\\Pipeline->Illuminate\\Pipeline\\{closure}(Object(Illuminate\\Http\\Request))
#43 C:\\laragon\\www\\lprosarc2\\vendor\\laravel\\framework\\src\\Illuminate\\Foundation\\Http\\Middleware\\TrimStrings.php(51): Illuminate\\Foundation\\Http\\Middleware\\TransformsRequest->handle(Object(Illuminate\\Http\\Request), Object(Closure))
#44 C:\\laragon\\www\\lprosarc2\\vendor\\laravel\\framework\\src\\Illuminate\\Pipeline\\Pipeline.php(183): Illuminate\\Foundation\\Http\\Middleware\\TrimStrings->handle(Object(Illuminate\\Http\\Request), Object(Closure))
#45 C:\\laragon\\www\\lprosarc2\\vendor\\laravel\\framework\\src\\Illuminate\\Http\\Middleware\\ValidatePostSize.php(27): Illuminate\\Pipeline\\Pipeline->Illuminate\\Pipeline\\{closure}(Object(Illuminate\\Http\\Request))
#46 C:\\laragon\\www\\lprosarc2\\vendor\\laravel\\framework\\src\\Illuminate\\Pipeline\\Pipeline.php(183): Illuminate\\Http\\Middleware\\ValidatePostSize->handle(Object(Illuminate\\Http\\Request), Object(Closure))
#47 C:\\laragon\\www\\lprosarc2\\vendor\\laravel\\framework\\src\\Illuminate\\Foundation\\Http\\Middleware\\PreventRequestsDuringMaintenance.php(110): Illuminate\\Pipeline\\Pipeline->Illuminate\\Pipeline\\{closure}(Object(Illuminate\\Http\\Request))
#48 C:\\laragon\\www\\lprosarc2\\vendor\\laravel\\framework\\src\\Illuminate\\Pipeline\\Pipeline.php(183): Illuminate\\Foundation\\Http\\Middleware\\PreventRequestsDuringMaintenance->handle(Object(Illuminate\\Http\\Request), Object(Closure))
#49 C:\\laragon\\www\\lprosarc2\\vendor\\laravel\\framework\\src\\Illuminate\\Pipeline\\Pipeline.php(119): Illuminate\\Pipeline\\Pipeline->Illuminate\\Pipeline\\{closure}(Object(Illuminate\\Http\\Request))
#50 C:\\laragon\\www\\lprosarc2\\vendor\\laravel\\framework\\src\\Illuminate\\Foundation\\Http\\Kernel.php(176): Illuminate\\Pipeline\\Pipeline->then(Object(Closure))
#51 C:\\laragon\\www\\lprosarc2\\vendor\\laravel\\framework\\src\\Illuminate\\Foundation\\Http\\Kernel.php(145): Illuminate\\Foundation\\Http\\Kernel->sendRequestThroughRouter(Object(Illuminate\\Http\\Request))
#52 C:\\laragon\\www\\lprosarc2\\public\\index.php(54): Illuminate\\Foundation\\Http\\Kernel->handle(Object(Illuminate\\Http\\Request))
#53 {main}

[previous exception] [object] (ErrorException(code: 0): Undefined variable $tratam at C:\\laragon\\www\\lprosarc2\\storage\\framework\\views\\fe47585c8504755ec71f3d2b1a839bc1.php:1278)
[stacktrace]
#0 C:\\laragon\\www\\lprosarc2\\vendor\\laravel\\framework\\src\\Illuminate\\Foundation\\Bootstrap\\HandleExceptions.php(256): Illuminate\\Foundation\\Bootstrap\\HandleExceptions->handleError(2, 'Undefined varia...', 'C:\\\\laragon\\\\www\\\\...', 1278)
#1 C:\\laragon\\www\\lprosarc2\\storage\\framework\\views\\fe47585c8504755ec71f3d2b1a839bc1.php(1278): Illuminate\\Foundation\\Bootstrap\\HandleExceptions->Illuminate\\Foundation\\Bootstrap\\{closure}(2, 'Undefined varia...', 'C:\\\\laragon\\\\www\\\\...', 1278)
#2 C:\\laragon\\www\\lprosarc2\\vendor\\laravel\\framework\\src\\Illuminate\\Filesystem\\Filesystem.php(123): require('C:\\\\laragon\\\\www\\\\...')
#3 C:\\laragon\\www\\lprosarc2\\vendor\\laravel\\framework\\src\\Illuminate\\Filesystem\\Filesystem.php(124): Illuminate\\Filesystem\\Filesystem::Illuminate\\Filesystem\\{closure}()
#4 C:\\laragon\\www\\lprosarc2\\vendor\\laravel\\framework\\src\\Illuminate\\View\\Engines\\PhpEngine.php(58): Illuminate\\Filesystem\\Filesystem->getRequire('C:\\\\laragon\\\\www\\\\...', Array)
#5 C:\\laragon\\www\\lprosarc2\\vendor\\laravel\\framework\\src\\Illuminate\\View\\Engines\\CompilerEngine.php(73): Illuminate\\View\\Engines\\PhpEngine->evaluatePath('C:\\\\laragon\\\\www\\\\...', Array)
#6 C:\\laragon\\www\\lprosarc2\\vendor\\laravel\\framework\\src\\Illuminate\\View\\View.php(208): Illuminate\\View\\Engines\\CompilerEngine->get('C:\\\\laragon\\\\www\\\\...', Array)
#7 C:\\laragon\\www\\lprosarc2\\vendor\\laravel\\framework\\src\\Illuminate\\View\\View.php(191): Illuminate\\View\\View->getContents()
#8 C:\\laragon\\www\\lprosarc2\\vendor\\laravel\\framework\\src\\Illuminate\\View\\View.php(160): Illuminate\\View\\View->renderContents()
#9 C:\\laragon\\www\\lprosarc2\\vendor\\laravel\\framework\\src\\Illuminate\\Http\\Response.php(70): Illuminate\\View\\View->render()
#10 C:\\laragon\\www\\lprosarc2\\vendor\\laravel\\framework\\src\\Illuminate\\Http\\Response.php(35): Illuminate\\Http\\Response->setContent(Object(Illuminate\\View\\View))
#11 C:\\laragon\\www\\lprosarc2\\vendor\\laravel\\framework\\src\\Illuminate\\Routing\\Router.php(920): Illuminate\\Http\\Response->__construct(Object(Illuminate\\View\\View), 200, Array)
#12 C:\\laragon\\www\\lprosarc2\\vendor\\laravel\\framework\\src\\Illuminate\\Routing\\Router.php(887): Illuminate\\Routing\\Router::toResponse(Object(Illuminate\\Http\\Request), Object(Illuminate\\View\\View))
#13 C:\\laragon\\www\\lprosarc2\\vendor\\laravel\\framework\\src\\Illuminate\\Routing\\Router.php(807): Illuminate\\Routing\\Router->prepareResponse(Object(Illuminate\\Http\\Request), Object(Illuminate\\View\\View))
#14 C:\\laragon\\www\\lprosarc2\\vendor\\laravel\\framework\\src\\Illuminate\\Pipeline\\Pipeline.php(144): Illuminate\\Routing\\Router->Illuminate\\Routing\\{closure}(Object(Illuminate\\Http\\Request))
#15 C:\\laragon\\www\\lprosarc2\\vendor\\laravel\\framework\\src\\Illuminate\\Auth\\Middleware\\EnsureEmailIsVerified.php(41): Illuminate\\Pipeline\\Pipeline->Illuminate\\Pipeline\\{closure}(Object(Illuminate\\Http\\Request))
#16 C:\\laragon\\www\\lprosarc2\\vendor\\laravel\\framework\\src\\Illuminate\\Pipeline\\Pipeline.php(183): Illuminate\\Auth\\Middleware\\EnsureEmailIsVerified->handle(Object(Illuminate\\Http\\Request), Object(Closure))
#17 C:\\laragon\\www\\lprosarc2\\vendor\\laravel\\framework\\src\\Illuminate\\Routing\\Middleware\\SubstituteBindings.php(51): Illuminate\\Pipeline\\Pipeline->Illuminate\\Pipeline\\{closure}(Object(Illuminate\\Http\\Request))
#18 C:\\laragon\\www\\lprosarc2\\vendor\\laravel\\framework\\src\\Illuminate\\Pipeline\\Pipeline.php(183): Illuminate\\Routing\\Middleware\\SubstituteBindings->handle(Object(Illuminate\\Http\\Request), Object(Closure))
#19 C:\\laragon\\www\\lprosarc2\\vendor\\laravel\\framework\\src\\Illuminate\\Auth\\Middleware\\Authenticate.php(64): Illuminate\\Pipeline\\Pipeline->Illuminate\\Pipeline\\{closure}(Object(Illuminate\\Http\\Request))
#20 C:\\laragon\\www\\lprosarc2\\vendor\\laravel\\framework\\src\\Illuminate\\Pipeline\\Pipeline.php(183): Illuminate\\Auth\\Middleware\\Authenticate->handle(Object(Illuminate\\Http\\Request), Object(Closure))
#21 C:\\laragon\\www\\lprosarc2\\vendor\\laravel\\framework\\src\\Illuminate\\Foundation\\Http\\Middleware\\VerifyCsrfToken.php(88): Illuminate\\Pipeline\\Pipeline->Illuminate\\Pipeline\\{closure}(Object(Illuminate\\Http\\Request))
#22 C:\\laragon\\www\\lprosarc2\\vendor\\laravel\\framework\\src\\Illuminate\\Pipeline\\Pipeline.php(183): Illuminate\\Foundation\\Http\\Middleware\\VerifyCsrfToken->handle(Object(Illuminate\\Http\\Request), Object(Closure))
#23 C:\\laragon\\www\\lprosarc2\\vendor\\laravel\\framework\\src\\Illuminate\\View\\Middleware\\ShareErrorsFromSession.php(49): Illuminate\\Pipeline\\Pipeline->Illuminate\\Pipeline\\{closure}(Object(Illuminate\\Http\\Request))
#24 C:\\laragon\\www\\lprosarc2\\vendor\\laravel\\framework\\src\\Illuminate\\Pipeline\\Pipeline.php(183): Illuminate\\View\\Middleware\\ShareErrorsFromSession->handle(Object(Illuminate\\Http\\Request), Object(Closure))
#25 C:\\laragon\\www\\lprosarc2\\vendor\\laravel\\framework\\src\\Illuminate\\Session\\Middleware\\StartSession.php(121): Illuminate\\Pipeline\\Pipeline->Illuminate\\Pipeline\\{closure}(Object(Illuminate\\Http\\Request))
#26 C:\\laragon\\www\\lprosarc2\\vendor\\laravel\\framework\\src\\Illuminate\\Session\\Middleware\\StartSession.php(64): Illuminate\\Session\\Middleware\\StartSession->handleStatefulRequest(Object(Illuminate\\Http\\Request), Object(Illuminate\\Session\\Store), Object(Closure))
#27 C:\\laragon\\www\\lprosarc2\\vendor\\laravel\\framework\\src\\Illuminate\\Pipeline\\Pipeline.php(183): Illuminate\\Session\\Middleware\\StartSession->handle(Object(Illuminate\\Http\\Request), Object(Closure))
#28 C:\\laragon\\www\\lprosarc2\\vendor\\laravel\\framework\\src\\Illuminate\\Cookie\\Middleware\\AddQueuedCookiesToResponse.php(37): Illuminate\\Pipeline\\Pipeline->Illuminate\\Pipeline\\{closure}(Object(Illuminate\\Http\\Request))
#29 C:\\laragon\\www\\lprosarc2\\vendor\\laravel\\framework\\src\\Illuminate\\Pipeline\\Pipeline.php(183): Illuminate\\Cookie\\Middleware\\AddQueuedCookiesToResponse->handle(Object(Illuminate\\Http\\Request), Object(Closure))
#30 C:\\laragon\\www\\lprosarc2\\vendor\\laravel\\framework\\src\\Illuminate\\Cookie\\Middleware\\EncryptCookies.php(75): Illuminate\\Pipeline\\Pipeline->Illuminate\\Pipeline\\{closure}(Object(Illuminate\\Http\\Request))
#31 C:\\laragon\\www\\lprosarc2\\vendor\\laravel\\framework\\src\\Illuminate\\Pipeline\\Pipeline.php(183): Illuminate\\Cookie\\Middleware\\EncryptCookies->handle(Object(Illuminate\\Http\\Request), Object(Closure))
#32 C:\\laragon\\www\\lprosarc2\\vendor\\laravel\\framework\\src\\Illuminate\\Pipeline\\Pipeline.php(119): Illuminate\\Pipeline\\Pipeline->Illuminate\\Pipeline\\{closure}(Object(Illuminate\\Http\\Request))
#33 C:\\laragon\\www\\lprosarc2\\vendor\\laravel\\framework\\src\\Illuminate\\Routing\\Router.php(807): Illuminate\\Pipeline\\Pipeline->then(Object(Closure))
#34 C:\\laragon\\www\\lprosarc2\\vendor\\laravel\\framework\\src\\Illuminate\\Routing\\Router.php(786): Illuminate\\Routing\\Router->runRouteWithinStack(Object(Illuminate\\Routing\\Route), Object(Illuminate\\Http\\Request))
#35 C:\\laragon\\www\\lprosarc2\\vendor\\laravel\\framework\\src\\Illuminate\\Routing\\Router.php(750): Illuminate\\Routing\\Router->runRoute(Object(Illuminate\\Http\\Request), Object(Illuminate\\Routing\\Route))
#36 C:\\laragon\\www\\lprosarc2\\vendor\\laravel\\framework\\src\\Illuminate\\Routing\\Router.php(739): Illuminate\\Routing\\Router->dispatchToRoute(Object(Illuminate\\Http\\Request))
#37 C:\\laragon\\www\\lprosarc2\\vendor\\laravel\\framework\\src\\Illuminate\\Foundation\\Http\\Kernel.php(201): Illuminate\\Routing\\Router->dispatch(Object(Illuminate\\Http\\Request))
#38 C:\\laragon\\www\\lprosarc2\\vendor\\laravel\\framework\\src\\Illuminate\\Pipeline\\Pipeline.php(144): Illuminate\\Foundation\\Http\\Kernel->Illuminate\\Foundation\\Http\\{closure}(Object(Illuminate\\Http\\Request))
#39 C:\\laragon\\www\\lprosarc2\\vendor\\laravel\\framework\\src\\Illuminate\\Http\\Middleware\\TrustProxies.php(57): Illuminate\\Pipeline\\Pipeline->Illuminate\\Pipeline\\{closure}(Object(Illuminate\\Http\\Request))
#40 C:\\laragon\\www\\lprosarc2\\vendor\\laravel\\framework\\src\\Illuminate\\Pipeline\\Pipeline.php(183): Illuminate\\Http\\Middleware\\TrustProxies->handle(Object(Illuminate\\Http\\Request), Object(Closure))
#41 C:\\laragon\\www\\lprosarc2\\vendor\\laravel\\framework\\src\\Illuminate\\Foundation\\Http\\Middleware\\TransformsRequest.php(21): Illuminate\\Pipeline\\Pipeline->Illuminate\\Pipeline\\{closure}(Object(Illuminate\\Http\\Request))
#42 C:\\laragon\\www\\lprosarc2\\vendor\\laravel\\framework\\src\\Illuminate\\Foundation\\Http\\Middleware\\ConvertEmptyStringsToNull.php(31): Illuminate\\Foundation\\Http\\Middleware\\TransformsRequest->handle(Object(Illuminate\\Http\\Request), Object(Closure))
#43 C:\\laragon\\www\\lprosarc2\\vendor\\laravel\\framework\\src\\Illuminate\\Pipeline\\Pipeline.php(183): Illuminate\\Foundation\\Http\\Middleware\\ConvertEmptyStringsToNull->handle(Object(Illuminate\\Http\\Request), Object(Closure))
#44 C:\\laragon\\www\\lprosarc2\\vendor\\laravel\\framework\\src\\Illuminate\\Foundation\\Http\\Middleware\\TransformsRequest.php(21): Illuminate\\Pipeline\\Pipeline->Illuminate\\Pipeline\\{closure}(Object(Illuminate\\Http\\Request))
#45 C:\\laragon\\www\\lprosarc2\\vendor\\laravel\\framework\\src\\Illuminate\\Foundation\\Http\\Middleware\\TrimStrings.php(51): Illuminate\\Foundation\\Http\\Middleware\\TransformsRequest->handle(Object(Illuminate\\Http\\Request), Object(Closure))
#46 C:\\laragon\\www\\lprosarc2\\vendor\\laravel\\framework\\src\\Illuminate\\Pipeline\\Pipeline.php(183): Illuminate\\Foundation\\Http\\Middleware\\TrimStrings->handle(Object(Illuminate\\Http\\Request), Object(Closure))
#47 C:\\laragon\\www\\lprosarc2\\vendor\\laravel\\framework\\src\\Illuminate\\Http\\Middleware\\ValidatePostSize.php(27): Illuminate\\Pipeline\\Pipeline->Illuminate\\Pipeline\\{closure}(Object(Illuminate\\Http\\Request))
#48 C:\\laragon\\www\\lprosarc2\\vendor\\laravel\\framework\\src\\Illuminate\\Pipeline\\Pipeline.php(183): Illuminate\\Http\\Middleware\\ValidatePostSize->handle(Object(Illuminate\\Http\\Request), Object(Closure))
#49 C:\\laragon\\www\\lprosarc2\\vendor\\laravel\\framework\\src\\Illuminate\\Foundation\\Http\\Middleware\\PreventRequestsDuringMaintenance.php(110): Illuminate\\Pipeline\\Pipeline->Illuminate\\Pipeline\\{closure}(Object(Illuminate\\Http\\Request))
#50 C:\\laragon\\www\\lprosarc2\\vendor\\laravel\\framework\\src\\Illuminate\\Pipeline\\Pipeline.php(183): Illuminate\\Foundation\\Http\\Middleware\\PreventRequestsDuringMaintenance->handle(Object(Illuminate\\Http\\Request), Object(Closure))
#51 C:\\laragon\\www\\lprosarc2\\vendor\\laravel\\framework\\src\\Illuminate\\Pipeline\\Pipeline.php(119): Illuminate\\Pipeline\\Pipeline->Illuminate\\Pipeline\\{closure}(Object(Illuminate\\Http\\Request))
#52 C:\\laragon\\www\\lprosarc2\\vendor\\laravel\\framework\\src\\Illuminate\\Foundation\\Http\\Kernel.php(176): Illuminate\\Pipeline\\Pipeline->then(Object(Closure))
#53 C:\\laragon\\www\\lprosarc2\\vendor\\laravel\\framework\\src\\Illuminate\\Foundation\\Http\\Kernel.php(145): Illuminate\\Foundation\\Http\\Kernel->sendRequestThroughRouter(Object(Illuminate\\Http\\Request))
#54 C:\\laragon\\www\\lprosarc2\\public\\index.php(54): Illuminate\\Foundation\\Http\\Kernel->handle(Object(Illuminate\\Http\\Request))
#55 {main}
"} 
