[2025-05-22 10:00:06] local.ERROR: Missing required parameter for [Route: vehicle-programacion.edit] [URI: vehicle-programacion/{vehicle_programacion}/edit] [Missing parameter: vehicle_programacion]. {"userId":1,"exception":"[object] (Illuminate\\Routing\\Exceptions\\UrlGenerationException(code: 0): Missing required parameter for [Route: vehicle-programacion.edit] [URI: vehicle-programacion/{vehicle_programacion}/edit] [Missing parameter: vehicle_programacion]. at C:\\laragon\\www\\lprosarc2\\vendor\\laravel\\framework\\src\\Illuminate\\Routing\\Exceptions\\UrlGenerationException.php:35)
[stacktrace]
#0 C:\\laragon\\www\\lprosarc2\\vendor\\laravel\\framework\\src\\Illuminate\\Routing\\RouteUrlGenerator.php(90): Illuminate\\Routing\\Exceptions\\UrlGenerationException::forMissingParameters(Object(Illuminate\\Routing\\Route), Array)
#1 C:\\laragon\\www\\lprosarc2\\vendor\\laravel\\framework\\src\\Illuminate\\Routing\\UrlGenerator.php(539): Illuminate\\Routing\\RouteUrlGenerator->to(Object(Illuminate\\Routing\\Route), Array, true)
#2 C:\\laragon\\www\\lprosarc2\\vendor\\laravel\\framework\\src\\Illuminate\\Routing\\UrlGenerator.php(504): Illuminate\\Routing\\UrlGenerator->toRoute(Object(Illuminate\\Routing\\Route), Array, true)
#3 C:\\laragon\\www\\lprosarc2\\vendor\\laravel\\framework\\src\\Illuminate\\Routing\\Redirector.php(154): Illuminate\\Routing\\UrlGenerator->route('vehicle-program...', Array)
#4 C:\\laragon\\www\\lprosarc2\\app\\Http\\Controllers\\VehicProgController.php(1051): Illuminate\\Routing\\Redirector->route('vehicle-program...', Array)
#5 C:\\laragon\\www\\lprosarc2\\vendor\\laravel\\framework\\src\\Illuminate\\Routing\\Controller.php(54): App\\Http\\Controllers\\VehicProgController->update(Object(Illuminate\\Http\\Request), '10998')
#6 C:\\laragon\\www\\lprosarc2\\vendor\\laravel\\framework\\src\\Illuminate\\Routing\\ControllerDispatcher.php(43): Illuminate\\Routing\\Controller->callAction('update', Array)
#7 C:\\laragon\\www\\lprosarc2\\vendor\\laravel\\framework\\src\\Illuminate\\Routing\\Route.php(260): Illuminate\\Routing\\ControllerDispatcher->dispatch(Object(Illuminate\\Routing\\Route), Object(App\\Http\\Controllers\\VehicProgController), 'update')
#8 C:\\laragon\\www\\lprosarc2\\vendor\\laravel\\framework\\src\\Illuminate\\Routing\\Route.php(206): Illuminate\\Routing\\Route->runController()
#9 C:\\laragon\\www\\lprosarc2\\vendor\\laravel\\framework\\src\\Illuminate\\Routing\\Router.php(808): Illuminate\\Routing\\Route->run()
#10 C:\\laragon\\www\\lprosarc2\\vendor\\laravel\\framework\\src\\Illuminate\\Pipeline\\Pipeline.php(144): Illuminate\\Routing\\Router->Illuminate\\Routing\\{closure}(Object(Illuminate\\Http\\Request))
#11 C:\\laragon\\www\\lprosarc2\\vendor\\laravel\\framework\\src\\Illuminate\\Auth\\Middleware\\EnsureEmailIsVerified.php(41): Illuminate\\Pipeline\\Pipeline->Illuminate\\Pipeline\\{closure}(Object(Illuminate\\Http\\Request))
#12 C:\\laragon\\www\\lprosarc2\\vendor\\laravel\\framework\\src\\Illuminate\\Pipeline\\Pipeline.php(183): Illuminate\\Auth\\Middleware\\EnsureEmailIsVerified->handle(Object(Illuminate\\Http\\Request), Object(Closure))
#13 C:\\laragon\\www\\lprosarc2\\vendor\\laravel\\framework\\src\\Illuminate\\Routing\\Middleware\\SubstituteBindings.php(51): Illuminate\\Pipeline\\Pipeline->Illuminate\\Pipeline\\{closure}(Object(Illuminate\\Http\\Request))
#14 C:\\laragon\\www\\lprosarc2\\vendor\\laravel\\framework\\src\\Illuminate\\Pipeline\\Pipeline.php(183): Illuminate\\Routing\\Middleware\\SubstituteBindings->handle(Object(Illuminate\\Http\\Request), Object(Closure))
#15 C:\\laragon\\www\\lprosarc2\\vendor\\laravel\\framework\\src\\Illuminate\\Auth\\Middleware\\Authenticate.php(64): Illuminate\\Pipeline\\Pipeline->Illuminate\\Pipeline\\{closure}(Object(Illuminate\\Http\\Request))
#16 C:\\laragon\\www\\lprosarc2\\vendor\\laravel\\framework\\src\\Illuminate\\Pipeline\\Pipeline.php(183): Illuminate\\Auth\\Middleware\\Authenticate->handle(Object(Illuminate\\Http\\Request), Object(Closure))
#17 C:\\laragon\\www\\lprosarc2\\vendor\\laravel\\framework\\src\\Illuminate\\Foundation\\Http\\Middleware\\VerifyCsrfToken.php(88): Illuminate\\Pipeline\\Pipeline->Illuminate\\Pipeline\\{closure}(Object(Illuminate\\Http\\Request))
#18 C:\\laragon\\www\\lprosarc2\\vendor\\laravel\\framework\\src\\Illuminate\\Pipeline\\Pipeline.php(183): Illuminate\\Foundation\\Http\\Middleware\\VerifyCsrfToken->handle(Object(Illuminate\\Http\\Request), Object(Closure))
#19 C:\\laragon\\www\\lprosarc2\\vendor\\laravel\\framework\\src\\Illuminate\\View\\Middleware\\ShareErrorsFromSession.php(49): Illuminate\\Pipeline\\Pipeline->Illuminate\\Pipeline\\{closure}(Object(Illuminate\\Http\\Request))
#20 C:\\laragon\\www\\lprosarc2\\vendor\\laravel\\framework\\src\\Illuminate\\Pipeline\\Pipeline.php(183): Illuminate\\View\\Middleware\\ShareErrorsFromSession->handle(Object(Illuminate\\Http\\Request), Object(Closure))
#21 C:\\laragon\\www\\lprosarc2\\vendor\\laravel\\framework\\src\\Illuminate\\Session\\Middleware\\StartSession.php(121): Illuminate\\Pipeline\\Pipeline->Illuminate\\Pipeline\\{closure}(Object(Illuminate\\Http\\Request))
#22 C:\\laragon\\www\\lprosarc2\\vendor\\laravel\\framework\\src\\Illuminate\\Session\\Middleware\\StartSession.php(64): Illuminate\\Session\\Middleware\\StartSession->handleStatefulRequest(Object(Illuminate\\Http\\Request), Object(Illuminate\\Session\\Store), Object(Closure))
#23 C:\\laragon\\www\\lprosarc2\\vendor\\laravel\\framework\\src\\Illuminate\\Pipeline\\Pipeline.php(183): Illuminate\\Session\\Middleware\\StartSession->handle(Object(Illuminate\\Http\\Request), Object(Closure))
#24 C:\\laragon\\www\\lprosarc2\\vendor\\laravel\\framework\\src\\Illuminate\\Cookie\\Middleware\\AddQueuedCookiesToResponse.php(37): Illuminate\\Pipeline\\Pipeline->Illuminate\\Pipeline\\{closure}(Object(Illuminate\\Http\\Request))
#25 C:\\laragon\\www\\lprosarc2\\vendor\\laravel\\framework\\src\\Illuminate\\Pipeline\\Pipeline.php(183): Illuminate\\Cookie\\Middleware\\AddQueuedCookiesToResponse->handle(Object(Illuminate\\Http\\Request), Object(Closure))
#26 C:\\laragon\\www\\lprosarc2\\vendor\\laravel\\framework\\src\\Illuminate\\Cookie\\Middleware\\EncryptCookies.php(75): Illuminate\\Pipeline\\Pipeline->Illuminate\\Pipeline\\{closure}(Object(Illuminate\\Http\\Request))
#27 C:\\laragon\\www\\lprosarc2\\vendor\\laravel\\framework\\src\\Illuminate\\Pipeline\\Pipeline.php(183): Illuminate\\Cookie\\Middleware\\EncryptCookies->handle(Object(Illuminate\\Http\\Request), Object(Closure))
#28 C:\\laragon\\www\\lprosarc2\\vendor\\laravel\\framework\\src\\Illuminate\\Pipeline\\Pipeline.php(119): Illuminate\\Pipeline\\Pipeline->Illuminate\\Pipeline\\{closure}(Object(Illuminate\\Http\\Request))
#29 C:\\laragon\\www\\lprosarc2\\vendor\\laravel\\framework\\src\\Illuminate\\Routing\\Router.php(807): Illuminate\\Pipeline\\Pipeline->then(Object(Closure))
#30 C:\\laragon\\www\\lprosarc2\\vendor\\laravel\\framework\\src\\Illuminate\\Routing\\Router.php(786): Illuminate\\Routing\\Router->runRouteWithinStack(Object(Illuminate\\Routing\\Route), Object(Illuminate\\Http\\Request))
#31 C:\\laragon\\www\\lprosarc2\\vendor\\laravel\\framework\\src\\Illuminate\\Routing\\Router.php(750): Illuminate\\Routing\\Router->runRoute(Object(Illuminate\\Http\\Request), Object(Illuminate\\Routing\\Route))
#32 C:\\laragon\\www\\lprosarc2\\vendor\\laravel\\framework\\src\\Illuminate\\Routing\\Router.php(739): Illuminate\\Routing\\Router->dispatchToRoute(Object(Illuminate\\Http\\Request))
#33 C:\\laragon\\www\\lprosarc2\\vendor\\laravel\\framework\\src\\Illuminate\\Foundation\\Http\\Kernel.php(201): Illuminate\\Routing\\Router->dispatch(Object(Illuminate\\Http\\Request))
#34 C:\\laragon\\www\\lprosarc2\\vendor\\laravel\\framework\\src\\Illuminate\\Pipeline\\Pipeline.php(144): Illuminate\\Foundation\\Http\\Kernel->Illuminate\\Foundation\\Http\\{closure}(Object(Illuminate\\Http\\Request))
#35 C:\\laragon\\www\\lprosarc2\\vendor\\laravel\\framework\\src\\Illuminate\\Http\\Middleware\\TrustProxies.php(57): Illuminate\\Pipeline\\Pipeline->Illuminate\\Pipeline\\{closure}(Object(Illuminate\\Http\\Request))
#36 C:\\laragon\\www\\lprosarc2\\vendor\\laravel\\framework\\src\\Illuminate\\Pipeline\\Pipeline.php(183): Illuminate\\Http\\Middleware\\TrustProxies->handle(Object(Illuminate\\Http\\Request), Object(Closure))
#37 C:\\laragon\\www\\lprosarc2\\vendor\\laravel\\framework\\src\\Illuminate\\Foundation\\Http\\Middleware\\TransformsRequest.php(21): Illuminate\\Pipeline\\Pipeline->Illuminate\\Pipeline\\{closure}(Object(Illuminate\\Http\\Request))
#38 C:\\laragon\\www\\lprosarc2\\vendor\\laravel\\framework\\src\\Illuminate\\Foundation\\Http\\Middleware\\ConvertEmptyStringsToNull.php(31): Illuminate\\Foundation\\Http\\Middleware\\TransformsRequest->handle(Object(Illuminate\\Http\\Request), Object(Closure))
#39 C:\\laragon\\www\\lprosarc2\\vendor\\laravel\\framework\\src\\Illuminate\\Pipeline\\Pipeline.php(183): Illuminate\\Foundation\\Http\\Middleware\\ConvertEmptyStringsToNull->handle(Object(Illuminate\\Http\\Request), Object(Closure))
#40 C:\\laragon\\www\\lprosarc2\\vendor\\laravel\\framework\\src\\Illuminate\\Foundation\\Http\\Middleware\\TransformsRequest.php(21): Illuminate\\Pipeline\\Pipeline->Illuminate\\Pipeline\\{closure}(Object(Illuminate\\Http\\Request))
#41 C:\\laragon\\www\\lprosarc2\\vendor\\laravel\\framework\\src\\Illuminate\\Foundation\\Http\\Middleware\\TrimStrings.php(51): Illuminate\\Foundation\\Http\\Middleware\\TransformsRequest->handle(Object(Illuminate\\Http\\Request), Object(Closure))
#42 C:\\laragon\\www\\lprosarc2\\vendor\\laravel\\framework\\src\\Illuminate\\Pipeline\\Pipeline.php(183): Illuminate\\Foundation\\Http\\Middleware\\TrimStrings->handle(Object(Illuminate\\Http\\Request), Object(Closure))
#43 C:\\laragon\\www\\lprosarc2\\vendor\\laravel\\framework\\src\\Illuminate\\Http\\Middleware\\ValidatePostSize.php(27): Illuminate\\Pipeline\\Pipeline->Illuminate\\Pipeline\\{closure}(Object(Illuminate\\Http\\Request))
#44 C:\\laragon\\www\\lprosarc2\\vendor\\laravel\\framework\\src\\Illuminate\\Pipeline\\Pipeline.php(183): Illuminate\\Http\\Middleware\\ValidatePostSize->handle(Object(Illuminate\\Http\\Request), Object(Closure))
#45 C:\\laragon\\www\\lprosarc2\\vendor\\laravel\\framework\\src\\Illuminate\\Foundation\\Http\\Middleware\\PreventRequestsDuringMaintenance.php(110): Illuminate\\Pipeline\\Pipeline->Illuminate\\Pipeline\\{closure}(Object(Illuminate\\Http\\Request))
#46 C:\\laragon\\www\\lprosarc2\\vendor\\laravel\\framework\\src\\Illuminate\\Pipeline\\Pipeline.php(183): Illuminate\\Foundation\\Http\\Middleware\\PreventRequestsDuringMaintenance->handle(Object(Illuminate\\Http\\Request), Object(Closure))
#47 C:\\laragon\\www\\lprosarc2\\vendor\\laravel\\framework\\src\\Illuminate\\Pipeline\\Pipeline.php(119): Illuminate\\Pipeline\\Pipeline->Illuminate\\Pipeline\\{closure}(Object(Illuminate\\Http\\Request))
#48 C:\\laragon\\www\\lprosarc2\\vendor\\laravel\\framework\\src\\Illuminate\\Foundation\\Http\\Kernel.php(176): Illuminate\\Pipeline\\Pipeline->then(Object(Closure))
#49 C:\\laragon\\www\\lprosarc2\\vendor\\laravel\\framework\\src\\Illuminate\\Foundation\\Http\\Kernel.php(145): Illuminate\\Foundation\\Http\\Kernel->sendRequestThroughRouter(Object(Illuminate\\Http\\Request))
#50 C:\\laragon\\www\\lprosarc2\\public\\index.php(54): Illuminate\\Foundation\\Http\\Kernel->handle(Object(Illuminate\\Http\\Request))
#51 {main}
"} 
[2025-05-22 10:01:55] local.ERROR: syntax error, unexpected token ")" {"view":{"view":"C:\\laragon\\www\\lprosarc2\\resources\\views\\solicitud-serv\\show.blade.php","data":{"errors":"<pre class=sf-dump id=sf-dump-6733800 data-indent-pad=\"  \"><span class=sf-dump-note>Illuminate\\Support\\ViewErrorBag</span> {<a class=sf-dump-ref>#2196</a><samp data-depth=1 class=sf-dump-expanded>
  #<span class=sf-dump-protected title=\"Protected property\">bags</span>: []
</samp>}
</pre><script>Sfdump(\"sf-dump-6733800\", {\"maxDepth\":3,\"maxStringLength\":160})</script>
","SolicitudServicio":"<pre class=sf-dump id=sf-dump-52528370 data-indent-pad=\"  \">{<a class=sf-dump-ref>#2212</a><samp data-depth=1 class=sf-dump-expanded>
  +\"<span class=sf-dump-public title=\"Runtime added dynamic property\">ID_SolSer</span>\": <span class=sf-dump-num>46346</span>
  +\"<span class=sf-dump-public title=\"Runtime added dynamic property\">SolSerStatus</span>\": \"<span class=sf-dump-str title=\"10 characters\">Programado</span>\"
  +\"<span class=sf-dump-public title=\"Runtime added dynamic property\">SolSerTipo</span>\": \"<span class=sf-dump-str title=\"7 characters\">Interno</span>\"
  +\"<span class=sf-dump-public title=\"Runtime added dynamic property\">SolSerAuditable</span>\": <span class=sf-dump-num>1</span>
  +\"<span class=sf-dump-public title=\"Runtime added dynamic property\">SolSerConductor</span>\": <span class=sf-dump-const>null</span>
  +\"<span class=sf-dump-public title=\"Runtime added dynamic property\">SolSerVehiculo</span>\": <span class=sf-dump-const>null</span>
  +\"<span class=sf-dump-public title=\"Runtime added dynamic property\">SolSerFecha</span>\": <span class=sf-dump-const>null</span>
  +\"<span class=sf-dump-public title=\"Runtime added dynamic property\">SolSerSlug</span>\": \"<span class=sf-dump-str title=\"64 characters\">4929953382870b8ec89a49c8365517270b3db77a1b62c675ca8a3a977b75527f</span>\"
  +\"<span class=sf-dump-public title=\"Runtime added dynamic property\">created_at</span>\": \"<span class=sf-dump-str title=\"19 characters\">2022-10-05 17:51:06</span>\"
  +\"<span class=sf-dump-public title=\"Runtime added dynamic property\">updated_at</span>\": \"<span class=sf-dump-str title=\"19 characters\">2025-05-22 10:00:06</span>\"
  +\"<span class=sf-dump-public title=\"Runtime added dynamic property\">SolSerDelete</span>\": <span class=sf-dump-num>0</span>
  +\"<span class=sf-dump-public title=\"Runtime added dynamic property\">SolResAuditoriaTipo</span>\": \"<span class=sf-dump-str title=\"7 characters\">Virtual</span>\"
  +\"<span class=sf-dump-public title=\"Runtime added dynamic property\">SolSerNameTrans</span>\": \"<span class=sf-dump-str title=\"61 characters\">PROTECCI&#211;N SERVICIOS AMBIENTALES RESPEL DE COLOMBIA S.A. ESP.</span>\"
  +\"<span class=sf-dump-public title=\"Runtime added dynamic property\">SolSerNitTrans</span>\": \"<span class=sf-dump-str title=\"13 characters\">900.079.188-0</span>\"
  +\"<span class=sf-dump-public title=\"Runtime added dynamic property\">SolSerAdressTrans</span>\": \"<span class=sf-dump-str title=\"39 characters\">KM 6 V&#205;A LA MESA SUB ESTACI&#211;N BALSILLAS</span>\"
  +\"<span class=sf-dump-public title=\"Runtime added dynamic property\">SolSerCityTrans</span>\": <span class=sf-dump-num>584</span>
  +\"<span class=sf-dump-public title=\"Runtime added dynamic property\">SolSerTypeCollect</span>\": \"<span class=sf-dump-str title=\"2 characters\">98</span>\"
  +\"<span class=sf-dump-public title=\"Runtime added dynamic property\">SolSerCollectAddress</span>\": \"<span class=sf-dump-str title=\"3 characters\">358</span>\"
  +\"<span class=sf-dump-public title=\"Runtime added dynamic property\">FK_SolSerCollectMun</span>\": <span class=sf-dump-const>null</span>
  +\"<span class=sf-dump-public title=\"Runtime added dynamic property\">SolSerBascula</span>\": <span class=sf-dump-num>0</span>
  +\"<span class=sf-dump-public title=\"Runtime added dynamic property\">SolSerCapacitacion</span>\": <span class=sf-dump-num>0</span>
  +\"<span class=sf-dump-public title=\"Runtime added dynamic property\">SolSerMasPerson</span>\": <span class=sf-dump-num>0</span>
  +\"<span class=sf-dump-public title=\"Runtime added dynamic property\">SolSerVehicExclusive</span>\": <span class=sf-dump-num>0</span>
  +\"<span class=sf-dump-public title=\"Runtime added dynamic property\">SolSerPlatform</span>\": <span class=sf-dump-num>0</span>
  +\"<span class=sf-dump-public title=\"Runtime added dynamic property\">SolSerDevolucion</span>\": <span class=sf-dump-const>null</span>
  +\"<span class=sf-dump-public title=\"Runtime added dynamic property\">SolSerDevolucionTipo</span>\": <span class=sf-dump-const>null</span>
  +\"<span class=sf-dump-public title=\"Runtime added dynamic property\">FK_SolSerPersona</span>\": <span class=sf-dump-num>645</span>
  +\"<span class=sf-dump-public title=\"Runtime added dynamic property\">FK_SolSerCliente</span>\": <span class=sf-dump-num>215</span>
  +\"<span class=sf-dump-public title=\"Runtime added dynamic property\">SolSerDescript</span>\": \"<span class=sf-dump-str title=\"58 characters\">Favor programar para el viernes 14 de Octubre de 8am a 5PM</span>\"
  +\"<span class=sf-dump-public title=\"Runtime added dynamic property\">SolSerSupport</span>\": <span class=sf-dump-const>null</span>
  +\"<span class=sf-dump-public title=\"Runtime added dynamic property\">SolServCertStatus</span>\": <span class=sf-dump-num>0</span>
  +\"<span class=sf-dump-public title=\"Runtime added dynamic property\">SolServMailCopia</span>\": \"<span class=sf-dump-str title=\"27 characters\">[&quot;andres.lopez@mtd.net.co&quot;]</span>\"
  +\"<span class=sf-dump-public title=\"Runtime added dynamic property\">SolSerRMs</span>\": <span class=sf-dump-note>array:4</span> [<samp data-depth=2 class=sf-dump-compact>
    <span class=sf-dump-index>0</span> => <span class=sf-dump-const>null</span>
    <span class=sf-dump-index>1</span> => <span class=sf-dump-const>null</span>
    <span class=sf-dump-index>2</span> => <span class=sf-dump-const>null</span>
    <span class=sf-dump-index>3</span> => <span class=sf-dump-const>null</span>
  </samp>]
  +\"<span class=sf-dump-public title=\"Runtime added dynamic property\">SolSerTranspPrecio</span>\": \"<span class=sf-dump-str title=\"4 characters\">0.00</span>\"
  +\"<span class=sf-dump-public title=\"Runtime added dynamic property\">FK_ReciboSolserv</span>\": <span class=sf-dump-const>null</span>
  +\"<span class=sf-dump-public title=\"Runtime added dynamic property\">SolNumeroFactura</span>\": <span class=sf-dump-const>null</span>
  +\"<span class=sf-dump-public title=\"Runtime added dynamic property\">PersFirstName</span>\": \"<span class=sf-dump-str title=\"6 characters\">ANDRES</span>\"
  +\"<span class=sf-dump-public title=\"Runtime added dynamic property\">PersLastName</span>\": \"<span class=sf-dump-str title=\"10 characters\">LOPEZ VELA</span>\"
  +\"<span class=sf-dump-public title=\"Runtime added dynamic property\">PersEmail</span>\": \"<span class=sf-dump-str title=\"23 characters\">andres.lopez@mtd.net.co</span>\"
  +\"<span class=sf-dump-public title=\"Runtime added dynamic property\">Repetible</span>\": <span class=sf-dump-num>0</span>
  +\"<span class=sf-dump-public title=\"Runtime added dynamic property\">recepcion</span>\": \"<span class=sf-dump-str title=\"19 characters\">2025-05-22 09:42:00</span>\"
</samp>}
</pre><script>Sfdump(\"sf-dump-52528370\", {\"maxDepth\":3,\"maxStringLength\":160})</script>
","Residuos":"<pre class=sf-dump id=sf-dump-1213945815 data-indent-pad=\"  \"><span class=sf-dump-note>Illuminate\\Support\\Collection</span> {<a class=sf-dump-ref>#2259</a><samp data-depth=1 class=sf-dump-expanded>
  #<span class=sf-dump-protected title=\"Protected property\">items</span>: <span class=sf-dump-note>array:3</span> [<samp data-depth=2 class=sf-dump-compact>
    <span class=sf-dump-index>0</span> => {<a class=sf-dump-ref>#2262</a><samp data-depth=3 class=sf-dump-compact>
      +\"<span class=sf-dump-public title=\"Runtime added dynamic property\">ID_SolRes</span>\": <span class=sf-dump-num>41594</span>
      +\"<span class=sf-dump-public title=\"Runtime added dynamic property\">SolResKgEnviado</span>\": \"<span class=sf-dump-str title=\"5 characters\">30.00</span>\"
      +\"<span class=sf-dump-public title=\"Runtime added dynamic property\">SolResKgRecibido</span>\": \"<span class=sf-dump-str title=\"4 characters\">0.00</span>\"
      +\"<span class=sf-dump-public title=\"Runtime added dynamic property\">SolResKgConciliado</span>\": \"<span class=sf-dump-str title=\"4 characters\">0.00</span>\"
      +\"<span class=sf-dump-public title=\"Runtime added dynamic property\">SolResKgTratado</span>\": \"<span class=sf-dump-str title=\"4 characters\">0.00</span>\"
      +\"<span class=sf-dump-public title=\"Runtime added dynamic property\">created_at</span>\": \"<span class=sf-dump-str title=\"19 characters\">2021-01-12 18:29:41</span>\"
      +\"<span class=sf-dump-public title=\"Runtime added dynamic property\">updated_at</span>\": \"<span class=sf-dump-str title=\"19 characters\">2021-01-12 18:41:18</span>\"
      +\"<span class=sf-dump-public title=\"Runtime added dynamic property\">SolResDelete</span>\": <span class=sf-dump-num>0</span>
      +\"<span class=sf-dump-public title=\"Runtime added dynamic property\">SolResSlug</span>\": \"<span class=sf-dump-str title=\"64 characters\">8c13283e7aedb170f76a328948959e525799dd6009becfd9849a406db7dad71c</span>\"
      +\"<span class=sf-dump-public title=\"Runtime added dynamic property\">FK_SolResSolSer</span>\": <span class=sf-dump-num>46346</span>
      +\"<span class=sf-dump-public title=\"Runtime added dynamic property\">SolResTypeUnidad</span>\": <span class=sf-dump-const>null</span>
      +\"<span class=sf-dump-public title=\"Runtime added dynamic property\">SolResCantiUnidad</span>\": <span class=sf-dump-const>null</span>
      +\"<span class=sf-dump-public title=\"Runtime added dynamic property\">SolResEmbalaje</span>\": \"<span class=sf-dump-str title=\"12 characters\">Sacos/Bolsas</span>\"
      +\"<span class=sf-dump-public title=\"Runtime added dynamic property\">SolResAlto</span>\": \"<span class=sf-dump-str title=\"4 characters\">0.80</span>\"
      +\"<span class=sf-dump-public title=\"Runtime added dynamic property\">SolResAncho</span>\": \"<span class=sf-dump-str title=\"4 characters\">0.60</span>\"
      +\"<span class=sf-dump-public title=\"Runtime added dynamic property\">SolResProfundo</span>\": \"<span class=sf-dump-str title=\"4 characters\">0.60</span>\"
      +\"<span class=sf-dump-public title=\"Runtime added dynamic property\">SolResFotoDescargue_Pesaje</span>\": <span class=sf-dump-num>0</span>
      +\"<span class=sf-dump-public title=\"Runtime added dynamic property\">SolResFotoTratamiento</span>\": <span class=sf-dump-num>0</span>
      +\"<span class=sf-dump-public title=\"Runtime added dynamic property\">SolResVideoDescargue_Pesaje</span>\": <span class=sf-dump-num>0</span>
      +\"<span class=sf-dump-public title=\"Runtime added dynamic property\">SolResVideoTratamiento</span>\": <span class=sf-dump-num>0</span>
      +\"<span class=sf-dump-public title=\"Runtime added dynamic property\">FK_SolResRg</span>\": <span class=sf-dump-num>1843</span>
      +\"<span class=sf-dump-public title=\"Runtime added dynamic property\">SolResCantiUnidadRecibida</span>\": <span class=sf-dump-const>null</span>
      +\"<span class=sf-dump-public title=\"Runtime added dynamic property\">SolResCantiUnidadConciliada</span>\": <span class=sf-dump-const>null</span>
      +\"<span class=sf-dump-public title=\"Runtime added dynamic property\">SolResCantiUnidadTratada</span>\": <span class=sf-dump-const>null</span>
      +\"<span class=sf-dump-public title=\"Runtime added dynamic property\">SolResDevolucion</span>\": <span class=sf-dump-num>0</span>
      +\"<span class=sf-dump-public title=\"Runtime added dynamic property\">SolResDevolCantidad</span>\": \"<span class=sf-dump-str>0</span>\"
      +\"<span class=sf-dump-public title=\"Runtime added dynamic property\">SolResAuditoria</span>\": <span class=sf-dump-num>0</span>
      +\"<span class=sf-dump-public title=\"Runtime added dynamic property\">SolResAuditoriaTipo</span>\": \"<span class=sf-dump-str>0</span>\"
      +\"<span class=sf-dump-public title=\"Runtime added dynamic property\">SolResPrecio</span>\": \"<span class=sf-dump-str title=\"4 characters\">0.00</span>\"
      +\"<span class=sf-dump-public title=\"Runtime added dynamic property\">FK_SolResRequerimiento</span>\": <span class=sf-dump-num>62131</span>
      +\"<span class=sf-dump-public title=\"Runtime added dynamic property\">SolResRM</span>\": <span class=sf-dump-const>null</span>
      +\"<span class=sf-dump-public title=\"Runtime added dynamic property\">auto_SolResFotoDescargue_Pesaje</span>\": <span class=sf-dump-num>0</span>
      +\"<span class=sf-dump-public title=\"Runtime added dynamic property\">auto_SolResFotoTratamiento</span>\": <span class=sf-dump-num>0</span>
      +\"<span class=sf-dump-public title=\"Runtime added dynamic property\">auto_SolResVideoDescargue_Pesaje</span>\": <span class=sf-dump-num>0</span>
      +\"<span class=sf-dump-public title=\"Runtime added dynamic property\">auto_SolResVideoTratamiento</span>\": <span class=sf-dump-num>0</span>
      +\"<span class=sf-dump-public title=\"Runtime added dynamic property\">auto_SolResDevolucion</span>\": <span class=sf-dump-num>0</span>
      +\"<span class=sf-dump-public title=\"Runtime added dynamic property\">auto_SolResAuditoria</span>\": <span class=sf-dump-num>0</span>
      +\"<span class=sf-dump-public title=\"Runtime added dynamic property\">SolResTypePrecio</span>\": <span class=sf-dump-num>0</span>
      +\"<span class=sf-dump-public title=\"Runtime added dynamic property\">Jaula</span>\": <span class=sf-dump-const>null</span>
      +\"<span class=sf-dump-public title=\"Runtime added dynamic property\">FechaIngresoJaula</span>\": <span class=sf-dump-const>null</span>
      +\"<span class=sf-dump-public title=\"Runtime added dynamic property\">FK_SGener</span>\": <span class=sf-dump-num>411</span>
      +\"<span class=sf-dump-public title=\"Runtime added dynamic property\">ID_Respel</span>\": <span class=sf-dump-num>1203</span>
      +\"<span class=sf-dump-public title=\"Runtime added dynamic property\">RespelName</span>\": \"<span class=sf-dump-str title=\"22 characters\">RESIDUOS BIOSANITARIOS</span>\"
      +\"<span class=sf-dump-public title=\"Runtime added dynamic property\">RespelDescrip</span>\": \"<span class=sf-dump-str title=\"94 characters\">Residuo generado en los servicios asistenciales (prestaci&#243;n de servicios de salud) de la Sede.</span>\"
      +\"<span class=sf-dump-public title=\"Runtime added dynamic property\">YRespelClasf4741</span>\": \"<span class=sf-dump-str title=\"2 characters\">Y1</span>\"
      +\"<span class=sf-dump-public title=\"Runtime added dynamic property\">ARespelClasf4741</span>\": <span class=sf-dump-const>null</span>
      +\"<span class=sf-dump-public title=\"Runtime added dynamic property\">RespelIgrosidad</span>\": \"<span class=sf-dump-str title=\"21 characters\">Pat&#243;geno - Infeccioso</span>\"
      +\"<span class=sf-dump-public title=\"Runtime added dynamic property\">RespelEstado</span>\": \"<span class=sf-dump-str title=\"6 characters\">S&#243;lido</span>\"
      +\"<span class=sf-dump-public title=\"Runtime added dynamic property\">RespelHojaSeguridad</span>\": \"<span class=sf-dump-str title=\"68 characters\">8415cacd2347ca553dfa0c184e27e4bd3008091209edbe59d99c714c1594dbc3.pdf</span>\"
      +\"<span class=sf-dump-public title=\"Runtime added dynamic property\">RespelTarj</span>\": \"<span class=sf-dump-str title=\"68 characters\">bef55fd350bee11c213917e02b859d6a6be75d156e725ebee01848484de07ab8.pdf</span>\"
      +\"<span class=sf-dump-public title=\"Runtime added dynamic property\">RespelStatus</span>\": \"<span class=sf-dump-str title=\"8 characters\">Aprobado</span>\"
      +\"<span class=sf-dump-public title=\"Runtime added dynamic property\">RespelSlug</span>\": \"<span class=sf-dump-str title=\"64 characters\">811a7f4594222e7dded9e3f10adb9acf981363b185309aa0bdd811de18e1a846</span>\"
      +\"<span class=sf-dump-public title=\"Runtime added dynamic property\">RespelDelete</span>\": <span class=sf-dump-num>0</span>
      +\"<span class=sf-dump-public title=\"Runtime added dynamic property\">FK_RespelCoti</span>\": <span class=sf-dump-num>1195</span>
      +\"<span class=sf-dump-public title=\"Runtime added dynamic property\">RespelFoto</span>\": \"<span class=sf-dump-str title=\"21 characters\">RespelFotoDefault.png</span>\"
      +\"<span class=sf-dump-public title=\"Runtime added dynamic property\">SustanciaControlada</span>\": <span class=sf-dump-num>0</span>
      +\"<span class=sf-dump-public title=\"Runtime added dynamic property\">SustanciaControladaTipo</span>\": <span class=sf-dump-const>null</span>
      +\"<span class=sf-dump-public title=\"Runtime added dynamic property\">SustanciaControladaNombre</span>\": <span class=sf-dump-const>null</span>
      +\"<span class=sf-dump-public title=\"Runtime added dynamic property\">SustanciaControladaDocumento</span>\": <span class=sf-dump-const>null</span>
      +\"<span class=sf-dump-public title=\"Runtime added dynamic property\">RespelDeclaracion</span>\": <span class=sf-dump-num>1</span>
      +\"<span class=sf-dump-public title=\"Runtime added dynamic property\">AceiteUsado</span>\": <span class=sf-dump-num>0</span>
      +\"<span class=sf-dump-public title=\"Runtime added dynamic property\">RespelStatusDescription</span>\": \"<span class=sf-dump-str title=\"11 characters\">Aprobado DP</span>\"
      +\"<span class=sf-dump-public title=\"Runtime added dynamic property\">RespelPublic</span>\": <span class=sf-dump-num>0</span>
      +\"<span class=sf-dump-public title=\"Runtime added dynamic property\">FK_SubCategoryRP</span>\": <span class=sf-dump-const>null</span>
      +\"<span class=sf-dump-public title=\"Runtime added dynamic property\">ID_Req</span>\": <span class=sf-dump-num>62131</span>
      +\"<span class=sf-dump-public title=\"Runtime added dynamic property\">TratName</span>\": \"<span class=sf-dump-str title=\"16 characters\">TermoDestrucci&#243;n</span>\"
      +\"<span class=sf-dump-public title=\"Runtime added dynamic property\">ID_Trat</span>\": <span class=sf-dump-num>1</span>
      +\"<span class=sf-dump-public title=\"Runtime added dynamic property\">CliShortName</span>\": \"<span class=sf-dump-str title=\"17 characters\">Prosarc S.A. ESP.</span>\"
      +\"<span class=sf-dump-public title=\"Runtime added dynamic property\">pretratamientosSelected</span>\": <span class=sf-dump-note title=\"Illuminate\\Database\\Eloquent\\Collection
\"><span class=\"sf-dump-ellipsis sf-dump-ellipsis-note\">Illuminate\\Database\\Eloquent</span><span class=\"sf-dump-ellipsis sf-dump-ellipsis-note\">\\</span>Collection</span> {<a class=sf-dump-ref>#2273</a> &#8230;2}
      +\"<span class=sf-dump-public title=\"Runtime added dynamic property\">tarifa</span>\": <span class=sf-dump-note title=\"App\\Tarifa
\"><span class=\"sf-dump-ellipsis sf-dump-ellipsis-note\">App</span><span class=\"sf-dump-ellipsis sf-dump-ellipsis-note\">\\</span>Tarifa</span> {<a class=sf-dump-ref>#2287</a> &#8230;30}
      +\"<span class=sf-dump-public title=\"Runtime added dynamic property\">ctarifa</span>\": <span class=sf-dump-const>null</span>
      +\"<span class=sf-dump-public title=\"Runtime added dynamic property\">SolResRM2</span>\": <span class=sf-dump-const>null</span>
    </samp>}
    <span class=sf-dump-index>1</span> => {<a class=sf-dump-ref>#2265</a><samp data-depth=3 class=sf-dump-compact>
      +\"<span class=sf-dump-public title=\"Runtime added dynamic property\">ID_SolRes</span>\": <span class=sf-dump-num>41595</span>
      +\"<span class=sf-dump-public title=\"Runtime added dynamic property\">SolResKgEnviado</span>\": \"<span class=sf-dump-str title=\"4 characters\">5.00</span>\"
      +\"<span class=sf-dump-public title=\"Runtime added dynamic property\">SolResKgRecibido</span>\": \"<span class=sf-dump-str title=\"4 characters\">0.00</span>\"
      +\"<span class=sf-dump-public title=\"Runtime added dynamic property\">SolResKgConciliado</span>\": \"<span class=sf-dump-str title=\"4 characters\">0.00</span>\"
      +\"<span class=sf-dump-public title=\"Runtime added dynamic property\">SolResKgTratado</span>\": \"<span class=sf-dump-str title=\"4 characters\">0.00</span>\"
      +\"<span class=sf-dump-public title=\"Runtime added dynamic property\">created_at</span>\": \"<span class=sf-dump-str title=\"19 characters\">2021-01-12 18:31:03</span>\"
      +\"<span class=sf-dump-public title=\"Runtime added dynamic property\">updated_at</span>\": \"<span class=sf-dump-str title=\"19 characters\">2021-01-12 18:46:29</span>\"
      +\"<span class=sf-dump-public title=\"Runtime added dynamic property\">SolResDelete</span>\": <span class=sf-dump-num>0</span>
      +\"<span class=sf-dump-public title=\"Runtime added dynamic property\">SolResSlug</span>\": \"<span class=sf-dump-str title=\"64 characters\">3091e7bb1de3c3eb669442ddcb7cc9f1f1180a14d1f1e903dbef42e614ec1181</span>\"
      +\"<span class=sf-dump-public title=\"Runtime added dynamic property\">FK_SolResSolSer</span>\": <span class=sf-dump-num>46346</span>
      +\"<span class=sf-dump-public title=\"Runtime added dynamic property\">SolResTypeUnidad</span>\": <span class=sf-dump-const>null</span>
      +\"<span class=sf-dump-public title=\"Runtime added dynamic property\">SolResCantiUnidad</span>\": <span class=sf-dump-const>null</span>
      +\"<span class=sf-dump-public title=\"Runtime added dynamic property\">SolResEmbalaje</span>\": \"<span class=sf-dump-str title=\"16 characters\">Bidones Peque&#241;os</span>\"
      +\"<span class=sf-dump-public title=\"Runtime added dynamic property\">SolResAlto</span>\": \"<span class=sf-dump-str title=\"4 characters\">0.20</span>\"
      +\"<span class=sf-dump-public title=\"Runtime added dynamic property\">SolResAncho</span>\": \"<span class=sf-dump-str title=\"4 characters\">0.20</span>\"
      +\"<span class=sf-dump-public title=\"Runtime added dynamic property\">SolResProfundo</span>\": \"<span class=sf-dump-str title=\"4 characters\">0.20</span>\"
      +\"<span class=sf-dump-public title=\"Runtime added dynamic property\">SolResFotoDescargue_Pesaje</span>\": <span class=sf-dump-num>0</span>
      +\"<span class=sf-dump-public title=\"Runtime added dynamic property\">SolResFotoTratamiento</span>\": <span class=sf-dump-num>0</span>
      +\"<span class=sf-dump-public title=\"Runtime added dynamic property\">SolResVideoDescargue_Pesaje</span>\": <span class=sf-dump-num>0</span>
      +\"<span class=sf-dump-public title=\"Runtime added dynamic property\">SolResVideoTratamiento</span>\": <span class=sf-dump-num>0</span>
      +\"<span class=sf-dump-public title=\"Runtime added dynamic property\">FK_SolResRg</span>\": <span class=sf-dump-num>1842</span>
      +\"<span class=sf-dump-public title=\"Runtime added dynamic property\">SolResCantiUnidadRecibida</span>\": <span class=sf-dump-const>null</span>
      +\"<span class=sf-dump-public title=\"Runtime added dynamic property\">SolResCantiUnidadConciliada</span>\": <span class=sf-dump-const>null</span>
      +\"<span class=sf-dump-public title=\"Runtime added dynamic property\">SolResCantiUnidadTratada</span>\": <span class=sf-dump-const>null</span>
      +\"<span class=sf-dump-public title=\"Runtime added dynamic property\">SolResDevolucion</span>\": <span class=sf-dump-num>0</span>
      +\"<span class=sf-dump-public title=\"Runtime added dynamic property\">SolResDevolCantidad</span>\": \"<span class=sf-dump-str>0</span>\"
      +\"<span class=sf-dump-public title=\"Runtime added dynamic property\">SolResAuditoria</span>\": <span class=sf-dump-num>0</span>
      +\"<span class=sf-dump-public title=\"Runtime added dynamic property\">SolResAuditoriaTipo</span>\": \"<span class=sf-dump-str>0</span>\"
      +\"<span class=sf-dump-public title=\"Runtime added dynamic property\">SolResPrecio</span>\": \"<span class=sf-dump-str title=\"4 characters\">0.00</span>\"
      +\"<span class=sf-dump-public title=\"Runtime added dynamic property\">FK_SolResRequerimiento</span>\": <span class=sf-dump-num>62132</span>
      +\"<span class=sf-dump-public title=\"Runtime added dynamic property\">SolResRM</span>\": <span class=sf-dump-const>null</span>
      +\"<span class=sf-dump-public title=\"Runtime added dynamic property\">auto_SolResFotoDescargue_Pesaje</span>\": <span class=sf-dump-num>0</span>
      +\"<span class=sf-dump-public title=\"Runtime added dynamic property\">auto_SolResFotoTratamiento</span>\": <span class=sf-dump-num>0</span>
      +\"<span class=sf-dump-public title=\"Runtime added dynamic property\">auto_SolResVideoDescargue_Pesaje</span>\": <span class=sf-dump-num>0</span>
      +\"<span class=sf-dump-public title=\"Runtime added dynamic property\">auto_SolResVideoTratamiento</span>\": <span class=sf-dump-num>0</span>
      +\"<span class=sf-dump-public title=\"Runtime added dynamic property\">auto_SolResDevolucion</span>\": <span class=sf-dump-num>0</span>
      +\"<span class=sf-dump-public title=\"Runtime added dynamic property\">auto_SolResAuditoria</span>\": <span class=sf-dump-num>0</span>
      +\"<span class=sf-dump-public title=\"Runtime added dynamic property\">SolResTypePrecio</span>\": <span class=sf-dump-num>0</span>
      +\"<span class=sf-dump-public title=\"Runtime added dynamic property\">Jaula</span>\": <span class=sf-dump-const>null</span>
      +\"<span class=sf-dump-public title=\"Runtime added dynamic property\">FechaIngresoJaula</span>\": <span class=sf-dump-const>null</span>
      +\"<span class=sf-dump-public title=\"Runtime added dynamic property\">FK_SGener</span>\": <span class=sf-dump-num>411</span>
      +\"<span class=sf-dump-public title=\"Runtime added dynamic property\">ID_Respel</span>\": <span class=sf-dump-num>1204</span>
      +\"<span class=sf-dump-public title=\"Runtime added dynamic property\">RespelName</span>\": \"<span class=sf-dump-str title=\"23 characters\">RESIDUOS CORTOPUNZANTES</span>\"
      +\"<span class=sf-dump-public title=\"Runtime added dynamic property\">RespelDescrip</span>\": \"<span class=sf-dump-str title=\"94 characters\">Residuo generado en los servicios asistenciales (prestaci&#243;n de servicios de salud) de la Sede.</span>\"
      +\"<span class=sf-dump-public title=\"Runtime added dynamic property\">YRespelClasf4741</span>\": \"<span class=sf-dump-str title=\"2 characters\">Y1</span>\"
      +\"<span class=sf-dump-public title=\"Runtime added dynamic property\">ARespelClasf4741</span>\": <span class=sf-dump-const>null</span>
      +\"<span class=sf-dump-public title=\"Runtime added dynamic property\">RespelIgrosidad</span>\": \"<span class=sf-dump-str title=\"21 characters\">Pat&#243;geno - Infeccioso</span>\"
      +\"<span class=sf-dump-public title=\"Runtime added dynamic property\">RespelEstado</span>\": \"<span class=sf-dump-str title=\"6 characters\">S&#243;lido</span>\"
      +\"<span class=sf-dump-public title=\"Runtime added dynamic property\">RespelHojaSeguridad</span>\": \"<span class=sf-dump-str title=\"68 characters\">7867a28592c4a51e8b81bb3a739f61467e4c691cd480ad61d8a34ce3bf189fcf.pdf</span>\"
      +\"<span class=sf-dump-public title=\"Runtime added dynamic property\">RespelTarj</span>\": \"<span class=sf-dump-str title=\"68 characters\">5345d5a1ec00135c2524919998377341830f32e938f7017cbfced910970db51c.pdf</span>\"
      +\"<span class=sf-dump-public title=\"Runtime added dynamic property\">RespelStatus</span>\": \"<span class=sf-dump-str title=\"8 characters\">Aprobado</span>\"
      +\"<span class=sf-dump-public title=\"Runtime added dynamic property\">RespelSlug</span>\": \"<span class=sf-dump-str title=\"64 characters\">818d1f935f7ede70de08ac2a061894252ad6e3e019e54d30cc61cdadd4df0732</span>\"
      +\"<span class=sf-dump-public title=\"Runtime added dynamic property\">RespelDelete</span>\": <span class=sf-dump-num>0</span>
      +\"<span class=sf-dump-public title=\"Runtime added dynamic property\">FK_RespelCoti</span>\": <span class=sf-dump-num>1196</span>
      +\"<span class=sf-dump-public title=\"Runtime added dynamic property\">RespelFoto</span>\": \"<span class=sf-dump-str title=\"21 characters\">RespelFotoDefault.png</span>\"
      +\"<span class=sf-dump-public title=\"Runtime added dynamic property\">SustanciaControlada</span>\": <span class=sf-dump-num>0</span>
      +\"<span class=sf-dump-public title=\"Runtime added dynamic property\">SustanciaControladaTipo</span>\": <span class=sf-dump-const>null</span>
      +\"<span class=sf-dump-public title=\"Runtime added dynamic property\">SustanciaControladaNombre</span>\": <span class=sf-dump-const>null</span>
      +\"<span class=sf-dump-public title=\"Runtime added dynamic property\">SustanciaControladaDocumento</span>\": <span class=sf-dump-const>null</span>
      +\"<span class=sf-dump-public title=\"Runtime added dynamic property\">RespelDeclaracion</span>\": <span class=sf-dump-num>1</span>
      +\"<span class=sf-dump-public title=\"Runtime added dynamic property\">AceiteUsado</span>\": <span class=sf-dump-num>0</span>
      +\"<span class=sf-dump-public title=\"Runtime added dynamic property\">RespelStatusDescription</span>\": \"<span class=sf-dump-str title=\"11 characters\">Aprobado DP</span>\"
      +\"<span class=sf-dump-public title=\"Runtime added dynamic property\">RespelPublic</span>\": <span class=sf-dump-num>0</span>
      +\"<span class=sf-dump-public title=\"Runtime added dynamic property\">FK_SubCategoryRP</span>\": <span class=sf-dump-const>null</span>
      +\"<span class=sf-dump-public title=\"Runtime added dynamic property\">ID_Req</span>\": <span class=sf-dump-num>62132</span>
      +\"<span class=sf-dump-public title=\"Runtime added dynamic property\">TratName</span>\": \"<span class=sf-dump-str title=\"16 characters\">TermoDestrucci&#243;n</span>\"
      +\"<span class=sf-dump-public title=\"Runtime added dynamic property\">ID_Trat</span>\": <span class=sf-dump-num>1</span>
      +\"<span class=sf-dump-public title=\"Runtime added dynamic property\">CliShortName</span>\": \"<span class=sf-dump-str title=\"17 characters\">Prosarc S.A. ESP.</span>\"
      +\"<span class=sf-dump-public title=\"Runtime added dynamic property\">pretratamientosSelected</span>\": <span class=sf-dump-note title=\"Illuminate\\Database\\Eloquent\\Collection
\"><span class=\"sf-dump-ellipsis sf-dump-ellipsis-note\">Illuminate\\Database\\Eloquent</span><span class=\"sf-dump-ellipsis sf-dump-ellipsis-note\">\\</span>Collection</span> {<a class=sf-dump-ref>#2304</a> &#8230;2}
      +\"<span class=sf-dump-public title=\"Runtime added dynamic property\">tarifa</span>\": <span class=sf-dump-note title=\"App\\Tarifa
\"><span class=\"sf-dump-ellipsis sf-dump-ellipsis-note\">App</span><span class=\"sf-dump-ellipsis sf-dump-ellipsis-note\">\\</span>Tarifa</span> {<a class=sf-dump-ref>#2318</a> &#8230;30}
      +\"<span class=sf-dump-public title=\"Runtime added dynamic property\">ctarifa</span>\": <span class=sf-dump-const>null</span>
      +\"<span class=sf-dump-public title=\"Runtime added dynamic property\">SolResRM2</span>\": <span class=sf-dump-const>null</span>
    </samp>}
    <span class=sf-dump-index>2</span> => {<a class=sf-dump-ref>#2263</a><samp data-depth=3 class=sf-dump-compact>
      +\"<span class=sf-dump-public title=\"Runtime added dynamic property\">ID_SolRes</span>\": <span class=sf-dump-num>41596</span>
      +\"<span class=sf-dump-public title=\"Runtime added dynamic property\">SolResKgEnviado</span>\": \"<span class=sf-dump-str title=\"4 characters\">5.00</span>\"
      +\"<span class=sf-dump-public title=\"Runtime added dynamic property\">SolResKgRecibido</span>\": \"<span class=sf-dump-str title=\"4 characters\">0.00</span>\"
      +\"<span class=sf-dump-public title=\"Runtime added dynamic property\">SolResKgConciliado</span>\": \"<span class=sf-dump-str title=\"4 characters\">0.00</span>\"
      +\"<span class=sf-dump-public title=\"Runtime added dynamic property\">SolResKgTratado</span>\": \"<span class=sf-dump-str title=\"4 characters\">0.00</span>\"
      +\"<span class=sf-dump-public title=\"Runtime added dynamic property\">created_at</span>\": \"<span class=sf-dump-str title=\"19 characters\">2022-02-15 01:39:33</span>\"
      +\"<span class=sf-dump-public title=\"Runtime added dynamic property\">updated_at</span>\": \"<span class=sf-dump-str title=\"19 characters\">2022-02-18 20:49:23</span>\"
      +\"<span class=sf-dump-public title=\"Runtime added dynamic property\">SolResDelete</span>\": <span class=sf-dump-num>0</span>
      +\"<span class=sf-dump-public title=\"Runtime added dynamic property\">SolResSlug</span>\": \"<span class=sf-dump-str title=\"64 characters\">4e24bac67a138d9753ea64a7592b51030c852a96c7c49b4425a00c8f0b5a8d85</span>\"
      +\"<span class=sf-dump-public title=\"Runtime added dynamic property\">FK_SolResSolSer</span>\": <span class=sf-dump-num>46346</span>
      +\"<span class=sf-dump-public title=\"Runtime added dynamic property\">SolResTypeUnidad</span>\": <span class=sf-dump-const>null</span>
      +\"<span class=sf-dump-public title=\"Runtime added dynamic property\">SolResCantiUnidad</span>\": <span class=sf-dump-const>null</span>
      +\"<span class=sf-dump-public title=\"Runtime added dynamic property\">SolResEmbalaje</span>\": \"<span class=sf-dump-str title=\"16 characters\">Bidones Peque&#241;os</span>\"
      +\"<span class=sf-dump-public title=\"Runtime added dynamic property\">SolResAlto</span>\": \"<span class=sf-dump-str title=\"4 characters\">0.20</span>\"
      +\"<span class=sf-dump-public title=\"Runtime added dynamic property\">SolResAncho</span>\": \"<span class=sf-dump-str title=\"4 characters\">0.20</span>\"
      +\"<span class=sf-dump-public title=\"Runtime added dynamic property\">SolResProfundo</span>\": \"<span class=sf-dump-str title=\"4 characters\">0.20</span>\"
      +\"<span class=sf-dump-public title=\"Runtime added dynamic property\">SolResFotoDescargue_Pesaje</span>\": <span class=sf-dump-num>0</span>
      +\"<span class=sf-dump-public title=\"Runtime added dynamic property\">SolResFotoTratamiento</span>\": <span class=sf-dump-num>0</span>
      +\"<span class=sf-dump-public title=\"Runtime added dynamic property\">SolResVideoDescargue_Pesaje</span>\": <span class=sf-dump-num>0</span>
      +\"<span class=sf-dump-public title=\"Runtime added dynamic property\">SolResVideoTratamiento</span>\": <span class=sf-dump-num>0</span>
      +\"<span class=sf-dump-public title=\"Runtime added dynamic property\">FK_SolResRg</span>\": <span class=sf-dump-num>11971</span>
      +\"<span class=sf-dump-public title=\"Runtime added dynamic property\">SolResCantiUnidadRecibida</span>\": <span class=sf-dump-const>null</span>
      +\"<span class=sf-dump-public title=\"Runtime added dynamic property\">SolResCantiUnidadConciliada</span>\": <span class=sf-dump-const>null</span>
      +\"<span class=sf-dump-public title=\"Runtime added dynamic property\">SolResCantiUnidadTratada</span>\": <span class=sf-dump-const>null</span>
      +\"<span class=sf-dump-public title=\"Runtime added dynamic property\">SolResDevolucion</span>\": <span class=sf-dump-num>0</span>
      +\"<span class=sf-dump-public title=\"Runtime added dynamic property\">SolResDevolCantidad</span>\": \"<span class=sf-dump-str>0</span>\"
      +\"<span class=sf-dump-public title=\"Runtime added dynamic property\">SolResAuditoria</span>\": <span class=sf-dump-num>0</span>
      +\"<span class=sf-dump-public title=\"Runtime added dynamic property\">SolResAuditoriaTipo</span>\": \"<span class=sf-dump-str>0</span>\"
      +\"<span class=sf-dump-public title=\"Runtime added dynamic property\">SolResPrecio</span>\": \"<span class=sf-dump-str title=\"4 characters\">0.00</span>\"
      +\"<span class=sf-dump-public title=\"Runtime added dynamic property\">FK_SolResRequerimiento</span>\": <span class=sf-dump-num>62133</span>
      +\"<span class=sf-dump-public title=\"Runtime added dynamic property\">SolResRM</span>\": <span class=sf-dump-const>null</span>
      +\"<span class=sf-dump-public title=\"Runtime added dynamic property\">auto_SolResFotoDescargue_Pesaje</span>\": <span class=sf-dump-num>0</span>
      +\"<span class=sf-dump-public title=\"Runtime added dynamic property\">auto_SolResFotoTratamiento</span>\": <span class=sf-dump-num>0</span>
      +\"<span class=sf-dump-public title=\"Runtime added dynamic property\">auto_SolResVideoDescargue_Pesaje</span>\": <span class=sf-dump-num>0</span>
      +\"<span class=sf-dump-public title=\"Runtime added dynamic property\">auto_SolResVideoTratamiento</span>\": <span class=sf-dump-num>0</span>
      +\"<span class=sf-dump-public title=\"Runtime added dynamic property\">auto_SolResDevolucion</span>\": <span class=sf-dump-num>0</span>
      +\"<span class=sf-dump-public title=\"Runtime added dynamic property\">auto_SolResAuditoria</span>\": <span class=sf-dump-num>0</span>
      +\"<span class=sf-dump-public title=\"Runtime added dynamic property\">SolResTypePrecio</span>\": <span class=sf-dump-num>0</span>
      +\"<span class=sf-dump-public title=\"Runtime added dynamic property\">Jaula</span>\": <span class=sf-dump-const>null</span>
      +\"<span class=sf-dump-public title=\"Runtime added dynamic property\">FechaIngresoJaula</span>\": <span class=sf-dump-const>null</span>
      +\"<span class=sf-dump-public title=\"Runtime added dynamic property\">FK_SGener</span>\": <span class=sf-dump-num>411</span>
      +\"<span class=sf-dump-public title=\"Runtime added dynamic property\">ID_Respel</span>\": <span class=sf-dump-num>9474</span>
      +\"<span class=sf-dump-public title=\"Runtime added dynamic property\">RespelName</span>\": \"<span class=sf-dump-str title=\"12 characters\">Farmac&#233;utico</span>\"
      +\"<span class=sf-dump-public title=\"Runtime added dynamic property\">RespelDescrip</span>\": \"<span class=sf-dump-str title=\"61 characters\">Medicamentos vencidos, parcialmente consumidos o sus empaques</span>\"
      +\"<span class=sf-dump-public title=\"Runtime added dynamic property\">YRespelClasf4741</span>\": \"<span class=sf-dump-str title=\"2 characters\">Y3</span>\"
      +\"<span class=sf-dump-public title=\"Runtime added dynamic property\">ARespelClasf4741</span>\": <span class=sf-dump-const>null</span>
      +\"<span class=sf-dump-public title=\"Runtime added dynamic property\">RespelIgrosidad</span>\": \"<span class=sf-dump-str title=\"6 characters\">Toxico</span>\"
      +\"<span class=sf-dump-public title=\"Runtime added dynamic property\">RespelEstado</span>\": \"<span class=sf-dump-str title=\"6 characters\">S&#243;lido</span>\"
      +\"<span class=sf-dump-public title=\"Runtime added dynamic property\">RespelHojaSeguridad</span>\": \"<span class=sf-dump-str title=\"68 characters\">f033a3f6bee7e35ece7092d1c2449b9bd2d8c9b212f57858edb4633c49dac7ad.pdf</span>\"
      +\"<span class=sf-dump-public title=\"Runtime added dynamic property\">RespelTarj</span>\": \"<span class=sf-dump-str title=\"68 characters\">9396361af35e8cc0bab62399aee5bcc2d9cacb814693f02020a3691950dbb568.pdf</span>\"
      +\"<span class=sf-dump-public title=\"Runtime added dynamic property\">RespelStatus</span>\": \"<span class=sf-dump-str title=\"8 characters\">Aprobado</span>\"
      +\"<span class=sf-dump-public title=\"Runtime added dynamic property\">RespelSlug</span>\": \"<span class=sf-dump-str title=\"64 characters\">d0814a50e9d0ad0b443a4f4d739a242f3fff05b2b47dc79609834629d8243537</span>\"
      +\"<span class=sf-dump-public title=\"Runtime added dynamic property\">RespelDelete</span>\": <span class=sf-dump-num>0</span>
      +\"<span class=sf-dump-public title=\"Runtime added dynamic property\">FK_RespelCoti</span>\": <span class=sf-dump-num>3169</span>
      +\"<span class=sf-dump-public title=\"Runtime added dynamic property\">RespelFoto</span>\": \"<span class=sf-dump-str title=\"21 characters\">RespelFotoDefault.png</span>\"
      +\"<span class=sf-dump-public title=\"Runtime added dynamic property\">SustanciaControlada</span>\": <span class=sf-dump-num>0</span>
      +\"<span class=sf-dump-public title=\"Runtime added dynamic property\">SustanciaControladaTipo</span>\": <span class=sf-dump-num>1</span>
      +\"<span class=sf-dump-public title=\"Runtime added dynamic property\">SustanciaControladaNombre</span>\": \"<span class=sf-dump-str title=\"35 characters\">Aceite combustible para motor- ACPM</span>\"
      +\"<span class=sf-dump-public title=\"Runtime added dynamic property\">SustanciaControladaDocumento</span>\": <span class=sf-dump-const>null</span>
      +\"<span class=sf-dump-public title=\"Runtime added dynamic property\">RespelDeclaracion</span>\": <span class=sf-dump-num>1</span>
      +\"<span class=sf-dump-public title=\"Runtime added dynamic property\">AceiteUsado</span>\": <span class=sf-dump-num>0</span>
      +\"<span class=sf-dump-public title=\"Runtime added dynamic property\">RespelStatusDescription</span>\": \"<span class=sf-dump-str title=\"13 characters\">APROBADO VHVP</span>\"
      +\"<span class=sf-dump-public title=\"Runtime added dynamic property\">RespelPublic</span>\": <span class=sf-dump-num>0</span>
      +\"<span class=sf-dump-public title=\"Runtime added dynamic property\">FK_SubCategoryRP</span>\": <span class=sf-dump-const>null</span>
      +\"<span class=sf-dump-public title=\"Runtime added dynamic property\">ID_Req</span>\": <span class=sf-dump-num>62133</span>
      +\"<span class=sf-dump-public title=\"Runtime added dynamic property\">TratName</span>\": \"<span class=sf-dump-str title=\"16 characters\">TermoDestrucci&#243;n</span>\"
      +\"<span class=sf-dump-public title=\"Runtime added dynamic property\">ID_Trat</span>\": <span class=sf-dump-num>1</span>
      +\"<span class=sf-dump-public title=\"Runtime added dynamic property\">CliShortName</span>\": \"<span class=sf-dump-str title=\"17 characters\">Prosarc S.A. ESP.</span>\"
      +\"<span class=sf-dump-public title=\"Runtime added dynamic property\">pretratamientosSelected</span>\": <span class=sf-dump-note title=\"Illuminate\\Database\\Eloquent\\Collection
\"><span class=\"sf-dump-ellipsis sf-dump-ellipsis-note\">Illuminate\\Database\\Eloquent</span><span class=\"sf-dump-ellipsis sf-dump-ellipsis-note\">\\</span>Collection</span> {<a class=sf-dump-ref>#2335</a> &#8230;2}
      +\"<span class=sf-dump-public title=\"Runtime added dynamic property\">tarifa</span>\": <span class=sf-dump-note title=\"App\\Tarifa
\"><span class=\"sf-dump-ellipsis sf-dump-ellipsis-note\">App</span><span class=\"sf-dump-ellipsis sf-dump-ellipsis-note\">\\</span>Tarifa</span> {<a class=sf-dump-ref>#2349</a> &#8230;30}
      +\"<span class=sf-dump-public title=\"Runtime added dynamic property\">ctarifa</span>\": <span class=sf-dump-const>null</span>
      +\"<span class=sf-dump-public title=\"Runtime added dynamic property\">SolResRM2</span>\": <span class=sf-dump-const>null</span>
    </samp>}
  </samp>]
  #<span class=sf-dump-protected title=\"Protected property\">escapeWhenCastingToString</span>: <span class=sf-dump-const>false</span>
</samp>}
</pre><script>Sfdump(\"sf-dump-1213945815\", {\"maxDepth\":3,\"maxStringLength\":160})</script>
","GenerResiduos":"<pre class=sf-dump id=sf-dump-2045674628 data-indent-pad=\"  \"><span class=sf-dump-note>Illuminate\\Support\\Collection</span> {<a class=sf-dump-ref>#2247</a><samp data-depth=1 class=sf-dump-expanded>
  #<span class=sf-dump-protected title=\"Protected property\">items</span>: <span class=sf-dump-note>array:1</span> [<samp data-depth=2 class=sf-dump-compact>
    <span class=sf-dump-index>0</span> => {<a class=sf-dump-ref>#2255</a><samp data-depth=3 class=sf-dump-compact>
      +\"<span class=sf-dump-public title=\"Runtime added dynamic property\">GSedeName</span>\": \"<span class=sf-dump-str title=\"33 characters\">MEDICINA Y TERAPIAS DOMICILIARIAS</span>\"
      +\"<span class=sf-dump-public title=\"Runtime added dynamic property\">FK_SGener</span>\": <span class=sf-dump-num>411</span>
      +\"<span class=sf-dump-public title=\"Runtime added dynamic property\">GenerName</span>\": \"<span class=sf-dump-str title=\"37 characters\">MEDICINA Y TERAPIAS DOMICILIARIAS SAS</span>\"
      +\"<span class=sf-dump-public title=\"Runtime added dynamic property\">GSedeSlug</span>\": \"<span class=sf-dump-str title=\"64 characters\">f895ca74736965646b0ec827e671fcce948001d8ecfd14d899a4419e080a82bb</span>\"
      +\"<span class=sf-dump-public title=\"Runtime added dynamic property\">GSedeAddress</span>\": \"<span class=sf-dump-str title=\"47 characters\">CL 102 A NO. 47 A 47 PISO 1 - USAQUEN, PASADENA</span>\"
    </samp>}
  </samp>]
  #<span class=sf-dump-protected title=\"Protected property\">escapeWhenCastingToString</span>: <span class=sf-dump-const>false</span>
</samp>}
</pre><script>Sfdump(\"sf-dump-2045674628\", {\"maxDepth\":3,\"maxStringLength\":160})</script>
","Cliente":"<pre class=sf-dump id=sf-dump-244560551 data-indent-pad=\"  \">{<a class=sf-dump-ref>#2242</a><samp data-depth=1 class=sf-dump-expanded>
  +\"<span class=sf-dump-public title=\"Runtime added dynamic property\">CliNit</span>\": \"<span class=sf-dump-str title=\"13 characters\">900.826.841-8</span>\"
  +\"<span class=sf-dump-public title=\"Runtime added dynamic property\">CliName</span>\": \"<span class=sf-dump-str title=\"37 characters\">MEDICINA Y TERAPIAS DOMICILIARIAS SAS</span>\"
  +\"<span class=sf-dump-public title=\"Runtime added dynamic property\">SedeAddress</span>\": \"<span class=sf-dump-str title=\"47 characters\">CL 102 A NO. 47 A 47 PISO 1 - USAQUEN, PASADENA</span>\"
  +\"<span class=sf-dump-public title=\"Runtime added dynamic property\">MunName</span>\": \"<span class=sf-dump-str title=\"11 characters\">Bogot&#225; D.C.</span>\"
</samp>}
</pre><script>Sfdump(\"sf-dump-244560551\", {\"maxDepth\":3,\"maxStringLength\":160})</script>
","SolSerCollectAddress":"<pre class=sf-dump id=sf-dump-1230850663 data-indent-pad=\"  \">\"<span class=sf-dump-str title=\"83 characters\">MEDICINA Y TERAPIAS DOMICILIARIAS - CL 102 A NO. 47 A 47 PISO 1 - USAQUEN, PASADENA</span>\"
</pre><script>Sfdump(\"sf-dump-1230850663\", {\"maxDepth\":3,\"maxStringLength\":160})</script>
","SolSerConductor":"<pre class=sf-dump id=sf-dump-900279366 data-indent-pad=\"  \">\"<span class=sf-dump-str title=\"21 characters\">&quot;LUIS AVILA BEJARANO&quot;</span>\"
</pre><script>Sfdump(\"sf-dump-900279366\", {\"maxDepth\":3,\"maxStringLength\":160})</script>
","TextProgramacion":"<pre class=sf-dump id=sf-dump-1792480070 data-indent-pad=\"  \">\"<span class=sf-dump-str title=\"50 characters\">El d&#237;a 22 del mes de May en las horas de la ma&#241;ana</span>\"
</pre><script>Sfdump(\"sf-dump-1792480070\", {\"maxDepth\":3,\"maxStringLength\":160})</script>
","Municipio":"<pre class=sf-dump id=sf-dump-1702952649 data-indent-pad=\"  \">\"<span class=sf-dump-str title=\"8 characters\">Mosquera</span>\"
</pre><script>Sfdump(\"sf-dump-1702952649\", {\"maxDepth\":3,\"maxStringLength\":160})</script>
","Programaciones":"<pre class=sf-dump id=sf-dump-354431540 data-indent-pad=\"  \"><span class=sf-dump-note>Illuminate\\Database\\Eloquent\\Collection</span> {<a class=sf-dump-ref>#2249</a><samp data-depth=1 class=sf-dump-expanded>
  #<span class=sf-dump-protected title=\"Protected property\">items</span>: <span class=sf-dump-note>array:2</span> [<samp data-depth=2 class=sf-dump-compact>
    <span class=sf-dump-index>0</span> => <span class=sf-dump-note title=\"App\\ProgramacionVehiculo
\"><span class=\"sf-dump-ellipsis sf-dump-ellipsis-note\">App</span><span class=\"sf-dump-ellipsis sf-dump-ellipsis-note\">\\</span>ProgramacionVehiculo</span> {<a class=sf-dump-ref>#2251</a><samp data-depth=3 class=sf-dump-compact>
      #<span class=sf-dump-protected title=\"Protected property\">connection</span>: \"<span class=sf-dump-str title=\"5 characters\">mysql</span>\"
      #<span class=sf-dump-protected title=\"Protected property\">table</span>: \"<span class=sf-dump-str title=\"13 characters\">progvehiculos</span>\"
      #<span class=sf-dump-protected title=\"Protected property\">primaryKey</span>: \"<span class=sf-dump-str title=\"10 characters\">ID_ProgVeh</span>\"
      #<span class=sf-dump-protected title=\"Protected property\">keyType</span>: \"<span class=sf-dump-str title=\"3 characters\">int</span>\"
      +<span class=sf-dump-public title=\"Public property\">incrementing</span>: <span class=sf-dump-const>true</span>
      #<span class=sf-dump-protected title=\"Protected property\">with</span>: []
      #<span class=sf-dump-protected title=\"Protected property\">withCount</span>: []
      +<span class=sf-dump-public title=\"Public property\">preventsLazyLoading</span>: <span class=sf-dump-const>false</span>
      #<span class=sf-dump-protected title=\"Protected property\">perPage</span>: <span class=sf-dump-num>15</span>
      +<span class=sf-dump-public title=\"Public property\">exists</span>: <span class=sf-dump-const>true</span>
      +<span class=sf-dump-public title=\"Public property\">wasRecentlyCreated</span>: <span class=sf-dump-const>false</span>
      #<span class=sf-dump-protected title=\"Protected property\">escapeWhenCastingToString</span>: <span class=sf-dump-const>false</span>
      #<span class=sf-dump-protected title=\"Protected property\">attributes</span>: <span class=sf-dump-note>array:25</span> [ &#8230;25]
      #<span class=sf-dump-protected title=\"Protected property\">original</span>: <span class=sf-dump-note>array:25</span> [ &#8230;25]
      #<span class=sf-dump-protected title=\"Protected property\">changes</span>: []
      #<span class=sf-dump-protected title=\"Protected property\">casts</span>: <span class=sf-dump-note>array:1</span> [ &#8230;1]
      #<span class=sf-dump-protected title=\"Protected property\">classCastCache</span>: []
      #<span class=sf-dump-protected title=\"Protected property\">attributeCastCache</span>: []
      #<span class=sf-dump-protected title=\"Protected property\">dateFormat</span>: <span class=sf-dump-const>null</span>
      #<span class=sf-dump-protected title=\"Protected property\">appends</span>: []
      #<span class=sf-dump-protected title=\"Protected property\">dispatchesEvents</span>: []
      #<span class=sf-dump-protected title=\"Protected property\">observables</span>: []
      #<span class=sf-dump-protected title=\"Protected property\">relations</span>: []
      #<span class=sf-dump-protected title=\"Protected property\">touches</span>: []
      +<span class=sf-dump-public title=\"Public property\">timestamps</span>: <span class=sf-dump-const>true</span>
      +<span class=sf-dump-public title=\"Public property\">usesUniqueIds</span>: <span class=sf-dump-const>false</span>
      #<span class=sf-dump-protected title=\"Protected property\">hidden</span>: []
      #<span class=sf-dump-protected title=\"Protected property\">visible</span>: []
      #<span class=sf-dump-protected title=\"Protected property\">fillable</span>: <span class=sf-dump-note>array:21</span> [ &#8230;21]
      #<span class=sf-dump-protected title=\"Protected property\">guarded</span>: <span class=sf-dump-note>array:1</span> [ &#8230;1]
    </samp>}
    <span class=sf-dump-index>1</span> => <span class=sf-dump-note title=\"App\\ProgramacionVehiculo
\"><span class=\"sf-dump-ellipsis sf-dump-ellipsis-note\">App</span><span class=\"sf-dump-ellipsis sf-dump-ellipsis-note\">\\</span>ProgramacionVehiculo</span> {<a class=sf-dump-ref>#2253</a><samp data-depth=3 class=sf-dump-compact>
      #<span class=sf-dump-protected title=\"Protected property\">connection</span>: \"<span class=sf-dump-str title=\"5 characters\">mysql</span>\"
      #<span class=sf-dump-protected title=\"Protected property\">table</span>: \"<span class=sf-dump-str title=\"13 characters\">progvehiculos</span>\"
      #<span class=sf-dump-protected title=\"Protected property\">primaryKey</span>: \"<span class=sf-dump-str title=\"10 characters\">ID_ProgVeh</span>\"
      #<span class=sf-dump-protected title=\"Protected property\">keyType</span>: \"<span class=sf-dump-str title=\"3 characters\">int</span>\"
      +<span class=sf-dump-public title=\"Public property\">incrementing</span>: <span class=sf-dump-const>true</span>
      #<span class=sf-dump-protected title=\"Protected property\">with</span>: []
      #<span class=sf-dump-protected title=\"Protected property\">withCount</span>: []
      +<span class=sf-dump-public title=\"Public property\">preventsLazyLoading</span>: <span class=sf-dump-const>false</span>
      #<span class=sf-dump-protected title=\"Protected property\">perPage</span>: <span class=sf-dump-num>15</span>
      +<span class=sf-dump-public title=\"Public property\">exists</span>: <span class=sf-dump-const>true</span>
      +<span class=sf-dump-public title=\"Public property\">wasRecentlyCreated</span>: <span class=sf-dump-const>false</span>
      #<span class=sf-dump-protected title=\"Protected property\">escapeWhenCastingToString</span>: <span class=sf-dump-const>false</span>
      #<span class=sf-dump-protected title=\"Protected property\">attributes</span>: <span class=sf-dump-note>array:25</span> [ &#8230;25]
      #<span class=sf-dump-protected title=\"Protected property\">original</span>: <span class=sf-dump-note>array:25</span> [ &#8230;25]
      #<span class=sf-dump-protected title=\"Protected property\">changes</span>: []
      #<span class=sf-dump-protected title=\"Protected property\">casts</span>: <span class=sf-dump-note>array:1</span> [ &#8230;1]
      #<span class=sf-dump-protected title=\"Protected property\">classCastCache</span>: []
      #<span class=sf-dump-protected title=\"Protected property\">attributeCastCache</span>: []
      #<span class=sf-dump-protected title=\"Protected property\">dateFormat</span>: <span class=sf-dump-const>null</span>
      #<span class=sf-dump-protected title=\"Protected property\">appends</span>: []
      #<span class=sf-dump-protected title=\"Protected property\">dispatchesEvents</span>: []
      #<span class=sf-dump-protected title=\"Protected property\">observables</span>: []
      #<span class=sf-dump-protected title=\"Protected property\">relations</span>: []
      #<span class=sf-dump-protected title=\"Protected property\">touches</span>: []
      +<span class=sf-dump-public title=\"Public property\">timestamps</span>: <span class=sf-dump-const>true</span>
      +<span class=sf-dump-public title=\"Public property\">usesUniqueIds</span>: <span class=sf-dump-const>false</span>
      #<span class=sf-dump-protected title=\"Protected property\">hidden</span>: []
      #<span class=sf-dump-protected title=\"Protected property\">visible</span>: []
      #<span class=sf-dump-protected title=\"Protected property\">fillable</span>: <span class=sf-dump-note>array:21</span> [ &#8230;21]
      #<span class=sf-dump-protected title=\"Protected property\">guarded</span>: <span class=sf-dump-note>array:1</span> [ &#8230;1]
    </samp>}
  </samp>]
  #<span class=sf-dump-protected title=\"Protected property\">escapeWhenCastingToString</span>: <span class=sf-dump-const>false</span>
</samp>}
</pre><script>Sfdump(\"sf-dump-354431540\", {\"maxDepth\":3,\"maxStringLength\":160})</script>
","ProgramacionesActivas":"<pre class=sf-dump id=sf-dump-862903911 data-indent-pad=\"  \"><span class=sf-dump-num>0</span>
</pre><script>Sfdump(\"sf-dump-862903911\", {\"maxDepth\":3,\"maxStringLength\":160})</script>
","total":"<pre class=sf-dump id=sf-dump-1484449233 data-indent-pad=\"  \"><span class=sf-dump-note>array:4</span> [<samp data-depth=1 class=sf-dump-expanded>
  \"<span class=sf-dump-key>estimado</span>\" => <span class=sf-dump-num>40.0</span>
  \"<span class=sf-dump-key>recibido</span>\" => <span class=sf-dump-num>0.0</span>
  \"<span class=sf-dump-key>conciliado</span>\" => <span class=sf-dump-num>0.0</span>
  \"<span class=sf-dump-key>tratado</span>\" => <span class=sf-dump-num>0.0</span>
</samp>]
</pre><script>Sfdump(\"sf-dump-1484449233\", {\"maxDepth\":3,\"maxStringLength\":160})</script>
","cantidadesXtratamiento":"<pre class=sf-dump id=sf-dump-1192356115 data-indent-pad=\"  \"><span class=sf-dump-note>array:1</span> [<samp data-depth=1 class=sf-dump-expanded>
  \"<span class=sf-dump-key>TermoDestrucci&#243;n</span>\" => <span class=sf-dump-note>array:4</span> [<samp data-depth=2 class=sf-dump-compact>
    \"<span class=sf-dump-key>estimado</span>\" => <span class=sf-dump-num>40.0</span>
    \"<span class=sf-dump-key>recibido</span>\" => <span class=sf-dump-num>0.0</span>
    \"<span class=sf-dump-key>conciliado</span>\" => <span class=sf-dump-num>0.0</span>
    \"<span class=sf-dump-key>tratado</span>\" => <span class=sf-dump-num>0.0</span>
  </samp>]
</samp>]
</pre><script>Sfdump(\"sf-dump-1192356115\", {\"maxDepth\":3,\"maxStringLength\":160})</script>
","tratamientos":"<pre class=sf-dump id=sf-dump-1836475771 data-indent-pad=\"  \"><span class=sf-dump-note>Illuminate\\Database\\Eloquent\\Collection</span> {<a class=sf-dump-ref>#2450</a><samp data-depth=1 class=sf-dump-expanded>
  #<span class=sf-dump-protected title=\"Protected property\">items</span>: <span class=sf-dump-note>array:16</span> [<samp data-depth=2 class=sf-dump-compact>
    <span class=sf-dump-index>0</span> => <span class=sf-dump-note title=\"App\\Tratamiento
\"><span class=\"sf-dump-ellipsis sf-dump-ellipsis-note\">App</span><span class=\"sf-dump-ellipsis sf-dump-ellipsis-note\">\\</span>Tratamiento</span> {<a class=sf-dump-ref>#2449</a><samp data-depth=3 class=sf-dump-compact>
      #<span class=sf-dump-protected title=\"Protected property\">connection</span>: \"<span class=sf-dump-str title=\"5 characters\">mysql</span>\"
      #<span class=sf-dump-protected title=\"Protected property\">table</span>: \"<span class=sf-dump-str title=\"12 characters\">tratamientos</span>\"
      #<span class=sf-dump-protected title=\"Protected property\">primaryKey</span>: \"<span class=sf-dump-str title=\"7 characters\">ID_Trat</span>\"
      #<span class=sf-dump-protected title=\"Protected property\">keyType</span>: \"<span class=sf-dump-str title=\"3 characters\">int</span>\"
      +<span class=sf-dump-public title=\"Public property\">incrementing</span>: <span class=sf-dump-const>true</span>
      #<span class=sf-dump-protected title=\"Protected property\">with</span>: []
      #<span class=sf-dump-protected title=\"Protected property\">withCount</span>: []
      +<span class=sf-dump-public title=\"Public property\">preventsLazyLoading</span>: <span class=sf-dump-const>false</span>
      #<span class=sf-dump-protected title=\"Protected property\">perPage</span>: <span class=sf-dump-num>15</span>
      +<span class=sf-dump-public title=\"Public property\">exists</span>: <span class=sf-dump-const>true</span>
      +<span class=sf-dump-public title=\"Public property\">wasRecentlyCreated</span>: <span class=sf-dump-const>false</span>
      #<span class=sf-dump-protected title=\"Protected property\">escapeWhenCastingToString</span>: <span class=sf-dump-const>false</span>
      #<span class=sf-dump-protected title=\"Protected property\">attributes</span>: <span class=sf-dump-note>array:41</span> [ &#8230;41]
      #<span class=sf-dump-protected title=\"Protected property\">original</span>: <span class=sf-dump-note>array:41</span> [ &#8230;41]
      #<span class=sf-dump-protected title=\"Protected property\">changes</span>: []
      #<span class=sf-dump-protected title=\"Protected property\">casts</span>: []
      #<span class=sf-dump-protected title=\"Protected property\">classCastCache</span>: []
      #<span class=sf-dump-protected title=\"Protected property\">attributeCastCache</span>: []
      #<span class=sf-dump-protected title=\"Protected property\">dateFormat</span>: <span class=sf-dump-const>null</span>
      #<span class=sf-dump-protected title=\"Protected property\">appends</span>: []
      #<span class=sf-dump-protected title=\"Protected property\">dispatchesEvents</span>: []
      #<span class=sf-dump-protected title=\"Protected property\">observables</span>: []
      #<span class=sf-dump-protected title=\"Protected property\">relations</span>: []
      #<span class=sf-dump-protected title=\"Protected property\">touches</span>: []
      +<span class=sf-dump-public title=\"Public property\">timestamps</span>: <span class=sf-dump-const>true</span>
      +<span class=sf-dump-public title=\"Public property\">usesUniqueIds</span>: <span class=sf-dump-const>false</span>
      #<span class=sf-dump-protected title=\"Protected property\">hidden</span>: []
      #<span class=sf-dump-protected title=\"Protected property\">visible</span>: []
      #<span class=sf-dump-protected title=\"Protected property\">fillable</span>: <span class=sf-dump-note>array:6</span> [ &#8230;6]
      #<span class=sf-dump-protected title=\"Protected property\">guarded</span>: <span class=sf-dump-note>array:1</span> [ &#8230;1]
    </samp>}
    <span class=sf-dump-index>1</span> => <span class=sf-dump-note title=\"App\\Tratamiento
\"><span class=\"sf-dump-ellipsis sf-dump-ellipsis-note\">App</span><span class=\"sf-dump-ellipsis sf-dump-ellipsis-note\">\\</span>Tratamiento</span> {<a class=sf-dump-ref>#2452</a><samp data-depth=3 class=sf-dump-compact>
      #<span class=sf-dump-protected title=\"Protected property\">connection</span>: \"<span class=sf-dump-str title=\"5 characters\">mysql</span>\"
      #<span class=sf-dump-protected title=\"Protected property\">table</span>: \"<span class=sf-dump-str title=\"12 characters\">tratamientos</span>\"
      #<span class=sf-dump-protected title=\"Protected property\">primaryKey</span>: \"<span class=sf-dump-str title=\"7 characters\">ID_Trat</span>\"
      #<span class=sf-dump-protected title=\"Protected property\">keyType</span>: \"<span class=sf-dump-str title=\"3 characters\">int</span>\"
      +<span class=sf-dump-public title=\"Public property\">incrementing</span>: <span class=sf-dump-const>true</span>
      #<span class=sf-dump-protected title=\"Protected property\">with</span>: []
      #<span class=sf-dump-protected title=\"Protected property\">withCount</span>: []
      +<span class=sf-dump-public title=\"Public property\">preventsLazyLoading</span>: <span class=sf-dump-const>false</span>
      #<span class=sf-dump-protected title=\"Protected property\">perPage</span>: <span class=sf-dump-num>15</span>
      +<span class=sf-dump-public title=\"Public property\">exists</span>: <span class=sf-dump-const>true</span>
      +<span class=sf-dump-public title=\"Public property\">wasRecentlyCreated</span>: <span class=sf-dump-const>false</span>
      #<span class=sf-dump-protected title=\"Protected property\">escapeWhenCastingToString</span>: <span class=sf-dump-const>false</span>
      #<span class=sf-dump-protected title=\"Protected property\">attributes</span>: <span class=sf-dump-note>array:41</span> [ &#8230;41]
      #<span class=sf-dump-protected title=\"Protected property\">original</span>: <span class=sf-dump-note>array:41</span> [ &#8230;41]
      #<span class=sf-dump-protected title=\"Protected property\">changes</span>: []
      #<span class=sf-dump-protected title=\"Protected property\">casts</span>: []
      #<span class=sf-dump-protected title=\"Protected property\">classCastCache</span>: []
      #<span class=sf-dump-protected title=\"Protected property\">attributeCastCache</span>: []
      #<span class=sf-dump-protected title=\"Protected property\">dateFormat</span>: <span class=sf-dump-const>null</span>
      #<span class=sf-dump-protected title=\"Protected property\">appends</span>: []
      #<span class=sf-dump-protected title=\"Protected property\">dispatchesEvents</span>: []
      #<span class=sf-dump-protected title=\"Protected property\">observables</span>: []
      #<span class=sf-dump-protected title=\"Protected property\">relations</span>: []
      #<span class=sf-dump-protected title=\"Protected property\">touches</span>: []
      +<span class=sf-dump-public title=\"Public property\">timestamps</span>: <span class=sf-dump-const>true</span>
      +<span class=sf-dump-public title=\"Public property\">usesUniqueIds</span>: <span class=sf-dump-const>false</span>
      #<span class=sf-dump-protected title=\"Protected property\">hidden</span>: []
      #<span class=sf-dump-protected title=\"Protected property\">visible</span>: []
      #<span class=sf-dump-protected title=\"Protected property\">fillable</span>: <span class=sf-dump-note>array:6</span> [ &#8230;6]
      #<span class=sf-dump-protected title=\"Protected property\">guarded</span>: <span class=sf-dump-note>array:1</span> [ &#8230;1]
    </samp>}
    <span class=sf-dump-index>2</span> => <span class=sf-dump-note title=\"App\\Tratamiento
\"><span class=\"sf-dump-ellipsis sf-dump-ellipsis-note\">App</span><span class=\"sf-dump-ellipsis sf-dump-ellipsis-note\">\\</span>Tratamiento</span> {<a class=sf-dump-ref>#2453</a><samp data-depth=3 class=sf-dump-compact>
      #<span class=sf-dump-protected title=\"Protected property\">connection</span>: \"<span class=sf-dump-str title=\"5 characters\">mysql</span>\"
      #<span class=sf-dump-protected title=\"Protected property\">table</span>: \"<span class=sf-dump-str title=\"12 characters\">tratamientos</span>\"
      #<span class=sf-dump-protected title=\"Protected property\">primaryKey</span>: \"<span class=sf-dump-str title=\"7 characters\">ID_Trat</span>\"
      #<span class=sf-dump-protected title=\"Protected property\">keyType</span>: \"<span class=sf-dump-str title=\"3 characters\">int</span>\"
      +<span class=sf-dump-public title=\"Public property\">incrementing</span>: <span class=sf-dump-const>true</span>
      #<span class=sf-dump-protected title=\"Protected property\">with</span>: []
      #<span class=sf-dump-protected title=\"Protected property\">withCount</span>: []
      +<span class=sf-dump-public title=\"Public property\">preventsLazyLoading</span>: <span class=sf-dump-const>false</span>
      #<span class=sf-dump-protected title=\"Protected property\">perPage</span>: <span class=sf-dump-num>15</span>
      +<span class=sf-dump-public title=\"Public property\">exists</span>: <span class=sf-dump-const>true</span>
      +<span class=sf-dump-public title=\"Public property\">wasRecentlyCreated</span>: <span class=sf-dump-const>false</span>
      #<span class=sf-dump-protected title=\"Protected property\">escapeWhenCastingToString</span>: <span class=sf-dump-const>false</span>
      #<span class=sf-dump-protected title=\"Protected property\">attributes</span>: <span class=sf-dump-note>array:41</span> [ &#8230;41]
      #<span class=sf-dump-protected title=\"Protected property\">original</span>: <span class=sf-dump-note>array:41</span> [ &#8230;41]
      #<span class=sf-dump-protected title=\"Protected property\">changes</span>: []
      #<span class=sf-dump-protected title=\"Protected property\">casts</span>: []
      #<span class=sf-dump-protected title=\"Protected property\">classCastCache</span>: []
      #<span class=sf-dump-protected title=\"Protected property\">attributeCastCache</span>: []
      #<span class=sf-dump-protected title=\"Protected property\">dateFormat</span>: <span class=sf-dump-const>null</span>
      #<span class=sf-dump-protected title=\"Protected property\">appends</span>: []
      #<span class=sf-dump-protected title=\"Protected property\">dispatchesEvents</span>: []
      #<span class=sf-dump-protected title=\"Protected property\">observables</span>: []
      #<span class=sf-dump-protected title=\"Protected property\">relations</span>: []
      #<span class=sf-dump-protected title=\"Protected property\">touches</span>: []
      +<span class=sf-dump-public title=\"Public property\">timestamps</span>: <span class=sf-dump-const>true</span>
      +<span class=sf-dump-public title=\"Public property\">usesUniqueIds</span>: <span class=sf-dump-const>false</span>
      #<span class=sf-dump-protected title=\"Protected property\">hidden</span>: []
      #<span class=sf-dump-protected title=\"Protected property\">visible</span>: []
      #<span class=sf-dump-protected title=\"Protected property\">fillable</span>: <span class=sf-dump-note>array:6</span> [ &#8230;6]
      #<span class=sf-dump-protected title=\"Protected property\">guarded</span>: <span class=sf-dump-note>array:1</span> [ &#8230;1]
    </samp>}
    <span class=sf-dump-index>3</span> => <span class=sf-dump-note title=\"App\\Tratamiento
\"><span class=\"sf-dump-ellipsis sf-dump-ellipsis-note\">App</span><span class=\"sf-dump-ellipsis sf-dump-ellipsis-note\">\\</span>Tratamiento</span> {<a class=sf-dump-ref>#2454</a><samp data-depth=3 class=sf-dump-compact>
      #<span class=sf-dump-protected title=\"Protected property\">connection</span>: \"<span class=sf-dump-str title=\"5 characters\">mysql</span>\"
      #<span class=sf-dump-protected title=\"Protected property\">table</span>: \"<span class=sf-dump-str title=\"12 characters\">tratamientos</span>\"
      #<span class=sf-dump-protected title=\"Protected property\">primaryKey</span>: \"<span class=sf-dump-str title=\"7 characters\">ID_Trat</span>\"
      #<span class=sf-dump-protected title=\"Protected property\">keyType</span>: \"<span class=sf-dump-str title=\"3 characters\">int</span>\"
      +<span class=sf-dump-public title=\"Public property\">incrementing</span>: <span class=sf-dump-const>true</span>
      #<span class=sf-dump-protected title=\"Protected property\">with</span>: []
      #<span class=sf-dump-protected title=\"Protected property\">withCount</span>: []
      +<span class=sf-dump-public title=\"Public property\">preventsLazyLoading</span>: <span class=sf-dump-const>false</span>
      #<span class=sf-dump-protected title=\"Protected property\">perPage</span>: <span class=sf-dump-num>15</span>
      +<span class=sf-dump-public title=\"Public property\">exists</span>: <span class=sf-dump-const>true</span>
      +<span class=sf-dump-public title=\"Public property\">wasRecentlyCreated</span>: <span class=sf-dump-const>false</span>
      #<span class=sf-dump-protected title=\"Protected property\">escapeWhenCastingToString</span>: <span class=sf-dump-const>false</span>
      #<span class=sf-dump-protected title=\"Protected property\">attributes</span>: <span class=sf-dump-note>array:41</span> [ &#8230;41]
      #<span class=sf-dump-protected title=\"Protected property\">original</span>: <span class=sf-dump-note>array:41</span> [ &#8230;41]
      #<span class=sf-dump-protected title=\"Protected property\">changes</span>: []
      #<span class=sf-dump-protected title=\"Protected property\">casts</span>: []
      #<span class=sf-dump-protected title=\"Protected property\">classCastCache</span>: []
      #<span class=sf-dump-protected title=\"Protected property\">attributeCastCache</span>: []
      #<span class=sf-dump-protected title=\"Protected property\">dateFormat</span>: <span class=sf-dump-const>null</span>
      #<span class=sf-dump-protected title=\"Protected property\">appends</span>: []
      #<span class=sf-dump-protected title=\"Protected property\">dispatchesEvents</span>: []
      #<span class=sf-dump-protected title=\"Protected property\">observables</span>: []
      #<span class=sf-dump-protected title=\"Protected property\">relations</span>: []
      #<span class=sf-dump-protected title=\"Protected property\">touches</span>: []
      +<span class=sf-dump-public title=\"Public property\">timestamps</span>: <span class=sf-dump-const>true</span>
      +<span class=sf-dump-public title=\"Public property\">usesUniqueIds</span>: <span class=sf-dump-const>false</span>
      #<span class=sf-dump-protected title=\"Protected property\">hidden</span>: []
      #<span class=sf-dump-protected title=\"Protected property\">visible</span>: []
      #<span class=sf-dump-protected title=\"Protected property\">fillable</span>: <span class=sf-dump-note>array:6</span> [ &#8230;6]
      #<span class=sf-dump-protected title=\"Protected property\">guarded</span>: <span class=sf-dump-note>array:1</span> [ &#8230;1]
    </samp>}
    <span class=sf-dump-index>4</span> => <span class=sf-dump-note title=\"App\\Tratamiento
\"><span class=\"sf-dump-ellipsis sf-dump-ellipsis-note\">App</span><span class=\"sf-dump-ellipsis sf-dump-ellipsis-note\">\\</span>Tratamiento</span> {<a class=sf-dump-ref>#2455</a><samp data-depth=3 class=sf-dump-compact>
      #<span class=sf-dump-protected title=\"Protected property\">connection</span>: \"<span class=sf-dump-str title=\"5 characters\">mysql</span>\"
      #<span class=sf-dump-protected title=\"Protected property\">table</span>: \"<span class=sf-dump-str title=\"12 characters\">tratamientos</span>\"
      #<span class=sf-dump-protected title=\"Protected property\">primaryKey</span>: \"<span class=sf-dump-str title=\"7 characters\">ID_Trat</span>\"
      #<span class=sf-dump-protected title=\"Protected property\">keyType</span>: \"<span class=sf-dump-str title=\"3 characters\">int</span>\"
      +<span class=sf-dump-public title=\"Public property\">incrementing</span>: <span class=sf-dump-const>true</span>
      #<span class=sf-dump-protected title=\"Protected property\">with</span>: []
      #<span class=sf-dump-protected title=\"Protected property\">withCount</span>: []
      +<span class=sf-dump-public title=\"Public property\">preventsLazyLoading</span>: <span class=sf-dump-const>false</span>
      #<span class=sf-dump-protected title=\"Protected property\">perPage</span>: <span class=sf-dump-num>15</span>
      +<span class=sf-dump-public title=\"Public property\">exists</span>: <span class=sf-dump-const>true</span>
      +<span class=sf-dump-public title=\"Public property\">wasRecentlyCreated</span>: <span class=sf-dump-const>false</span>
      #<span class=sf-dump-protected title=\"Protected property\">escapeWhenCastingToString</span>: <span class=sf-dump-const>false</span>
      #<span class=sf-dump-protected title=\"Protected property\">attributes</span>: <span class=sf-dump-note>array:41</span> [ &#8230;41]
      #<span class=sf-dump-protected title=\"Protected property\">original</span>: <span class=sf-dump-note>array:41</span> [ &#8230;41]
      #<span class=sf-dump-protected title=\"Protected property\">changes</span>: []
      #<span class=sf-dump-protected title=\"Protected property\">casts</span>: []
      #<span class=sf-dump-protected title=\"Protected property\">classCastCache</span>: []
      #<span class=sf-dump-protected title=\"Protected property\">attributeCastCache</span>: []
      #<span class=sf-dump-protected title=\"Protected property\">dateFormat</span>: <span class=sf-dump-const>null</span>
      #<span class=sf-dump-protected title=\"Protected property\">appends</span>: []
      #<span class=sf-dump-protected title=\"Protected property\">dispatchesEvents</span>: []
      #<span class=sf-dump-protected title=\"Protected property\">observables</span>: []
      #<span class=sf-dump-protected title=\"Protected property\">relations</span>: []
      #<span class=sf-dump-protected title=\"Protected property\">touches</span>: []
      +<span class=sf-dump-public title=\"Public property\">timestamps</span>: <span class=sf-dump-const>true</span>
      +<span class=sf-dump-public title=\"Public property\">usesUniqueIds</span>: <span class=sf-dump-const>false</span>
      #<span class=sf-dump-protected title=\"Protected property\">hidden</span>: []
      #<span class=sf-dump-protected title=\"Protected property\">visible</span>: []
      #<span class=sf-dump-protected title=\"Protected property\">fillable</span>: <span class=sf-dump-note>array:6</span> [ &#8230;6]
      #<span class=sf-dump-protected title=\"Protected property\">guarded</span>: <span class=sf-dump-note>array:1</span> [ &#8230;1]
    </samp>}
    <span class=sf-dump-index>5</span> => <span class=sf-dump-note title=\"App\\Tratamiento
\"><span class=\"sf-dump-ellipsis sf-dump-ellipsis-note\">App</span><span class=\"sf-dump-ellipsis sf-dump-ellipsis-note\">\\</span>Tratamiento</span> {<a class=sf-dump-ref>#2456</a><samp data-depth=3 class=sf-dump-compact>
      #<span class=sf-dump-protected title=\"Protected property\">connection</span>: \"<span class=sf-dump-str title=\"5 characters\">mysql</span>\"
      #<span class=sf-dump-protected title=\"Protected property\">table</span>: \"<span class=sf-dump-str title=\"12 characters\">tratamientos</span>\"
      #<span class=sf-dump-protected title=\"Protected property\">primaryKey</span>: \"<span class=sf-dump-str title=\"7 characters\">ID_Trat</span>\"
      #<span class=sf-dump-protected title=\"Protected property\">keyType</span>: \"<span class=sf-dump-str title=\"3 characters\">int</span>\"
      +<span class=sf-dump-public title=\"Public property\">incrementing</span>: <span class=sf-dump-const>true</span>
      #<span class=sf-dump-protected title=\"Protected property\">with</span>: []
      #<span class=sf-dump-protected title=\"Protected property\">withCount</span>: []
      +<span class=sf-dump-public title=\"Public property\">preventsLazyLoading</span>: <span class=sf-dump-const>false</span>
      #<span class=sf-dump-protected title=\"Protected property\">perPage</span>: <span class=sf-dump-num>15</span>
      +<span class=sf-dump-public title=\"Public property\">exists</span>: <span class=sf-dump-const>true</span>
      +<span class=sf-dump-public title=\"Public property\">wasRecentlyCreated</span>: <span class=sf-dump-const>false</span>
      #<span class=sf-dump-protected title=\"Protected property\">escapeWhenCastingToString</span>: <span class=sf-dump-const>false</span>
      #<span class=sf-dump-protected title=\"Protected property\">attributes</span>: <span class=sf-dump-note>array:41</span> [ &#8230;41]
      #<span class=sf-dump-protected title=\"Protected property\">original</span>: <span class=sf-dump-note>array:41</span> [ &#8230;41]
      #<span class=sf-dump-protected title=\"Protected property\">changes</span>: []
      #<span class=sf-dump-protected title=\"Protected property\">casts</span>: []
      #<span class=sf-dump-protected title=\"Protected property\">classCastCache</span>: []
      #<span class=sf-dump-protected title=\"Protected property\">attributeCastCache</span>: []
      #<span class=sf-dump-protected title=\"Protected property\">dateFormat</span>: <span class=sf-dump-const>null</span>
      #<span class=sf-dump-protected title=\"Protected property\">appends</span>: []
      #<span class=sf-dump-protected title=\"Protected property\">dispatchesEvents</span>: []
      #<span class=sf-dump-protected title=\"Protected property\">observables</span>: []
      #<span class=sf-dump-protected title=\"Protected property\">relations</span>: []
      #<span class=sf-dump-protected title=\"Protected property\">touches</span>: []
      +<span class=sf-dump-public title=\"Public property\">timestamps</span>: <span class=sf-dump-const>true</span>
      +<span class=sf-dump-public title=\"Public property\">usesUniqueIds</span>: <span class=sf-dump-const>false</span>
      #<span class=sf-dump-protected title=\"Protected property\">hidden</span>: []
      #<span class=sf-dump-protected title=\"Protected property\">visible</span>: []
      #<span class=sf-dump-protected title=\"Protected property\">fillable</span>: <span class=sf-dump-note>array:6</span> [ &#8230;6]
      #<span class=sf-dump-protected title=\"Protected property\">guarded</span>: <span class=sf-dump-note>array:1</span> [ &#8230;1]
    </samp>}
    <span class=sf-dump-index>6</span> => <span class=sf-dump-note title=\"App\\Tratamiento
\"><span class=\"sf-dump-ellipsis sf-dump-ellipsis-note\">App</span><span class=\"sf-dump-ellipsis sf-dump-ellipsis-note\">\\</span>Tratamiento</span> {<a class=sf-dump-ref>#2457</a><samp data-depth=3 class=sf-dump-compact>
      #<span class=sf-dump-protected title=\"Protected property\">connection</span>: \"<span class=sf-dump-str title=\"5 characters\">mysql</span>\"
      #<span class=sf-dump-protected title=\"Protected property\">table</span>: \"<span class=sf-dump-str title=\"12 characters\">tratamientos</span>\"
      #<span class=sf-dump-protected title=\"Protected property\">primaryKey</span>: \"<span class=sf-dump-str title=\"7 characters\">ID_Trat</span>\"
      #<span class=sf-dump-protected title=\"Protected property\">keyType</span>: \"<span class=sf-dump-str title=\"3 characters\">int</span>\"
      +<span class=sf-dump-public title=\"Public property\">incrementing</span>: <span class=sf-dump-const>true</span>
      #<span class=sf-dump-protected title=\"Protected property\">with</span>: []
      #<span class=sf-dump-protected title=\"Protected property\">withCount</span>: []
      +<span class=sf-dump-public title=\"Public property\">preventsLazyLoading</span>: <span class=sf-dump-const>false</span>
      #<span class=sf-dump-protected title=\"Protected property\">perPage</span>: <span class=sf-dump-num>15</span>
      +<span class=sf-dump-public title=\"Public property\">exists</span>: <span class=sf-dump-const>true</span>
      +<span class=sf-dump-public title=\"Public property\">wasRecentlyCreated</span>: <span class=sf-dump-const>false</span>
      #<span class=sf-dump-protected title=\"Protected property\">escapeWhenCastingToString</span>: <span class=sf-dump-const>false</span>
      #<span class=sf-dump-protected title=\"Protected property\">attributes</span>: <span class=sf-dump-note>array:41</span> [ &#8230;41]
      #<span class=sf-dump-protected title=\"Protected property\">original</span>: <span class=sf-dump-note>array:41</span> [ &#8230;41]
      #<span class=sf-dump-protected title=\"Protected property\">changes</span>: []
      #<span class=sf-dump-protected title=\"Protected property\">casts</span>: []
      #<span class=sf-dump-protected title=\"Protected property\">classCastCache</span>: []
      #<span class=sf-dump-protected title=\"Protected property\">attributeCastCache</span>: []
      #<span class=sf-dump-protected title=\"Protected property\">dateFormat</span>: <span class=sf-dump-const>null</span>
      #<span class=sf-dump-protected title=\"Protected property\">appends</span>: []
      #<span class=sf-dump-protected title=\"Protected property\">dispatchesEvents</span>: []
      #<span class=sf-dump-protected title=\"Protected property\">observables</span>: []
      #<span class=sf-dump-protected title=\"Protected property\">relations</span>: []
      #<span class=sf-dump-protected title=\"Protected property\">touches</span>: []
      +<span class=sf-dump-public title=\"Public property\">timestamps</span>: <span class=sf-dump-const>true</span>
      +<span class=sf-dump-public title=\"Public property\">usesUniqueIds</span>: <span class=sf-dump-const>false</span>
      #<span class=sf-dump-protected title=\"Protected property\">hidden</span>: []
      #<span class=sf-dump-protected title=\"Protected property\">visible</span>: []
      #<span class=sf-dump-protected title=\"Protected property\">fillable</span>: <span class=sf-dump-note>array:6</span> [ &#8230;6]
      #<span class=sf-dump-protected title=\"Protected property\">guarded</span>: <span class=sf-dump-note>array:1</span> [ &#8230;1]
    </samp>}
    <span class=sf-dump-index>7</span> => <span class=sf-dump-note title=\"App\\Tratamiento
\"><span class=\"sf-dump-ellipsis sf-dump-ellipsis-note\">App</span><span class=\"sf-dump-ellipsis sf-dump-ellipsis-note\">\\</span>Tratamiento</span> {<a class=sf-dump-ref>#2458</a><samp data-depth=3 class=sf-dump-compact>
      #<span class=sf-dump-protected title=\"Protected property\">connection</span>: \"<span class=sf-dump-str title=\"5 characters\">mysql</span>\"
      #<span class=sf-dump-protected title=\"Protected property\">table</span>: \"<span class=sf-dump-str title=\"12 characters\">tratamientos</span>\"
      #<span class=sf-dump-protected title=\"Protected property\">primaryKey</span>: \"<span class=sf-dump-str title=\"7 characters\">ID_Trat</span>\"
      #<span class=sf-dump-protected title=\"Protected property\">keyType</span>: \"<span class=sf-dump-str title=\"3 characters\">int</span>\"
      +<span class=sf-dump-public title=\"Public property\">incrementing</span>: <span class=sf-dump-const>true</span>
      #<span class=sf-dump-protected title=\"Protected property\">with</span>: []
      #<span class=sf-dump-protected title=\"Protected property\">withCount</span>: []
      +<span class=sf-dump-public title=\"Public property\">preventsLazyLoading</span>: <span class=sf-dump-const>false</span>
      #<span class=sf-dump-protected title=\"Protected property\">perPage</span>: <span class=sf-dump-num>15</span>
      +<span class=sf-dump-public title=\"Public property\">exists</span>: <span class=sf-dump-const>true</span>
      +<span class=sf-dump-public title=\"Public property\">wasRecentlyCreated</span>: <span class=sf-dump-const>false</span>
      #<span class=sf-dump-protected title=\"Protected property\">escapeWhenCastingToString</span>: <span class=sf-dump-const>false</span>
      #<span class=sf-dump-protected title=\"Protected property\">attributes</span>: <span class=sf-dump-note>array:41</span> [ &#8230;41]
      #<span class=sf-dump-protected title=\"Protected property\">original</span>: <span class=sf-dump-note>array:41</span> [ &#8230;41]
      #<span class=sf-dump-protected title=\"Protected property\">changes</span>: []
      #<span class=sf-dump-protected title=\"Protected property\">casts</span>: []
      #<span class=sf-dump-protected title=\"Protected property\">classCastCache</span>: []
      #<span class=sf-dump-protected title=\"Protected property\">attributeCastCache</span>: []
      #<span class=sf-dump-protected title=\"Protected property\">dateFormat</span>: <span class=sf-dump-const>null</span>
      #<span class=sf-dump-protected title=\"Protected property\">appends</span>: []
      #<span class=sf-dump-protected title=\"Protected property\">dispatchesEvents</span>: []
      #<span class=sf-dump-protected title=\"Protected property\">observables</span>: []
      #<span class=sf-dump-protected title=\"Protected property\">relations</span>: []
      #<span class=sf-dump-protected title=\"Protected property\">touches</span>: []
      +<span class=sf-dump-public title=\"Public property\">timestamps</span>: <span class=sf-dump-const>true</span>
      +<span class=sf-dump-public title=\"Public property\">usesUniqueIds</span>: <span class=sf-dump-const>false</span>
      #<span class=sf-dump-protected title=\"Protected property\">hidden</span>: []
      #<span class=sf-dump-protected title=\"Protected property\">visible</span>: []
      #<span class=sf-dump-protected title=\"Protected property\">fillable</span>: <span class=sf-dump-note>array:6</span> [ &#8230;6]
      #<span class=sf-dump-protected title=\"Protected property\">guarded</span>: <span class=sf-dump-note>array:1</span> [ &#8230;1]
    </samp>}
    <span class=sf-dump-index>8</span> => <span class=sf-dump-note title=\"App\\Tratamiento
\"><span class=\"sf-dump-ellipsis sf-dump-ellipsis-note\">App</span><span class=\"sf-dump-ellipsis sf-dump-ellipsis-note\">\\</span>Tratamiento</span> {<a class=sf-dump-ref>#2459</a><samp data-depth=3 class=sf-dump-compact>
      #<span class=sf-dump-protected title=\"Protected property\">connection</span>: \"<span class=sf-dump-str title=\"5 characters\">mysql</span>\"
      #<span class=sf-dump-protected title=\"Protected property\">table</span>: \"<span class=sf-dump-str title=\"12 characters\">tratamientos</span>\"
      #<span class=sf-dump-protected title=\"Protected property\">primaryKey</span>: \"<span class=sf-dump-str title=\"7 characters\">ID_Trat</span>\"
      #<span class=sf-dump-protected title=\"Protected property\">keyType</span>: \"<span class=sf-dump-str title=\"3 characters\">int</span>\"
      +<span class=sf-dump-public title=\"Public property\">incrementing</span>: <span class=sf-dump-const>true</span>
      #<span class=sf-dump-protected title=\"Protected property\">with</span>: []
      #<span class=sf-dump-protected title=\"Protected property\">withCount</span>: []
      +<span class=sf-dump-public title=\"Public property\">preventsLazyLoading</span>: <span class=sf-dump-const>false</span>
      #<span class=sf-dump-protected title=\"Protected property\">perPage</span>: <span class=sf-dump-num>15</span>
      +<span class=sf-dump-public title=\"Public property\">exists</span>: <span class=sf-dump-const>true</span>
      +<span class=sf-dump-public title=\"Public property\">wasRecentlyCreated</span>: <span class=sf-dump-const>false</span>
      #<span class=sf-dump-protected title=\"Protected property\">escapeWhenCastingToString</span>: <span class=sf-dump-const>false</span>
      #<span class=sf-dump-protected title=\"Protected property\">attributes</span>: <span class=sf-dump-note>array:41</span> [ &#8230;41]
      #<span class=sf-dump-protected title=\"Protected property\">original</span>: <span class=sf-dump-note>array:41</span> [ &#8230;41]
      #<span class=sf-dump-protected title=\"Protected property\">changes</span>: []
      #<span class=sf-dump-protected title=\"Protected property\">casts</span>: []
      #<span class=sf-dump-protected title=\"Protected property\">classCastCache</span>: []
      #<span class=sf-dump-protected title=\"Protected property\">attributeCastCache</span>: []
      #<span class=sf-dump-protected title=\"Protected property\">dateFormat</span>: <span class=sf-dump-const>null</span>
      #<span class=sf-dump-protected title=\"Protected property\">appends</span>: []
      #<span class=sf-dump-protected title=\"Protected property\">dispatchesEvents</span>: []
      #<span class=sf-dump-protected title=\"Protected property\">observables</span>: []
      #<span class=sf-dump-protected title=\"Protected property\">relations</span>: []
      #<span class=sf-dump-protected title=\"Protected property\">touches</span>: []
      +<span class=sf-dump-public title=\"Public property\">timestamps</span>: <span class=sf-dump-const>true</span>
      +<span class=sf-dump-public title=\"Public property\">usesUniqueIds</span>: <span class=sf-dump-const>false</span>
      #<span class=sf-dump-protected title=\"Protected property\">hidden</span>: []
      #<span class=sf-dump-protected title=\"Protected property\">visible</span>: []
      #<span class=sf-dump-protected title=\"Protected property\">fillable</span>: <span class=sf-dump-note>array:6</span> [ &#8230;6]
      #<span class=sf-dump-protected title=\"Protected property\">guarded</span>: <span class=sf-dump-note>array:1</span> [ &#8230;1]
    </samp>}
    <span class=sf-dump-index>9</span> => <span class=sf-dump-note title=\"App\\Tratamiento
\"><span class=\"sf-dump-ellipsis sf-dump-ellipsis-note\">App</span><span class=\"sf-dump-ellipsis sf-dump-ellipsis-note\">\\</span>Tratamiento</span> {<a class=sf-dump-ref>#2460</a><samp data-depth=3 class=sf-dump-compact>
      #<span class=sf-dump-protected title=\"Protected property\">connection</span>: \"<span class=sf-dump-str title=\"5 characters\">mysql</span>\"
      #<span class=sf-dump-protected title=\"Protected property\">table</span>: \"<span class=sf-dump-str title=\"12 characters\">tratamientos</span>\"
      #<span class=sf-dump-protected title=\"Protected property\">primaryKey</span>: \"<span class=sf-dump-str title=\"7 characters\">ID_Trat</span>\"
      #<span class=sf-dump-protected title=\"Protected property\">keyType</span>: \"<span class=sf-dump-str title=\"3 characters\">int</span>\"
      +<span class=sf-dump-public title=\"Public property\">incrementing</span>: <span class=sf-dump-const>true</span>
      #<span class=sf-dump-protected title=\"Protected property\">with</span>: []
      #<span class=sf-dump-protected title=\"Protected property\">withCount</span>: []
      +<span class=sf-dump-public title=\"Public property\">preventsLazyLoading</span>: <span class=sf-dump-const>false</span>
      #<span class=sf-dump-protected title=\"Protected property\">perPage</span>: <span class=sf-dump-num>15</span>
      +<span class=sf-dump-public title=\"Public property\">exists</span>: <span class=sf-dump-const>true</span>
      +<span class=sf-dump-public title=\"Public property\">wasRecentlyCreated</span>: <span class=sf-dump-const>false</span>
      #<span class=sf-dump-protected title=\"Protected property\">escapeWhenCastingToString</span>: <span class=sf-dump-const>false</span>
      #<span class=sf-dump-protected title=\"Protected property\">attributes</span>: <span class=sf-dump-note>array:41</span> [ &#8230;41]
      #<span class=sf-dump-protected title=\"Protected property\">original</span>: <span class=sf-dump-note>array:41</span> [ &#8230;41]
      #<span class=sf-dump-protected title=\"Protected property\">changes</span>: []
      #<span class=sf-dump-protected title=\"Protected property\">casts</span>: []
      #<span class=sf-dump-protected title=\"Protected property\">classCastCache</span>: []
      #<span class=sf-dump-protected title=\"Protected property\">attributeCastCache</span>: []
      #<span class=sf-dump-protected title=\"Protected property\">dateFormat</span>: <span class=sf-dump-const>null</span>
      #<span class=sf-dump-protected title=\"Protected property\">appends</span>: []
      #<span class=sf-dump-protected title=\"Protected property\">dispatchesEvents</span>: []
      #<span class=sf-dump-protected title=\"Protected property\">observables</span>: []
      #<span class=sf-dump-protected title=\"Protected property\">relations</span>: []
      #<span class=sf-dump-protected title=\"Protected property\">touches</span>: []
      +<span class=sf-dump-public title=\"Public property\">timestamps</span>: <span class=sf-dump-const>true</span>
      +<span class=sf-dump-public title=\"Public property\">usesUniqueIds</span>: <span class=sf-dump-const>false</span>
      #<span class=sf-dump-protected title=\"Protected property\">hidden</span>: []
      #<span class=sf-dump-protected title=\"Protected property\">visible</span>: []
      #<span class=sf-dump-protected title=\"Protected property\">fillable</span>: <span class=sf-dump-note>array:6</span> [ &#8230;6]
      #<span class=sf-dump-protected title=\"Protected property\">guarded</span>: <span class=sf-dump-note>array:1</span> [ &#8230;1]
    </samp>}
    <span class=sf-dump-index>10</span> => <span class=sf-dump-note title=\"App\\Tratamiento
\"><span class=\"sf-dump-ellipsis sf-dump-ellipsis-note\">App</span><span class=\"sf-dump-ellipsis sf-dump-ellipsis-note\">\\</span>Tratamiento</span> {<a class=sf-dump-ref>#2461</a><samp data-depth=3 class=sf-dump-compact>
      #<span class=sf-dump-protected title=\"Protected property\">connection</span>: \"<span class=sf-dump-str title=\"5 characters\">mysql</span>\"
      #<span class=sf-dump-protected title=\"Protected property\">table</span>: \"<span class=sf-dump-str title=\"12 characters\">tratamientos</span>\"
      #<span class=sf-dump-protected title=\"Protected property\">primaryKey</span>: \"<span class=sf-dump-str title=\"7 characters\">ID_Trat</span>\"
      #<span class=sf-dump-protected title=\"Protected property\">keyType</span>: \"<span class=sf-dump-str title=\"3 characters\">int</span>\"
      +<span class=sf-dump-public title=\"Public property\">incrementing</span>: <span class=sf-dump-const>true</span>
      #<span class=sf-dump-protected title=\"Protected property\">with</span>: []
      #<span class=sf-dump-protected title=\"Protected property\">withCount</span>: []
      +<span class=sf-dump-public title=\"Public property\">preventsLazyLoading</span>: <span class=sf-dump-const>false</span>
      #<span class=sf-dump-protected title=\"Protected property\">perPage</span>: <span class=sf-dump-num>15</span>
      +<span class=sf-dump-public title=\"Public property\">exists</span>: <span class=sf-dump-const>true</span>
      +<span class=sf-dump-public title=\"Public property\">wasRecentlyCreated</span>: <span class=sf-dump-const>false</span>
      #<span class=sf-dump-protected title=\"Protected property\">escapeWhenCastingToString</span>: <span class=sf-dump-const>false</span>
      #<span class=sf-dump-protected title=\"Protected property\">attributes</span>: <span class=sf-dump-note>array:41</span> [ &#8230;41]
      #<span class=sf-dump-protected title=\"Protected property\">original</span>: <span class=sf-dump-note>array:41</span> [ &#8230;41]
      #<span class=sf-dump-protected title=\"Protected property\">changes</span>: []
      #<span class=sf-dump-protected title=\"Protected property\">casts</span>: []
      #<span class=sf-dump-protected title=\"Protected property\">classCastCache</span>: []
      #<span class=sf-dump-protected title=\"Protected property\">attributeCastCache</span>: []
      #<span class=sf-dump-protected title=\"Protected property\">dateFormat</span>: <span class=sf-dump-const>null</span>
      #<span class=sf-dump-protected title=\"Protected property\">appends</span>: []
      #<span class=sf-dump-protected title=\"Protected property\">dispatchesEvents</span>: []
      #<span class=sf-dump-protected title=\"Protected property\">observables</span>: []
      #<span class=sf-dump-protected title=\"Protected property\">relations</span>: []
      #<span class=sf-dump-protected title=\"Protected property\">touches</span>: []
      +<span class=sf-dump-public title=\"Public property\">timestamps</span>: <span class=sf-dump-const>true</span>
      +<span class=sf-dump-public title=\"Public property\">usesUniqueIds</span>: <span class=sf-dump-const>false</span>
      #<span class=sf-dump-protected title=\"Protected property\">hidden</span>: []
      #<span class=sf-dump-protected title=\"Protected property\">visible</span>: []
      #<span class=sf-dump-protected title=\"Protected property\">fillable</span>: <span class=sf-dump-note>array:6</span> [ &#8230;6]
      #<span class=sf-dump-protected title=\"Protected property\">guarded</span>: <span class=sf-dump-note>array:1</span> [ &#8230;1]
    </samp>}
    <span class=sf-dump-index>11</span> => <span class=sf-dump-note title=\"App\\Tratamiento
\"><span class=\"sf-dump-ellipsis sf-dump-ellipsis-note\">App</span><span class=\"sf-dump-ellipsis sf-dump-ellipsis-note\">\\</span>Tratamiento</span> {<a class=sf-dump-ref>#2462</a><samp data-depth=3 class=sf-dump-compact>
      #<span class=sf-dump-protected title=\"Protected property\">connection</span>: \"<span class=sf-dump-str title=\"5 characters\">mysql</span>\"
      #<span class=sf-dump-protected title=\"Protected property\">table</span>: \"<span class=sf-dump-str title=\"12 characters\">tratamientos</span>\"
      #<span class=sf-dump-protected title=\"Protected property\">primaryKey</span>: \"<span class=sf-dump-str title=\"7 characters\">ID_Trat</span>\"
      #<span class=sf-dump-protected title=\"Protected property\">keyType</span>: \"<span class=sf-dump-str title=\"3 characters\">int</span>\"
      +<span class=sf-dump-public title=\"Public property\">incrementing</span>: <span class=sf-dump-const>true</span>
      #<span class=sf-dump-protected title=\"Protected property\">with</span>: []
      #<span class=sf-dump-protected title=\"Protected property\">withCount</span>: []
      +<span class=sf-dump-public title=\"Public property\">preventsLazyLoading</span>: <span class=sf-dump-const>false</span>
      #<span class=sf-dump-protected title=\"Protected property\">perPage</span>: <span class=sf-dump-num>15</span>
      +<span class=sf-dump-public title=\"Public property\">exists</span>: <span class=sf-dump-const>true</span>
      +<span class=sf-dump-public title=\"Public property\">wasRecentlyCreated</span>: <span class=sf-dump-const>false</span>
      #<span class=sf-dump-protected title=\"Protected property\">escapeWhenCastingToString</span>: <span class=sf-dump-const>false</span>
      #<span class=sf-dump-protected title=\"Protected property\">attributes</span>: <span class=sf-dump-note>array:41</span> [ &#8230;41]
      #<span class=sf-dump-protected title=\"Protected property\">original</span>: <span class=sf-dump-note>array:41</span> [ &#8230;41]
      #<span class=sf-dump-protected title=\"Protected property\">changes</span>: []
      #<span class=sf-dump-protected title=\"Protected property\">casts</span>: []
      #<span class=sf-dump-protected title=\"Protected property\">classCastCache</span>: []
      #<span class=sf-dump-protected title=\"Protected property\">attributeCastCache</span>: []
      #<span class=sf-dump-protected title=\"Protected property\">dateFormat</span>: <span class=sf-dump-const>null</span>
      #<span class=sf-dump-protected title=\"Protected property\">appends</span>: []
      #<span class=sf-dump-protected title=\"Protected property\">dispatchesEvents</span>: []
      #<span class=sf-dump-protected title=\"Protected property\">observables</span>: []
      #<span class=sf-dump-protected title=\"Protected property\">relations</span>: []
      #<span class=sf-dump-protected title=\"Protected property\">touches</span>: []
      +<span class=sf-dump-public title=\"Public property\">timestamps</span>: <span class=sf-dump-const>true</span>
      +<span class=sf-dump-public title=\"Public property\">usesUniqueIds</span>: <span class=sf-dump-const>false</span>
      #<span class=sf-dump-protected title=\"Protected property\">hidden</span>: []
      #<span class=sf-dump-protected title=\"Protected property\">visible</span>: []
      #<span class=sf-dump-protected title=\"Protected property\">fillable</span>: <span class=sf-dump-note>array:6</span> [ &#8230;6]
      #<span class=sf-dump-protected title=\"Protected property\">guarded</span>: <span class=sf-dump-note>array:1</span> [ &#8230;1]
    </samp>}
    <span class=sf-dump-index>12</span> => <span class=sf-dump-note title=\"App\\Tratamiento
\"><span class=\"sf-dump-ellipsis sf-dump-ellipsis-note\">App</span><span class=\"sf-dump-ellipsis sf-dump-ellipsis-note\">\\</span>Tratamiento</span> {<a class=sf-dump-ref>#2463</a><samp data-depth=3 class=sf-dump-compact>
      #<span class=sf-dump-protected title=\"Protected property\">connection</span>: \"<span class=sf-dump-str title=\"5 characters\">mysql</span>\"
      #<span class=sf-dump-protected title=\"Protected property\">table</span>: \"<span class=sf-dump-str title=\"12 characters\">tratamientos</span>\"
      #<span class=sf-dump-protected title=\"Protected property\">primaryKey</span>: \"<span class=sf-dump-str title=\"7 characters\">ID_Trat</span>\"
      #<span class=sf-dump-protected title=\"Protected property\">keyType</span>: \"<span class=sf-dump-str title=\"3 characters\">int</span>\"
      +<span class=sf-dump-public title=\"Public property\">incrementing</span>: <span class=sf-dump-const>true</span>
      #<span class=sf-dump-protected title=\"Protected property\">with</span>: []
      #<span class=sf-dump-protected title=\"Protected property\">withCount</span>: []
      +<span class=sf-dump-public title=\"Public property\">preventsLazyLoading</span>: <span class=sf-dump-const>false</span>
      #<span class=sf-dump-protected title=\"Protected property\">perPage</span>: <span class=sf-dump-num>15</span>
      +<span class=sf-dump-public title=\"Public property\">exists</span>: <span class=sf-dump-const>true</span>
      +<span class=sf-dump-public title=\"Public property\">wasRecentlyCreated</span>: <span class=sf-dump-const>false</span>
      #<span class=sf-dump-protected title=\"Protected property\">escapeWhenCastingToString</span>: <span class=sf-dump-const>false</span>
      #<span class=sf-dump-protected title=\"Protected property\">attributes</span>: <span class=sf-dump-note>array:41</span> [ &#8230;41]
      #<span class=sf-dump-protected title=\"Protected property\">original</span>: <span class=sf-dump-note>array:41</span> [ &#8230;41]
      #<span class=sf-dump-protected title=\"Protected property\">changes</span>: []
      #<span class=sf-dump-protected title=\"Protected property\">casts</span>: []
      #<span class=sf-dump-protected title=\"Protected property\">classCastCache</span>: []
      #<span class=sf-dump-protected title=\"Protected property\">attributeCastCache</span>: []
      #<span class=sf-dump-protected title=\"Protected property\">dateFormat</span>: <span class=sf-dump-const>null</span>
      #<span class=sf-dump-protected title=\"Protected property\">appends</span>: []
      #<span class=sf-dump-protected title=\"Protected property\">dispatchesEvents</span>: []
      #<span class=sf-dump-protected title=\"Protected property\">observables</span>: []
      #<span class=sf-dump-protected title=\"Protected property\">relations</span>: []
      #<span class=sf-dump-protected title=\"Protected property\">touches</span>: []
      +<span class=sf-dump-public title=\"Public property\">timestamps</span>: <span class=sf-dump-const>true</span>
      +<span class=sf-dump-public title=\"Public property\">usesUniqueIds</span>: <span class=sf-dump-const>false</span>
      #<span class=sf-dump-protected title=\"Protected property\">hidden</span>: []
      #<span class=sf-dump-protected title=\"Protected property\">visible</span>: []
      #<span class=sf-dump-protected title=\"Protected property\">fillable</span>: <span class=sf-dump-note>array:6</span> [ &#8230;6]
      #<span class=sf-dump-protected title=\"Protected property\">guarded</span>: <span class=sf-dump-note>array:1</span> [ &#8230;1]
    </samp>}
    <span class=sf-dump-index>13</span> => <span class=sf-dump-note title=\"App\\Tratamiento
\"><span class=\"sf-dump-ellipsis sf-dump-ellipsis-note\">App</span><span class=\"sf-dump-ellipsis sf-dump-ellipsis-note\">\\</span>Tratamiento</span> {<a class=sf-dump-ref>#2464</a><samp data-depth=3 class=sf-dump-compact>
      #<span class=sf-dump-protected title=\"Protected property\">connection</span>: \"<span class=sf-dump-str title=\"5 characters\">mysql</span>\"
      #<span class=sf-dump-protected title=\"Protected property\">table</span>: \"<span class=sf-dump-str title=\"12 characters\">tratamientos</span>\"
      #<span class=sf-dump-protected title=\"Protected property\">primaryKey</span>: \"<span class=sf-dump-str title=\"7 characters\">ID_Trat</span>\"
      #<span class=sf-dump-protected title=\"Protected property\">keyType</span>: \"<span class=sf-dump-str title=\"3 characters\">int</span>\"
      +<span class=sf-dump-public title=\"Public property\">incrementing</span>: <span class=sf-dump-const>true</span>
      #<span class=sf-dump-protected title=\"Protected property\">with</span>: []
      #<span class=sf-dump-protected title=\"Protected property\">withCount</span>: []
      +<span class=sf-dump-public title=\"Public property\">preventsLazyLoading</span>: <span class=sf-dump-const>false</span>
      #<span class=sf-dump-protected title=\"Protected property\">perPage</span>: <span class=sf-dump-num>15</span>
      +<span class=sf-dump-public title=\"Public property\">exists</span>: <span class=sf-dump-const>true</span>
      +<span class=sf-dump-public title=\"Public property\">wasRecentlyCreated</span>: <span class=sf-dump-const>false</span>
      #<span class=sf-dump-protected title=\"Protected property\">escapeWhenCastingToString</span>: <span class=sf-dump-const>false</span>
      #<span class=sf-dump-protected title=\"Protected property\">attributes</span>: <span class=sf-dump-note>array:41</span> [ &#8230;41]
      #<span class=sf-dump-protected title=\"Protected property\">original</span>: <span class=sf-dump-note>array:41</span> [ &#8230;41]
      #<span class=sf-dump-protected title=\"Protected property\">changes</span>: []
      #<span class=sf-dump-protected title=\"Protected property\">casts</span>: []
      #<span class=sf-dump-protected title=\"Protected property\">classCastCache</span>: []
      #<span class=sf-dump-protected title=\"Protected property\">attributeCastCache</span>: []
      #<span class=sf-dump-protected title=\"Protected property\">dateFormat</span>: <span class=sf-dump-const>null</span>
      #<span class=sf-dump-protected title=\"Protected property\">appends</span>: []
      #<span class=sf-dump-protected title=\"Protected property\">dispatchesEvents</span>: []
      #<span class=sf-dump-protected title=\"Protected property\">observables</span>: []
      #<span class=sf-dump-protected title=\"Protected property\">relations</span>: []
      #<span class=sf-dump-protected title=\"Protected property\">touches</span>: []
      +<span class=sf-dump-public title=\"Public property\">timestamps</span>: <span class=sf-dump-const>true</span>
      +<span class=sf-dump-public title=\"Public property\">usesUniqueIds</span>: <span class=sf-dump-const>false</span>
      #<span class=sf-dump-protected title=\"Protected property\">hidden</span>: []
      #<span class=sf-dump-protected title=\"Protected property\">visible</span>: []
      #<span class=sf-dump-protected title=\"Protected property\">fillable</span>: <span class=sf-dump-note>array:6</span> [ &#8230;6]
      #<span class=sf-dump-protected title=\"Protected property\">guarded</span>: <span class=sf-dump-note>array:1</span> [ &#8230;1]
    </samp>}
    <span class=sf-dump-index>14</span> => <span class=sf-dump-note title=\"App\\Tratamiento
\"><span class=\"sf-dump-ellipsis sf-dump-ellipsis-note\">App</span><span class=\"sf-dump-ellipsis sf-dump-ellipsis-note\">\\</span>Tratamiento</span> {<a class=sf-dump-ref>#2465</a><samp data-depth=3 class=sf-dump-compact>
      #<span class=sf-dump-protected title=\"Protected property\">connection</span>: \"<span class=sf-dump-str title=\"5 characters\">mysql</span>\"
      #<span class=sf-dump-protected title=\"Protected property\">table</span>: \"<span class=sf-dump-str title=\"12 characters\">tratamientos</span>\"
      #<span class=sf-dump-protected title=\"Protected property\">primaryKey</span>: \"<span class=sf-dump-str title=\"7 characters\">ID_Trat</span>\"
      #<span class=sf-dump-protected title=\"Protected property\">keyType</span>: \"<span class=sf-dump-str title=\"3 characters\">int</span>\"
      +<span class=sf-dump-public title=\"Public property\">incrementing</span>: <span class=sf-dump-const>true</span>
      #<span class=sf-dump-protected title=\"Protected property\">with</span>: []
      #<span class=sf-dump-protected title=\"Protected property\">withCount</span>: []
      +<span class=sf-dump-public title=\"Public property\">preventsLazyLoading</span>: <span class=sf-dump-const>false</span>
      #<span class=sf-dump-protected title=\"Protected property\">perPage</span>: <span class=sf-dump-num>15</span>
      +<span class=sf-dump-public title=\"Public property\">exists</span>: <span class=sf-dump-const>true</span>
      +<span class=sf-dump-public title=\"Public property\">wasRecentlyCreated</span>: <span class=sf-dump-const>false</span>
      #<span class=sf-dump-protected title=\"Protected property\">escapeWhenCastingToString</span>: <span class=sf-dump-const>false</span>
      #<span class=sf-dump-protected title=\"Protected property\">attributes</span>: <span class=sf-dump-note>array:41</span> [ &#8230;41]
      #<span class=sf-dump-protected title=\"Protected property\">original</span>: <span class=sf-dump-note>array:41</span> [ &#8230;41]
      #<span class=sf-dump-protected title=\"Protected property\">changes</span>: []
      #<span class=sf-dump-protected title=\"Protected property\">casts</span>: []
      #<span class=sf-dump-protected title=\"Protected property\">classCastCache</span>: []
      #<span class=sf-dump-protected title=\"Protected property\">attributeCastCache</span>: []
      #<span class=sf-dump-protected title=\"Protected property\">dateFormat</span>: <span class=sf-dump-const>null</span>
      #<span class=sf-dump-protected title=\"Protected property\">appends</span>: []
      #<span class=sf-dump-protected title=\"Protected property\">dispatchesEvents</span>: []
      #<span class=sf-dump-protected title=\"Protected property\">observables</span>: []
      #<span class=sf-dump-protected title=\"Protected property\">relations</span>: []
      #<span class=sf-dump-protected title=\"Protected property\">touches</span>: []
      +<span class=sf-dump-public title=\"Public property\">timestamps</span>: <span class=sf-dump-const>true</span>
      +<span class=sf-dump-public title=\"Public property\">usesUniqueIds</span>: <span class=sf-dump-const>false</span>
      #<span class=sf-dump-protected title=\"Protected property\">hidden</span>: []
      #<span class=sf-dump-protected title=\"Protected property\">visible</span>: []
      #<span class=sf-dump-protected title=\"Protected property\">fillable</span>: <span class=sf-dump-note>array:6</span> [ &#8230;6]
      #<span class=sf-dump-protected title=\"Protected property\">guarded</span>: <span class=sf-dump-note>array:1</span> [ &#8230;1]
    </samp>}
    <span class=sf-dump-index>15</span> => <span class=sf-dump-note title=\"App\\Tratamiento
\"><span class=\"sf-dump-ellipsis sf-dump-ellipsis-note\">App</span><span class=\"sf-dump-ellipsis sf-dump-ellipsis-note\">\\</span>Tratamiento</span> {<a class=sf-dump-ref>#2466</a><samp data-depth=3 class=sf-dump-compact>
      #<span class=sf-dump-protected title=\"Protected property\">connection</span>: \"<span class=sf-dump-str title=\"5 characters\">mysql</span>\"
      #<span class=sf-dump-protected title=\"Protected property\">table</span>: \"<span class=sf-dump-str title=\"12 characters\">tratamientos</span>\"
      #<span class=sf-dump-protected title=\"Protected property\">primaryKey</span>: \"<span class=sf-dump-str title=\"7 characters\">ID_Trat</span>\"
      #<span class=sf-dump-protected title=\"Protected property\">keyType</span>: \"<span class=sf-dump-str title=\"3 characters\">int</span>\"
      +<span class=sf-dump-public title=\"Public property\">incrementing</span>: <span class=sf-dump-const>true</span>
      #<span class=sf-dump-protected title=\"Protected property\">with</span>: []
      #<span class=sf-dump-protected title=\"Protected property\">withCount</span>: []
      +<span class=sf-dump-public title=\"Public property\">preventsLazyLoading</span>: <span class=sf-dump-const>false</span>
      #<span class=sf-dump-protected title=\"Protected property\">perPage</span>: <span class=sf-dump-num>15</span>
      +<span class=sf-dump-public title=\"Public property\">exists</span>: <span class=sf-dump-const>true</span>
      +<span class=sf-dump-public title=\"Public property\">wasRecentlyCreated</span>: <span class=sf-dump-const>false</span>
      #<span class=sf-dump-protected title=\"Protected property\">escapeWhenCastingToString</span>: <span class=sf-dump-const>false</span>
      #<span class=sf-dump-protected title=\"Protected property\">attributes</span>: <span class=sf-dump-note>array:41</span> [ &#8230;41]
      #<span class=sf-dump-protected title=\"Protected property\">original</span>: <span class=sf-dump-note>array:41</span> [ &#8230;41]
      #<span class=sf-dump-protected title=\"Protected property\">changes</span>: []
      #<span class=sf-dump-protected title=\"Protected property\">casts</span>: []
      #<span class=sf-dump-protected title=\"Protected property\">classCastCache</span>: []
      #<span class=sf-dump-protected title=\"Protected property\">attributeCastCache</span>: []
      #<span class=sf-dump-protected title=\"Protected property\">dateFormat</span>: <span class=sf-dump-const>null</span>
      #<span class=sf-dump-protected title=\"Protected property\">appends</span>: []
      #<span class=sf-dump-protected title=\"Protected property\">dispatchesEvents</span>: []
      #<span class=sf-dump-protected title=\"Protected property\">observables</span>: []
      #<span class=sf-dump-protected title=\"Protected property\">relations</span>: []
      #<span class=sf-dump-protected title=\"Protected property\">touches</span>: []
      +<span class=sf-dump-public title=\"Public property\">timestamps</span>: <span class=sf-dump-const>true</span>
      +<span class=sf-dump-public title=\"Public property\">usesUniqueIds</span>: <span class=sf-dump-const>false</span>
      #<span class=sf-dump-protected title=\"Protected property\">hidden</span>: []
      #<span class=sf-dump-protected title=\"Protected property\">visible</span>: []
      #<span class=sf-dump-protected title=\"Protected property\">fillable</span>: <span class=sf-dump-note>array:6</span> [ &#8230;6]
      #<span class=sf-dump-protected title=\"Protected property\">guarded</span>: <span class=sf-dump-note>array:1</span> [ &#8230;1]
    </samp>}
  </samp>]
  #<span class=sf-dump-protected title=\"Protected property\">escapeWhenCastingToString</span>: <span class=sf-dump-const>false</span>
</samp>}
</pre><script>Sfdump(\"sf-dump-1836475771\", {\"maxDepth\":3,\"maxStringLength\":160})</script>
","Observaciones":"<pre class=sf-dump id=sf-dump-869466739 data-indent-pad=\"  \"><span class=sf-dump-note>Illuminate\\Database\\Eloquent\\Collection</span> {<a class=sf-dump-ref>#2232</a><samp data-depth=1 class=sf-dump-expanded>
  #<span class=sf-dump-protected title=\"Protected property\">items</span>: <span class=sf-dump-note>array:1</span> [<samp data-depth=2 class=sf-dump-compact>
    <span class=sf-dump-index>0</span> => <span class=sf-dump-note title=\"App\\Observacion
\"><span class=\"sf-dump-ellipsis sf-dump-ellipsis-note\">App</span><span class=\"sf-dump-ellipsis sf-dump-ellipsis-note\">\\</span>Observacion</span> {<a class=sf-dump-ref>#2221</a><samp data-depth=3 class=sf-dump-compact>
      #<span class=sf-dump-protected title=\"Protected property\">connection</span>: \"<span class=sf-dump-str title=\"5 characters\">mysql</span>\"
      #<span class=sf-dump-protected title=\"Protected property\">table</span>: \"<span class=sf-dump-str title=\"12 characters\">observacions</span>\"
      #<span class=sf-dump-protected title=\"Protected property\">primaryKey</span>: \"<span class=sf-dump-str title=\"6 characters\">ID_Obs</span>\"
      #<span class=sf-dump-protected title=\"Protected property\">keyType</span>: \"<span class=sf-dump-str title=\"3 characters\">int</span>\"
      +<span class=sf-dump-public title=\"Public property\">incrementing</span>: <span class=sf-dump-const>true</span>
      #<span class=sf-dump-protected title=\"Protected property\">with</span>: []
      #<span class=sf-dump-protected title=\"Protected property\">withCount</span>: []
      +<span class=sf-dump-public title=\"Public property\">preventsLazyLoading</span>: <span class=sf-dump-const>false</span>
      #<span class=sf-dump-protected title=\"Protected property\">perPage</span>: <span class=sf-dump-num>15</span>
      +<span class=sf-dump-public title=\"Public property\">exists</span>: <span class=sf-dump-const>true</span>
      +<span class=sf-dump-public title=\"Public property\">wasRecentlyCreated</span>: <span class=sf-dump-const>false</span>
      #<span class=sf-dump-protected title=\"Protected property\">escapeWhenCastingToString</span>: <span class=sf-dump-const>false</span>
      #<span class=sf-dump-protected title=\"Protected property\">attributes</span>: <span class=sf-dump-note>array:12</span> [ &#8230;12]
      #<span class=sf-dump-protected title=\"Protected property\">original</span>: <span class=sf-dump-note>array:12</span> [ &#8230;12]
      #<span class=sf-dump-protected title=\"Protected property\">changes</span>: []
      #<span class=sf-dump-protected title=\"Protected property\">casts</span>: []
      #<span class=sf-dump-protected title=\"Protected property\">classCastCache</span>: []
      #<span class=sf-dump-protected title=\"Protected property\">attributeCastCache</span>: []
      #<span class=sf-dump-protected title=\"Protected property\">dateFormat</span>: <span class=sf-dump-const>null</span>
      #<span class=sf-dump-protected title=\"Protected property\">appends</span>: []
      #<span class=sf-dump-protected title=\"Protected property\">dispatchesEvents</span>: []
      #<span class=sf-dump-protected title=\"Protected property\">observables</span>: []
      #<span class=sf-dump-protected title=\"Protected property\">relations</span>: []
      #<span class=sf-dump-protected title=\"Protected property\">touches</span>: []
      +<span class=sf-dump-public title=\"Public property\">timestamps</span>: <span class=sf-dump-const>true</span>
      +<span class=sf-dump-public title=\"Public property\">usesUniqueIds</span>: <span class=sf-dump-const>false</span>
      #<span class=sf-dump-protected title=\"Protected property\">hidden</span>: []
      #<span class=sf-dump-protected title=\"Protected property\">visible</span>: []
      #<span class=sf-dump-protected title=\"Protected property\">fillable</span>: <span class=sf-dump-note>array:8</span> [ &#8230;8]
      #<span class=sf-dump-protected title=\"Protected property\">guarded</span>: <span class=sf-dump-note>array:1</span> [ &#8230;1]
    </samp>}
  </samp>]
  #<span class=sf-dump-protected title=\"Protected property\">escapeWhenCastingToString</span>: <span class=sf-dump-const>false</span>
</samp>}
</pre><script>Sfdump(\"sf-dump-869466739\", {\"maxDepth\":3,\"maxStringLength\":160})</script>
","PublicRespels":"<pre class=sf-dump id=sf-dump-1966401360 data-indent-pad=\"  \"><span class=sf-dump-note>Illuminate\\Support\\Collection</span> {<a class=sf-dump-ref>#2401</a><samp data-depth=1 class=sf-dump-expanded>
  #<span class=sf-dump-protected title=\"Protected property\">items</span>: <span class=sf-dump-note>array:3</span> [<samp data-depth=2 class=sf-dump-compact>
    <span class=sf-dump-index>0</span> => {<a class=sf-dump-ref>#2398</a><samp data-depth=3 class=sf-dump-compact>
      +\"<span class=sf-dump-public title=\"Runtime added dynamic property\">ID_Respel</span>\": <span class=sf-dump-num>1203</span>
      +\"<span class=sf-dump-public title=\"Runtime added dynamic property\">YRespelClasf4741</span>\": \"<span class=sf-dump-str title=\"2 characters\">Y1</span>\"
      +\"<span class=sf-dump-public title=\"Runtime added dynamic property\">ARespelClasf4741</span>\": <span class=sf-dump-const>null</span>
    </samp>}
    <span class=sf-dump-index>1</span> => {<a class=sf-dump-ref>#2408</a><samp data-depth=3 class=sf-dump-compact>
      +\"<span class=sf-dump-public title=\"Runtime added dynamic property\">ID_Respel</span>\": <span class=sf-dump-num>1204</span>
      +\"<span class=sf-dump-public title=\"Runtime added dynamic property\">YRespelClasf4741</span>\": \"<span class=sf-dump-str title=\"2 characters\">Y1</span>\"
      +\"<span class=sf-dump-public title=\"Runtime added dynamic property\">ARespelClasf4741</span>\": <span class=sf-dump-const>null</span>
    </samp>}
    <span class=sf-dump-index>2</span> => {<a class=sf-dump-ref>#2399</a><samp data-depth=3 class=sf-dump-compact>
      +\"<span class=sf-dump-public title=\"Runtime added dynamic property\">ID_Respel</span>\": <span class=sf-dump-num>9474</span>
      +\"<span class=sf-dump-public title=\"Runtime added dynamic property\">YRespelClasf4741</span>\": \"<span class=sf-dump-str title=\"2 characters\">Y3</span>\"
      +\"<span class=sf-dump-public title=\"Runtime added dynamic property\">ARespelClasf4741</span>\": <span class=sf-dump-const>null</span>
    </samp>}
  </samp>]
  #<span class=sf-dump-protected title=\"Protected property\">escapeWhenCastingToString</span>: <span class=sf-dump-const>false</span>
</samp>}
</pre><script>Sfdump(\"sf-dump-1966401360\", {\"maxDepth\":3,\"maxStringLength\":160})</script>
"}},"userId":1,"exception":"[object] (Spatie\\LaravelIgnition\\Exceptions\\ViewException(code: 0): syntax error, unexpected token \")\" at C:\\laragon\\www\\lprosarc2\\resources\\views\\solicitud-serv\\show.blade.php:1973)
[stacktrace]
#0 C:\\laragon\\www\\lprosarc2\\vendor\\laravel\\framework\\src\\Illuminate\\Filesystem\\Filesystem.php(124): Illuminate\\Filesystem\\Filesystem::Illuminate\\Filesystem\\{closure}()
#1 C:\\laragon\\www\\lprosarc2\\vendor\\laravel\\framework\\src\\Illuminate\\View\\Engines\\PhpEngine.php(58): Illuminate\\Filesystem\\Filesystem->getRequire('C:\\\\laragon\\\\www\\\\...', Array)
#2 C:\\laragon\\www\\lprosarc2\\vendor\\laravel\\framework\\src\\Illuminate\\View\\Engines\\CompilerEngine.php(73): Illuminate\\View\\Engines\\PhpEngine->evaluatePath('C:\\\\laragon\\\\www\\\\...', Array)
#3 C:\\laragon\\www\\lprosarc2\\vendor\\laravel\\framework\\src\\Illuminate\\View\\View.php(208): Illuminate\\View\\Engines\\CompilerEngine->get('C:\\\\laragon\\\\www\\\\...', Array)
#4 C:\\laragon\\www\\lprosarc2\\vendor\\laravel\\framework\\src\\Illuminate\\View\\View.php(191): Illuminate\\View\\View->getContents()
#5 C:\\laragon\\www\\lprosarc2\\vendor\\laravel\\framework\\src\\Illuminate\\View\\View.php(160): Illuminate\\View\\View->renderContents()
#6 C:\\laragon\\www\\lprosarc2\\vendor\\laravel\\framework\\src\\Illuminate\\Http\\Response.php(70): Illuminate\\View\\View->render()
#7 C:\\laragon\\www\\lprosarc2\\vendor\\laravel\\framework\\src\\Illuminate\\Http\\Response.php(35): Illuminate\\Http\\Response->setContent(Object(Illuminate\\View\\View))
#8 C:\\laragon\\www\\lprosarc2\\vendor\\laravel\\framework\\src\\Illuminate\\Routing\\Router.php(920): Illuminate\\Http\\Response->__construct(Object(Illuminate\\View\\View), 200, Array)
#9 C:\\laragon\\www\\lprosarc2\\vendor\\laravel\\framework\\src\\Illuminate\\Routing\\Router.php(887): Illuminate\\Routing\\Router::toResponse(Object(Illuminate\\Http\\Request), Object(Illuminate\\View\\View))
#10 C:\\laragon\\www\\lprosarc2\\vendor\\laravel\\framework\\src\\Illuminate\\Routing\\Router.php(807): Illuminate\\Routing\\Router->prepareResponse(Object(Illuminate\\Http\\Request), Object(Illuminate\\View\\View))
#11 C:\\laragon\\www\\lprosarc2\\vendor\\laravel\\framework\\src\\Illuminate\\Pipeline\\Pipeline.php(144): Illuminate\\Routing\\Router->Illuminate\\Routing\\{closure}(Object(Illuminate\\Http\\Request))
#12 C:\\laragon\\www\\lprosarc2\\vendor\\laravel\\framework\\src\\Illuminate\\Auth\\Middleware\\EnsureEmailIsVerified.php(41): Illuminate\\Pipeline\\Pipeline->Illuminate\\Pipeline\\{closure}(Object(Illuminate\\Http\\Request))
#13 C:\\laragon\\www\\lprosarc2\\vendor\\laravel\\framework\\src\\Illuminate\\Pipeline\\Pipeline.php(183): Illuminate\\Auth\\Middleware\\EnsureEmailIsVerified->handle(Object(Illuminate\\Http\\Request), Object(Closure))
#14 C:\\laragon\\www\\lprosarc2\\vendor\\laravel\\framework\\src\\Illuminate\\Routing\\Middleware\\SubstituteBindings.php(51): Illuminate\\Pipeline\\Pipeline->Illuminate\\Pipeline\\{closure}(Object(Illuminate\\Http\\Request))
#15 C:\\laragon\\www\\lprosarc2\\vendor\\laravel\\framework\\src\\Illuminate\\Pipeline\\Pipeline.php(183): Illuminate\\Routing\\Middleware\\SubstituteBindings->handle(Object(Illuminate\\Http\\Request), Object(Closure))
#16 C:\\laragon\\www\\lprosarc2\\vendor\\laravel\\framework\\src\\Illuminate\\Auth\\Middleware\\Authenticate.php(64): Illuminate\\Pipeline\\Pipeline->Illuminate\\Pipeline\\{closure}(Object(Illuminate\\Http\\Request))
#17 C:\\laragon\\www\\lprosarc2\\vendor\\laravel\\framework\\src\\Illuminate\\Pipeline\\Pipeline.php(183): Illuminate\\Auth\\Middleware\\Authenticate->handle(Object(Illuminate\\Http\\Request), Object(Closure))
#18 C:\\laragon\\www\\lprosarc2\\vendor\\laravel\\framework\\src\\Illuminate\\Foundation\\Http\\Middleware\\VerifyCsrfToken.php(88): Illuminate\\Pipeline\\Pipeline->Illuminate\\Pipeline\\{closure}(Object(Illuminate\\Http\\Request))
#19 C:\\laragon\\www\\lprosarc2\\vendor\\laravel\\framework\\src\\Illuminate\\Pipeline\\Pipeline.php(183): Illuminate\\Foundation\\Http\\Middleware\\VerifyCsrfToken->handle(Object(Illuminate\\Http\\Request), Object(Closure))
#20 C:\\laragon\\www\\lprosarc2\\vendor\\laravel\\framework\\src\\Illuminate\\View\\Middleware\\ShareErrorsFromSession.php(49): Illuminate\\Pipeline\\Pipeline->Illuminate\\Pipeline\\{closure}(Object(Illuminate\\Http\\Request))
#21 C:\\laragon\\www\\lprosarc2\\vendor\\laravel\\framework\\src\\Illuminate\\Pipeline\\Pipeline.php(183): Illuminate\\View\\Middleware\\ShareErrorsFromSession->handle(Object(Illuminate\\Http\\Request), Object(Closure))
#22 C:\\laragon\\www\\lprosarc2\\vendor\\laravel\\framework\\src\\Illuminate\\Session\\Middleware\\StartSession.php(121): Illuminate\\Pipeline\\Pipeline->Illuminate\\Pipeline\\{closure}(Object(Illuminate\\Http\\Request))
#23 C:\\laragon\\www\\lprosarc2\\vendor\\laravel\\framework\\src\\Illuminate\\Session\\Middleware\\StartSession.php(64): Illuminate\\Session\\Middleware\\StartSession->handleStatefulRequest(Object(Illuminate\\Http\\Request), Object(Illuminate\\Session\\Store), Object(Closure))
#24 C:\\laragon\\www\\lprosarc2\\vendor\\laravel\\framework\\src\\Illuminate\\Pipeline\\Pipeline.php(183): Illuminate\\Session\\Middleware\\StartSession->handle(Object(Illuminate\\Http\\Request), Object(Closure))
#25 C:\\laragon\\www\\lprosarc2\\vendor\\laravel\\framework\\src\\Illuminate\\Cookie\\Middleware\\AddQueuedCookiesToResponse.php(37): Illuminate\\Pipeline\\Pipeline->Illuminate\\Pipeline\\{closure}(Object(Illuminate\\Http\\Request))
#26 C:\\laragon\\www\\lprosarc2\\vendor\\laravel\\framework\\src\\Illuminate\\Pipeline\\Pipeline.php(183): Illuminate\\Cookie\\Middleware\\AddQueuedCookiesToResponse->handle(Object(Illuminate\\Http\\Request), Object(Closure))
#27 C:\\laragon\\www\\lprosarc2\\vendor\\laravel\\framework\\src\\Illuminate\\Cookie\\Middleware\\EncryptCookies.php(75): Illuminate\\Pipeline\\Pipeline->Illuminate\\Pipeline\\{closure}(Object(Illuminate\\Http\\Request))
#28 C:\\laragon\\www\\lprosarc2\\vendor\\laravel\\framework\\src\\Illuminate\\Pipeline\\Pipeline.php(183): Illuminate\\Cookie\\Middleware\\EncryptCookies->handle(Object(Illuminate\\Http\\Request), Object(Closure))
#29 C:\\laragon\\www\\lprosarc2\\vendor\\laravel\\framework\\src\\Illuminate\\Pipeline\\Pipeline.php(119): Illuminate\\Pipeline\\Pipeline->Illuminate\\Pipeline\\{closure}(Object(Illuminate\\Http\\Request))
#30 C:\\laragon\\www\\lprosarc2\\vendor\\laravel\\framework\\src\\Illuminate\\Routing\\Router.php(807): Illuminate\\Pipeline\\Pipeline->then(Object(Closure))
#31 C:\\laragon\\www\\lprosarc2\\vendor\\laravel\\framework\\src\\Illuminate\\Routing\\Router.php(786): Illuminate\\Routing\\Router->runRouteWithinStack(Object(Illuminate\\Routing\\Route), Object(Illuminate\\Http\\Request))
#32 C:\\laragon\\www\\lprosarc2\\vendor\\laravel\\framework\\src\\Illuminate\\Routing\\Router.php(750): Illuminate\\Routing\\Router->runRoute(Object(Illuminate\\Http\\Request), Object(Illuminate\\Routing\\Route))
#33 C:\\laragon\\www\\lprosarc2\\vendor\\laravel\\framework\\src\\Illuminate\\Routing\\Router.php(739): Illuminate\\Routing\\Router->dispatchToRoute(Object(Illuminate\\Http\\Request))
#34 C:\\laragon\\www\\lprosarc2\\vendor\\laravel\\framework\\src\\Illuminate\\Foundation\\Http\\Kernel.php(201): Illuminate\\Routing\\Router->dispatch(Object(Illuminate\\Http\\Request))
#35 C:\\laragon\\www\\lprosarc2\\vendor\\laravel\\framework\\src\\Illuminate\\Pipeline\\Pipeline.php(144): Illuminate\\Foundation\\Http\\Kernel->Illuminate\\Foundation\\Http\\{closure}(Object(Illuminate\\Http\\Request))
#36 C:\\laragon\\www\\lprosarc2\\vendor\\laravel\\framework\\src\\Illuminate\\Http\\Middleware\\TrustProxies.php(57): Illuminate\\Pipeline\\Pipeline->Illuminate\\Pipeline\\{closure}(Object(Illuminate\\Http\\Request))
#37 C:\\laragon\\www\\lprosarc2\\vendor\\laravel\\framework\\src\\Illuminate\\Pipeline\\Pipeline.php(183): Illuminate\\Http\\Middleware\\TrustProxies->handle(Object(Illuminate\\Http\\Request), Object(Closure))
#38 C:\\laragon\\www\\lprosarc2\\vendor\\laravel\\framework\\src\\Illuminate\\Foundation\\Http\\Middleware\\TransformsRequest.php(21): Illuminate\\Pipeline\\Pipeline->Illuminate\\Pipeline\\{closure}(Object(Illuminate\\Http\\Request))
#39 C:\\laragon\\www\\lprosarc2\\vendor\\laravel\\framework\\src\\Illuminate\\Foundation\\Http\\Middleware\\ConvertEmptyStringsToNull.php(31): Illuminate\\Foundation\\Http\\Middleware\\TransformsRequest->handle(Object(Illuminate\\Http\\Request), Object(Closure))
#40 C:\\laragon\\www\\lprosarc2\\vendor\\laravel\\framework\\src\\Illuminate\\Pipeline\\Pipeline.php(183): Illuminate\\Foundation\\Http\\Middleware\\ConvertEmptyStringsToNull->handle(Object(Illuminate\\Http\\Request), Object(Closure))
#41 C:\\laragon\\www\\lprosarc2\\vendor\\laravel\\framework\\src\\Illuminate\\Foundation\\Http\\Middleware\\TransformsRequest.php(21): Illuminate\\Pipeline\\Pipeline->Illuminate\\Pipeline\\{closure}(Object(Illuminate\\Http\\Request))
#42 C:\\laragon\\www\\lprosarc2\\vendor\\laravel\\framework\\src\\Illuminate\\Foundation\\Http\\Middleware\\TrimStrings.php(51): Illuminate\\Foundation\\Http\\Middleware\\TransformsRequest->handle(Object(Illuminate\\Http\\Request), Object(Closure))
#43 C:\\laragon\\www\\lprosarc2\\vendor\\laravel\\framework\\src\\Illuminate\\Pipeline\\Pipeline.php(183): Illuminate\\Foundation\\Http\\Middleware\\TrimStrings->handle(Object(Illuminate\\Http\\Request), Object(Closure))
#44 C:\\laragon\\www\\lprosarc2\\vendor\\laravel\\framework\\src\\Illuminate\\Http\\Middleware\\ValidatePostSize.php(27): Illuminate\\Pipeline\\Pipeline->Illuminate\\Pipeline\\{closure}(Object(Illuminate\\Http\\Request))
#45 C:\\laragon\\www\\lprosarc2\\vendor\\laravel\\framework\\src\\Illuminate\\Pipeline\\Pipeline.php(183): Illuminate\\Http\\Middleware\\ValidatePostSize->handle(Object(Illuminate\\Http\\Request), Object(Closure))
#46 C:\\laragon\\www\\lprosarc2\\vendor\\laravel\\framework\\src\\Illuminate\\Foundation\\Http\\Middleware\\PreventRequestsDuringMaintenance.php(110): Illuminate\\Pipeline\\Pipeline->Illuminate\\Pipeline\\{closure}(Object(Illuminate\\Http\\Request))
#47 C:\\laragon\\www\\lprosarc2\\vendor\\laravel\\framework\\src\\Illuminate\\Pipeline\\Pipeline.php(183): Illuminate\\Foundation\\Http\\Middleware\\PreventRequestsDuringMaintenance->handle(Object(Illuminate\\Http\\Request), Object(Closure))
#48 C:\\laragon\\www\\lprosarc2\\vendor\\laravel\\framework\\src\\Illuminate\\Pipeline\\Pipeline.php(119): Illuminate\\Pipeline\\Pipeline->Illuminate\\Pipeline\\{closure}(Object(Illuminate\\Http\\Request))
#49 C:\\laragon\\www\\lprosarc2\\vendor\\laravel\\framework\\src\\Illuminate\\Foundation\\Http\\Kernel.php(176): Illuminate\\Pipeline\\Pipeline->then(Object(Closure))
#50 C:\\laragon\\www\\lprosarc2\\vendor\\laravel\\framework\\src\\Illuminate\\Foundation\\Http\\Kernel.php(145): Illuminate\\Foundation\\Http\\Kernel->sendRequestThroughRouter(Object(Illuminate\\Http\\Request))
#51 C:\\laragon\\www\\lprosarc2\\public\\index.php(54): Illuminate\\Foundation\\Http\\Kernel->handle(Object(Illuminate\\Http\\Request))
#52 {main}

[previous exception] [object] (ParseError(code: 0): syntax error, unexpected token \")\" at C:\\laragon\\www\\lprosarc2\\storage\\framework\\views\\fe47585c8504755ec71f3d2b1a839bc1.php:1972)
[stacktrace]
#0 C:\\laragon\\www\\lprosarc2\\vendor\\laravel\\framework\\src\\Illuminate\\Filesystem\\Filesystem.php(124): Illuminate\\Filesystem\\Filesystem::Illuminate\\Filesystem\\{closure}()
#1 C:\\laragon\\www\\lprosarc2\\vendor\\laravel\\framework\\src\\Illuminate\\View\\Engines\\PhpEngine.php(58): Illuminate\\Filesystem\\Filesystem->getRequire('C:\\\\laragon\\\\www\\\\...', Array)
#2 C:\\laragon\\www\\lprosarc2\\vendor\\laravel\\framework\\src\\Illuminate\\View\\Engines\\CompilerEngine.php(73): Illuminate\\View\\Engines\\PhpEngine->evaluatePath('C:\\\\laragon\\\\www\\\\...', Array)
#3 C:\\laragon\\www\\lprosarc2\\vendor\\laravel\\framework\\src\\Illuminate\\View\\View.php(208): Illuminate\\View\\Engines\\CompilerEngine->get('C:\\\\laragon\\\\www\\\\...', Array)
#4 C:\\laragon\\www\\lprosarc2\\vendor\\laravel\\framework\\src\\Illuminate\\View\\View.php(191): Illuminate\\View\\View->getContents()
#5 C:\\laragon\\www\\lprosarc2\\vendor\\laravel\\framework\\src\\Illuminate\\View\\View.php(160): Illuminate\\View\\View->renderContents()
#6 C:\\laragon\\www\\lprosarc2\\vendor\\laravel\\framework\\src\\Illuminate\\Http\\Response.php(70): Illuminate\\View\\View->render()
#7 C:\\laragon\\www\\lprosarc2\\vendor\\laravel\\framework\\src\\Illuminate\\Http\\Response.php(35): Illuminate\\Http\\Response->setContent(Object(Illuminate\\View\\View))
#8 C:\\laragon\\www\\lprosarc2\\vendor\\laravel\\framework\\src\\Illuminate\\Routing\\Router.php(920): Illuminate\\Http\\Response->__construct(Object(Illuminate\\View\\View), 200, Array)
#9 C:\\laragon\\www\\lprosarc2\\vendor\\laravel\\framework\\src\\Illuminate\\Routing\\Router.php(887): Illuminate\\Routing\\Router::toResponse(Object(Illuminate\\Http\\Request), Object(Illuminate\\View\\View))
#10 C:\\laragon\\www\\lprosarc2\\vendor\\laravel\\framework\\src\\Illuminate\\Routing\\Router.php(807): Illuminate\\Routing\\Router->prepareResponse(Object(Illuminate\\Http\\Request), Object(Illuminate\\View\\View))
#11 C:\\laragon\\www\\lprosarc2\\vendor\\laravel\\framework\\src\\Illuminate\\Pipeline\\Pipeline.php(144): Illuminate\\Routing\\Router->Illuminate\\Routing\\{closure}(Object(Illuminate\\Http\\Request))
#12 C:\\laragon\\www\\lprosarc2\\vendor\\laravel\\framework\\src\\Illuminate\\Auth\\Middleware\\EnsureEmailIsVerified.php(41): Illuminate\\Pipeline\\Pipeline->Illuminate\\Pipeline\\{closure}(Object(Illuminate\\Http\\Request))
#13 C:\\laragon\\www\\lprosarc2\\vendor\\laravel\\framework\\src\\Illuminate\\Pipeline\\Pipeline.php(183): Illuminate\\Auth\\Middleware\\EnsureEmailIsVerified->handle(Object(Illuminate\\Http\\Request), Object(Closure))
#14 C:\\laragon\\www\\lprosarc2\\vendor\\laravel\\framework\\src\\Illuminate\\Routing\\Middleware\\SubstituteBindings.php(51): Illuminate\\Pipeline\\Pipeline->Illuminate\\Pipeline\\{closure}(Object(Illuminate\\Http\\Request))
#15 C:\\laragon\\www\\lprosarc2\\vendor\\laravel\\framework\\src\\Illuminate\\Pipeline\\Pipeline.php(183): Illuminate\\Routing\\Middleware\\SubstituteBindings->handle(Object(Illuminate\\Http\\Request), Object(Closure))
#16 C:\\laragon\\www\\lprosarc2\\vendor\\laravel\\framework\\src\\Illuminate\\Auth\\Middleware\\Authenticate.php(64): Illuminate\\Pipeline\\Pipeline->Illuminate\\Pipeline\\{closure}(Object(Illuminate\\Http\\Request))
#17 C:\\laragon\\www\\lprosarc2\\vendor\\laravel\\framework\\src\\Illuminate\\Pipeline\\Pipeline.php(183): Illuminate\\Auth\\Middleware\\Authenticate->handle(Object(Illuminate\\Http\\Request), Object(Closure))
#18 C:\\laragon\\www\\lprosarc2\\vendor\\laravel\\framework\\src\\Illuminate\\Foundation\\Http\\Middleware\\VerifyCsrfToken.php(88): Illuminate\\Pipeline\\Pipeline->Illuminate\\Pipeline\\{closure}(Object(Illuminate\\Http\\Request))
#19 C:\\laragon\\www\\lprosarc2\\vendor\\laravel\\framework\\src\\Illuminate\\Pipeline\\Pipeline.php(183): Illuminate\\Foundation\\Http\\Middleware\\VerifyCsrfToken->handle(Object(Illuminate\\Http\\Request), Object(Closure))
#20 C:\\laragon\\www\\lprosarc2\\vendor\\laravel\\framework\\src\\Illuminate\\View\\Middleware\\ShareErrorsFromSession.php(49): Illuminate\\Pipeline\\Pipeline->Illuminate\\Pipeline\\{closure}(Object(Illuminate\\Http\\Request))
#21 C:\\laragon\\www\\lprosarc2\\vendor\\laravel\\framework\\src\\Illuminate\\Pipeline\\Pipeline.php(183): Illuminate\\View\\Middleware\\ShareErrorsFromSession->handle(Object(Illuminate\\Http\\Request), Object(Closure))
#22 C:\\laragon\\www\\lprosarc2\\vendor\\laravel\\framework\\src\\Illuminate\\Session\\Middleware\\StartSession.php(121): Illuminate\\Pipeline\\Pipeline->Illuminate\\Pipeline\\{closure}(Object(Illuminate\\Http\\Request))
#23 C:\\laragon\\www\\lprosarc2\\vendor\\laravel\\framework\\src\\Illuminate\\Session\\Middleware\\StartSession.php(64): Illuminate\\Session\\Middleware\\StartSession->handleStatefulRequest(Object(Illuminate\\Http\\Request), Object(Illuminate\\Session\\Store), Object(Closure))
#24 C:\\laragon\\www\\lprosarc2\\vendor\\laravel\\framework\\src\\Illuminate\\Pipeline\\Pipeline.php(183): Illuminate\\Session\\Middleware\\StartSession->handle(Object(Illuminate\\Http\\Request), Object(Closure))
#25 C:\\laragon\\www\\lprosarc2\\vendor\\laravel\\framework\\src\\Illuminate\\Cookie\\Middleware\\AddQueuedCookiesToResponse.php(37): Illuminate\\Pipeline\\Pipeline->Illuminate\\Pipeline\\{closure}(Object(Illuminate\\Http\\Request))
#26 C:\\laragon\\www\\lprosarc2\\vendor\\laravel\\framework\\src\\Illuminate\\Pipeline\\Pipeline.php(183): Illuminate\\Cookie\\Middleware\\AddQueuedCookiesToResponse->handle(Object(Illuminate\\Http\\Request), Object(Closure))
#27 C:\\laragon\\www\\lprosarc2\\vendor\\laravel\\framework\\src\\Illuminate\\Cookie\\Middleware\\EncryptCookies.php(75): Illuminate\\Pipeline\\Pipeline->Illuminate\\Pipeline\\{closure}(Object(Illuminate\\Http\\Request))
#28 C:\\laragon\\www\\lprosarc2\\vendor\\laravel\\framework\\src\\Illuminate\\Pipeline\\Pipeline.php(183): Illuminate\\Cookie\\Middleware\\EncryptCookies->handle(Object(Illuminate\\Http\\Request), Object(Closure))
#29 C:\\laragon\\www\\lprosarc2\\vendor\\laravel\\framework\\src\\Illuminate\\Pipeline\\Pipeline.php(119): Illuminate\\Pipeline\\Pipeline->Illuminate\\Pipeline\\{closure}(Object(Illuminate\\Http\\Request))
#30 C:\\laragon\\www\\lprosarc2\\vendor\\laravel\\framework\\src\\Illuminate\\Routing\\Router.php(807): Illuminate\\Pipeline\\Pipeline->then(Object(Closure))
#31 C:\\laragon\\www\\lprosarc2\\vendor\\laravel\\framework\\src\\Illuminate\\Routing\\Router.php(786): Illuminate\\Routing\\Router->runRouteWithinStack(Object(Illuminate\\Routing\\Route), Object(Illuminate\\Http\\Request))
#32 C:\\laragon\\www\\lprosarc2\\vendor\\laravel\\framework\\src\\Illuminate\\Routing\\Router.php(750): Illuminate\\Routing\\Router->runRoute(Object(Illuminate\\Http\\Request), Object(Illuminate\\Routing\\Route))
#33 C:\\laragon\\www\\lprosarc2\\vendor\\laravel\\framework\\src\\Illuminate\\Routing\\Router.php(739): Illuminate\\Routing\\Router->dispatchToRoute(Object(Illuminate\\Http\\Request))
#34 C:\\laragon\\www\\lprosarc2\\vendor\\laravel\\framework\\src\\Illuminate\\Foundation\\Http\\Kernel.php(201): Illuminate\\Routing\\Router->dispatch(Object(Illuminate\\Http\\Request))
#35 C:\\laragon\\www\\lprosarc2\\vendor\\laravel\\framework\\src\\Illuminate\\Pipeline\\Pipeline.php(144): Illuminate\\Foundation\\Http\\Kernel->Illuminate\\Foundation\\Http\\{closure}(Object(Illuminate\\Http\\Request))
#36 C:\\laragon\\www\\lprosarc2\\vendor\\laravel\\framework\\src\\Illuminate\\Http\\Middleware\\TrustProxies.php(57): Illuminate\\Pipeline\\Pipeline->Illuminate\\Pipeline\\{closure}(Object(Illuminate\\Http\\Request))
#37 C:\\laragon\\www\\lprosarc2\\vendor\\laravel\\framework\\src\\Illuminate\\Pipeline\\Pipeline.php(183): Illuminate\\Http\\Middleware\\TrustProxies->handle(Object(Illuminate\\Http\\Request), Object(Closure))
#38 C:\\laragon\\www\\lprosarc2\\vendor\\laravel\\framework\\src\\Illuminate\\Foundation\\Http\\Middleware\\TransformsRequest.php(21): Illuminate\\Pipeline\\Pipeline->Illuminate\\Pipeline\\{closure}(Object(Illuminate\\Http\\Request))
#39 C:\\laragon\\www\\lprosarc2\\vendor\\laravel\\framework\\src\\Illuminate\\Foundation\\Http\\Middleware\\ConvertEmptyStringsToNull.php(31): Illuminate\\Foundation\\Http\\Middleware\\TransformsRequest->handle(Object(Illuminate\\Http\\Request), Object(Closure))
#40 C:\\laragon\\www\\lprosarc2\\vendor\\laravel\\framework\\src\\Illuminate\\Pipeline\\Pipeline.php(183): Illuminate\\Foundation\\Http\\Middleware\\ConvertEmptyStringsToNull->handle(Object(Illuminate\\Http\\Request), Object(Closure))
#41 C:\\laragon\\www\\lprosarc2\\vendor\\laravel\\framework\\src\\Illuminate\\Foundation\\Http\\Middleware\\TransformsRequest.php(21): Illuminate\\Pipeline\\Pipeline->Illuminate\\Pipeline\\{closure}(Object(Illuminate\\Http\\Request))
#42 C:\\laragon\\www\\lprosarc2\\vendor\\laravel\\framework\\src\\Illuminate\\Foundation\\Http\\Middleware\\TrimStrings.php(51): Illuminate\\Foundation\\Http\\Middleware\\TransformsRequest->handle(Object(Illuminate\\Http\\Request), Object(Closure))
#43 C:\\laragon\\www\\lprosarc2\\vendor\\laravel\\framework\\src\\Illuminate\\Pipeline\\Pipeline.php(183): Illuminate\\Foundation\\Http\\Middleware\\TrimStrings->handle(Object(Illuminate\\Http\\Request), Object(Closure))
#44 C:\\laragon\\www\\lprosarc2\\vendor\\laravel\\framework\\src\\Illuminate\\Http\\Middleware\\ValidatePostSize.php(27): Illuminate\\Pipeline\\Pipeline->Illuminate\\Pipeline\\{closure}(Object(Illuminate\\Http\\Request))
#45 C:\\laragon\\www\\lprosarc2\\vendor\\laravel\\framework\\src\\Illuminate\\Pipeline\\Pipeline.php(183): Illuminate\\Http\\Middleware\\ValidatePostSize->handle(Object(Illuminate\\Http\\Request), Object(Closure))
#46 C:\\laragon\\www\\lprosarc2\\vendor\\laravel\\framework\\src\\Illuminate\\Foundation\\Http\\Middleware\\PreventRequestsDuringMaintenance.php(110): Illuminate\\Pipeline\\Pipeline->Illuminate\\Pipeline\\{closure}(Object(Illuminate\\Http\\Request))
#47 C:\\laragon\\www\\lprosarc2\\vendor\\laravel\\framework\\src\\Illuminate\\Pipeline\\Pipeline.php(183): Illuminate\\Foundation\\Http\\Middleware\\PreventRequestsDuringMaintenance->handle(Object(Illuminate\\Http\\Request), Object(Closure))
#48 C:\\laragon\\www\\lprosarc2\\vendor\\laravel\\framework\\src\\Illuminate\\Pipeline\\Pipeline.php(119): Illuminate\\Pipeline\\Pipeline->Illuminate\\Pipeline\\{closure}(Object(Illuminate\\Http\\Request))
#49 C:\\laragon\\www\\lprosarc2\\vendor\\laravel\\framework\\src\\Illuminate\\Foundation\\Http\\Kernel.php(176): Illuminate\\Pipeline\\Pipeline->then(Object(Closure))
#50 C:\\laragon\\www\\lprosarc2\\vendor\\laravel\\framework\\src\\Illuminate\\Foundation\\Http\\Kernel.php(145): Illuminate\\Foundation\\Http\\Kernel->sendRequestThroughRouter(Object(Illuminate\\Http\\Request))
#51 C:\\laragon\\www\\lprosarc2\\public\\index.php(54): Illuminate\\Foundation\\Http\\Kernel->handle(Object(Illuminate\\Http\\Request))
#52 {main}
"} 
[2025-05-22 12:38:05] local.ERROR: Control character error, possibly incorrectly encoded {"userId":1,"exception":"[object] (InvalidArgumentException(code: 0): Control character error, possibly incorrectly encoded at C:\\laragon\\www\\lprosarc2\\vendor\\laravel\\framework\\src\\Illuminate\\Http\\JsonResponse.php:90)
[stacktrace]
#0 C:\\laragon\\www\\lprosarc2\\vendor\\symfony\\http-foundation\\JsonResponse.php(49): Illuminate\\Http\\JsonResponse->setData(Object(App\\ProgramacionVehiculo))
#1 C:\\laragon\\www\\lprosarc2\\vendor\\laravel\\framework\\src\\Illuminate\\Http\\JsonResponse.php(32): Symfony\\Component\\HttpFoundation\\JsonResponse->__construct(Object(App\\ProgramacionVehiculo), 200, Array, false)
#2 C:\\laragon\\www\\lprosarc2\\vendor\\laravel\\framework\\src\\Illuminate\\Routing\\Router.php(918): Illuminate\\Http\\JsonResponse->__construct(Object(App\\ProgramacionVehiculo))
#3 C:\\laragon\\www\\lprosarc2\\vendor\\laravel\\framework\\src\\Illuminate\\Routing\\Router.php(887): Illuminate\\Routing\\Router::toResponse(Object(Illuminate\\Http\\Request), Object(App\\ProgramacionVehiculo))
#4 C:\\laragon\\www\\lprosarc2\\vendor\\laravel\\framework\\src\\Illuminate\\Routing\\Router.php(807): Illuminate\\Routing\\Router->prepareResponse(Object(Illuminate\\Http\\Request), Object(App\\ProgramacionVehiculo))
#5 C:\\laragon\\www\\lprosarc2\\vendor\\laravel\\framework\\src\\Illuminate\\Pipeline\\Pipeline.php(144): Illuminate\\Routing\\Router->Illuminate\\Routing\\{closure}(Object(Illuminate\\Http\\Request))
#6 C:\\laragon\\www\\lprosarc2\\vendor\\laravel\\framework\\src\\Illuminate\\Auth\\Middleware\\EnsureEmailIsVerified.php(41): Illuminate\\Pipeline\\Pipeline->Illuminate\\Pipeline\\{closure}(Object(Illuminate\\Http\\Request))
#7 C:\\laragon\\www\\lprosarc2\\vendor\\laravel\\framework\\src\\Illuminate\\Pipeline\\Pipeline.php(183): Illuminate\\Auth\\Middleware\\EnsureEmailIsVerified->handle(Object(Illuminate\\Http\\Request), Object(Closure))
#8 C:\\laragon\\www\\lprosarc2\\vendor\\laravel\\framework\\src\\Illuminate\\Routing\\Middleware\\SubstituteBindings.php(51): Illuminate\\Pipeline\\Pipeline->Illuminate\\Pipeline\\{closure}(Object(Illuminate\\Http\\Request))
#9 C:\\laragon\\www\\lprosarc2\\vendor\\laravel\\framework\\src\\Illuminate\\Pipeline\\Pipeline.php(183): Illuminate\\Routing\\Middleware\\SubstituteBindings->handle(Object(Illuminate\\Http\\Request), Object(Closure))
#10 C:\\laragon\\www\\lprosarc2\\vendor\\laravel\\framework\\src\\Illuminate\\Auth\\Middleware\\Authenticate.php(64): Illuminate\\Pipeline\\Pipeline->Illuminate\\Pipeline\\{closure}(Object(Illuminate\\Http\\Request))
#11 C:\\laragon\\www\\lprosarc2\\vendor\\laravel\\framework\\src\\Illuminate\\Pipeline\\Pipeline.php(183): Illuminate\\Auth\\Middleware\\Authenticate->handle(Object(Illuminate\\Http\\Request), Object(Closure))
#12 C:\\laragon\\www\\lprosarc2\\vendor\\laravel\\framework\\src\\Illuminate\\Foundation\\Http\\Middleware\\VerifyCsrfToken.php(88): Illuminate\\Pipeline\\Pipeline->Illuminate\\Pipeline\\{closure}(Object(Illuminate\\Http\\Request))
#13 C:\\laragon\\www\\lprosarc2\\vendor\\laravel\\framework\\src\\Illuminate\\Pipeline\\Pipeline.php(183): Illuminate\\Foundation\\Http\\Middleware\\VerifyCsrfToken->handle(Object(Illuminate\\Http\\Request), Object(Closure))
#14 C:\\laragon\\www\\lprosarc2\\vendor\\laravel\\framework\\src\\Illuminate\\View\\Middleware\\ShareErrorsFromSession.php(49): Illuminate\\Pipeline\\Pipeline->Illuminate\\Pipeline\\{closure}(Object(Illuminate\\Http\\Request))
#15 C:\\laragon\\www\\lprosarc2\\vendor\\laravel\\framework\\src\\Illuminate\\Pipeline\\Pipeline.php(183): Illuminate\\View\\Middleware\\ShareErrorsFromSession->handle(Object(Illuminate\\Http\\Request), Object(Closure))
#16 C:\\laragon\\www\\lprosarc2\\vendor\\laravel\\framework\\src\\Illuminate\\Session\\Middleware\\StartSession.php(121): Illuminate\\Pipeline\\Pipeline->Illuminate\\Pipeline\\{closure}(Object(Illuminate\\Http\\Request))
#17 C:\\laragon\\www\\lprosarc2\\vendor\\laravel\\framework\\src\\Illuminate\\Session\\Middleware\\StartSession.php(64): Illuminate\\Session\\Middleware\\StartSession->handleStatefulRequest(Object(Illuminate\\Http\\Request), Object(Illuminate\\Session\\Store), Object(Closure))
#18 C:\\laragon\\www\\lprosarc2\\vendor\\laravel\\framework\\src\\Illuminate\\Pipeline\\Pipeline.php(183): Illuminate\\Session\\Middleware\\StartSession->handle(Object(Illuminate\\Http\\Request), Object(Closure))
#19 C:\\laragon\\www\\lprosarc2\\vendor\\laravel\\framework\\src\\Illuminate\\Cookie\\Middleware\\AddQueuedCookiesToResponse.php(37): Illuminate\\Pipeline\\Pipeline->Illuminate\\Pipeline\\{closure}(Object(Illuminate\\Http\\Request))
#20 C:\\laragon\\www\\lprosarc2\\vendor\\laravel\\framework\\src\\Illuminate\\Pipeline\\Pipeline.php(183): Illuminate\\Cookie\\Middleware\\AddQueuedCookiesToResponse->handle(Object(Illuminate\\Http\\Request), Object(Closure))
#21 C:\\laragon\\www\\lprosarc2\\vendor\\laravel\\framework\\src\\Illuminate\\Cookie\\Middleware\\EncryptCookies.php(75): Illuminate\\Pipeline\\Pipeline->Illuminate\\Pipeline\\{closure}(Object(Illuminate\\Http\\Request))
#22 C:\\laragon\\www\\lprosarc2\\vendor\\laravel\\framework\\src\\Illuminate\\Pipeline\\Pipeline.php(183): Illuminate\\Cookie\\Middleware\\EncryptCookies->handle(Object(Illuminate\\Http\\Request), Object(Closure))
#23 C:\\laragon\\www\\lprosarc2\\vendor\\laravel\\framework\\src\\Illuminate\\Pipeline\\Pipeline.php(119): Illuminate\\Pipeline\\Pipeline->Illuminate\\Pipeline\\{closure}(Object(Illuminate\\Http\\Request))
#24 C:\\laragon\\www\\lprosarc2\\vendor\\laravel\\framework\\src\\Illuminate\\Routing\\Router.php(807): Illuminate\\Pipeline\\Pipeline->then(Object(Closure))
#25 C:\\laragon\\www\\lprosarc2\\vendor\\laravel\\framework\\src\\Illuminate\\Routing\\Router.php(786): Illuminate\\Routing\\Router->runRouteWithinStack(Object(Illuminate\\Routing\\Route), Object(Illuminate\\Http\\Request))
#26 C:\\laragon\\www\\lprosarc2\\vendor\\laravel\\framework\\src\\Illuminate\\Routing\\Router.php(750): Illuminate\\Routing\\Router->runRoute(Object(Illuminate\\Http\\Request), Object(Illuminate\\Routing\\Route))
#27 C:\\laragon\\www\\lprosarc2\\vendor\\laravel\\framework\\src\\Illuminate\\Routing\\Router.php(739): Illuminate\\Routing\\Router->dispatchToRoute(Object(Illuminate\\Http\\Request))
#28 C:\\laragon\\www\\lprosarc2\\vendor\\laravel\\framework\\src\\Illuminate\\Foundation\\Http\\Kernel.php(201): Illuminate\\Routing\\Router->dispatch(Object(Illuminate\\Http\\Request))
#29 C:\\laragon\\www\\lprosarc2\\vendor\\laravel\\framework\\src\\Illuminate\\Pipeline\\Pipeline.php(144): Illuminate\\Foundation\\Http\\Kernel->Illuminate\\Foundation\\Http\\{closure}(Object(Illuminate\\Http\\Request))
#30 C:\\laragon\\www\\lprosarc2\\vendor\\laravel\\framework\\src\\Illuminate\\Http\\Middleware\\TrustProxies.php(57): Illuminate\\Pipeline\\Pipeline->Illuminate\\Pipeline\\{closure}(Object(Illuminate\\Http\\Request))
#31 C:\\laragon\\www\\lprosarc2\\vendor\\laravel\\framework\\src\\Illuminate\\Pipeline\\Pipeline.php(183): Illuminate\\Http\\Middleware\\TrustProxies->handle(Object(Illuminate\\Http\\Request), Object(Closure))
#32 C:\\laragon\\www\\lprosarc2\\vendor\\laravel\\framework\\src\\Illuminate\\Foundation\\Http\\Middleware\\TransformsRequest.php(21): Illuminate\\Pipeline\\Pipeline->Illuminate\\Pipeline\\{closure}(Object(Illuminate\\Http\\Request))
#33 C:\\laragon\\www\\lprosarc2\\vendor\\laravel\\framework\\src\\Illuminate\\Foundation\\Http\\Middleware\\ConvertEmptyStringsToNull.php(31): Illuminate\\Foundation\\Http\\Middleware\\TransformsRequest->handle(Object(Illuminate\\Http\\Request), Object(Closure))
#34 C:\\laragon\\www\\lprosarc2\\vendor\\laravel\\framework\\src\\Illuminate\\Pipeline\\Pipeline.php(183): Illuminate\\Foundation\\Http\\Middleware\\ConvertEmptyStringsToNull->handle(Object(Illuminate\\Http\\Request), Object(Closure))
#35 C:\\laragon\\www\\lprosarc2\\vendor\\laravel\\framework\\src\\Illuminate\\Foundation\\Http\\Middleware\\TransformsRequest.php(21): Illuminate\\Pipeline\\Pipeline->Illuminate\\Pipeline\\{closure}(Object(Illuminate\\Http\\Request))
#36 C:\\laragon\\www\\lprosarc2\\vendor\\laravel\\framework\\src\\Illuminate\\Foundation\\Http\\Middleware\\TrimStrings.php(51): Illuminate\\Foundation\\Http\\Middleware\\TransformsRequest->handle(Object(Illuminate\\Http\\Request), Object(Closure))
#37 C:\\laragon\\www\\lprosarc2\\vendor\\laravel\\framework\\src\\Illuminate\\Pipeline\\Pipeline.php(183): Illuminate\\Foundation\\Http\\Middleware\\TrimStrings->handle(Object(Illuminate\\Http\\Request), Object(Closure))
#38 C:\\laragon\\www\\lprosarc2\\vendor\\laravel\\framework\\src\\Illuminate\\Http\\Middleware\\ValidatePostSize.php(27): Illuminate\\Pipeline\\Pipeline->Illuminate\\Pipeline\\{closure}(Object(Illuminate\\Http\\Request))
#39 C:\\laragon\\www\\lprosarc2\\vendor\\laravel\\framework\\src\\Illuminate\\Pipeline\\Pipeline.php(183): Illuminate\\Http\\Middleware\\ValidatePostSize->handle(Object(Illuminate\\Http\\Request), Object(Closure))
#40 C:\\laragon\\www\\lprosarc2\\vendor\\laravel\\framework\\src\\Illuminate\\Foundation\\Http\\Middleware\\PreventRequestsDuringMaintenance.php(110): Illuminate\\Pipeline\\Pipeline->Illuminate\\Pipeline\\{closure}(Object(Illuminate\\Http\\Request))
#41 C:\\laragon\\www\\lprosarc2\\vendor\\laravel\\framework\\src\\Illuminate\\Pipeline\\Pipeline.php(183): Illuminate\\Foundation\\Http\\Middleware\\PreventRequestsDuringMaintenance->handle(Object(Illuminate\\Http\\Request), Object(Closure))
#42 C:\\laragon\\www\\lprosarc2\\vendor\\laravel\\framework\\src\\Illuminate\\Pipeline\\Pipeline.php(119): Illuminate\\Pipeline\\Pipeline->Illuminate\\Pipeline\\{closure}(Object(Illuminate\\Http\\Request))
#43 C:\\laragon\\www\\lprosarc2\\vendor\\laravel\\framework\\src\\Illuminate\\Foundation\\Http\\Kernel.php(176): Illuminate\\Pipeline\\Pipeline->then(Object(Closure))
#44 C:\\laragon\\www\\lprosarc2\\vendor\\laravel\\framework\\src\\Illuminate\\Foundation\\Http\\Kernel.php(145): Illuminate\\Foundation\\Http\\Kernel->sendRequestThroughRouter(Object(Illuminate\\Http\\Request))
#45 C:\\laragon\\www\\lprosarc2\\public\\index.php(54): Illuminate\\Foundation\\Http\\Kernel->handle(Object(Illuminate\\Http\\Request))
#46 {main}
"} 
[2025-05-22 13:52:50] local.ERROR: Control character error, possibly incorrectly encoded {"userId":1,"exception":"[object] (InvalidArgumentException(code: 0): Control character error, possibly incorrectly encoded at C:\\laragon\\www\\lprosarc2\\vendor\\laravel\\framework\\src\\Illuminate\\Http\\JsonResponse.php:90)
[stacktrace]
#0 C:\\laragon\\www\\lprosarc2\\vendor\\symfony\\http-foundation\\JsonResponse.php(49): Illuminate\\Http\\JsonResponse->setData(Object(App\\ProgramacionVehiculo))
#1 C:\\laragon\\www\\lprosarc2\\vendor\\laravel\\framework\\src\\Illuminate\\Http\\JsonResponse.php(32): Symfony\\Component\\HttpFoundation\\JsonResponse->__construct(Object(App\\ProgramacionVehiculo), 200, Array, false)
#2 C:\\laragon\\www\\lprosarc2\\vendor\\laravel\\framework\\src\\Illuminate\\Routing\\Router.php(918): Illuminate\\Http\\JsonResponse->__construct(Object(App\\ProgramacionVehiculo))
#3 C:\\laragon\\www\\lprosarc2\\vendor\\laravel\\framework\\src\\Illuminate\\Routing\\Router.php(887): Illuminate\\Routing\\Router::toResponse(Object(Illuminate\\Http\\Request), Object(App\\ProgramacionVehiculo))
#4 C:\\laragon\\www\\lprosarc2\\vendor\\laravel\\framework\\src\\Illuminate\\Routing\\Router.php(807): Illuminate\\Routing\\Router->prepareResponse(Object(Illuminate\\Http\\Request), Object(App\\ProgramacionVehiculo))
#5 C:\\laragon\\www\\lprosarc2\\vendor\\laravel\\framework\\src\\Illuminate\\Pipeline\\Pipeline.php(144): Illuminate\\Routing\\Router->Illuminate\\Routing\\{closure}(Object(Illuminate\\Http\\Request))
#6 C:\\laragon\\www\\lprosarc2\\vendor\\laravel\\framework\\src\\Illuminate\\Auth\\Middleware\\EnsureEmailIsVerified.php(41): Illuminate\\Pipeline\\Pipeline->Illuminate\\Pipeline\\{closure}(Object(Illuminate\\Http\\Request))
#7 C:\\laragon\\www\\lprosarc2\\vendor\\laravel\\framework\\src\\Illuminate\\Pipeline\\Pipeline.php(183): Illuminate\\Auth\\Middleware\\EnsureEmailIsVerified->handle(Object(Illuminate\\Http\\Request), Object(Closure))
#8 C:\\laragon\\www\\lprosarc2\\vendor\\laravel\\framework\\src\\Illuminate\\Routing\\Middleware\\SubstituteBindings.php(51): Illuminate\\Pipeline\\Pipeline->Illuminate\\Pipeline\\{closure}(Object(Illuminate\\Http\\Request))
#9 C:\\laragon\\www\\lprosarc2\\vendor\\laravel\\framework\\src\\Illuminate\\Pipeline\\Pipeline.php(183): Illuminate\\Routing\\Middleware\\SubstituteBindings->handle(Object(Illuminate\\Http\\Request), Object(Closure))
#10 C:\\laragon\\www\\lprosarc2\\vendor\\laravel\\framework\\src\\Illuminate\\Auth\\Middleware\\Authenticate.php(64): Illuminate\\Pipeline\\Pipeline->Illuminate\\Pipeline\\{closure}(Object(Illuminate\\Http\\Request))
#11 C:\\laragon\\www\\lprosarc2\\vendor\\laravel\\framework\\src\\Illuminate\\Pipeline\\Pipeline.php(183): Illuminate\\Auth\\Middleware\\Authenticate->handle(Object(Illuminate\\Http\\Request), Object(Closure))
#12 C:\\laragon\\www\\lprosarc2\\vendor\\laravel\\framework\\src\\Illuminate\\Foundation\\Http\\Middleware\\VerifyCsrfToken.php(88): Illuminate\\Pipeline\\Pipeline->Illuminate\\Pipeline\\{closure}(Object(Illuminate\\Http\\Request))
#13 C:\\laragon\\www\\lprosarc2\\vendor\\laravel\\framework\\src\\Illuminate\\Pipeline\\Pipeline.php(183): Illuminate\\Foundation\\Http\\Middleware\\VerifyCsrfToken->handle(Object(Illuminate\\Http\\Request), Object(Closure))
#14 C:\\laragon\\www\\lprosarc2\\vendor\\laravel\\framework\\src\\Illuminate\\View\\Middleware\\ShareErrorsFromSession.php(49): Illuminate\\Pipeline\\Pipeline->Illuminate\\Pipeline\\{closure}(Object(Illuminate\\Http\\Request))
#15 C:\\laragon\\www\\lprosarc2\\vendor\\laravel\\framework\\src\\Illuminate\\Pipeline\\Pipeline.php(183): Illuminate\\View\\Middleware\\ShareErrorsFromSession->handle(Object(Illuminate\\Http\\Request), Object(Closure))
#16 C:\\laragon\\www\\lprosarc2\\vendor\\laravel\\framework\\src\\Illuminate\\Session\\Middleware\\StartSession.php(121): Illuminate\\Pipeline\\Pipeline->Illuminate\\Pipeline\\{closure}(Object(Illuminate\\Http\\Request))
#17 C:\\laragon\\www\\lprosarc2\\vendor\\laravel\\framework\\src\\Illuminate\\Session\\Middleware\\StartSession.php(64): Illuminate\\Session\\Middleware\\StartSession->handleStatefulRequest(Object(Illuminate\\Http\\Request), Object(Illuminate\\Session\\Store), Object(Closure))
#18 C:\\laragon\\www\\lprosarc2\\vendor\\laravel\\framework\\src\\Illuminate\\Pipeline\\Pipeline.php(183): Illuminate\\Session\\Middleware\\StartSession->handle(Object(Illuminate\\Http\\Request), Object(Closure))
#19 C:\\laragon\\www\\lprosarc2\\vendor\\laravel\\framework\\src\\Illuminate\\Cookie\\Middleware\\AddQueuedCookiesToResponse.php(37): Illuminate\\Pipeline\\Pipeline->Illuminate\\Pipeline\\{closure}(Object(Illuminate\\Http\\Request))
#20 C:\\laragon\\www\\lprosarc2\\vendor\\laravel\\framework\\src\\Illuminate\\Pipeline\\Pipeline.php(183): Illuminate\\Cookie\\Middleware\\AddQueuedCookiesToResponse->handle(Object(Illuminate\\Http\\Request), Object(Closure))
#21 C:\\laragon\\www\\lprosarc2\\vendor\\laravel\\framework\\src\\Illuminate\\Cookie\\Middleware\\EncryptCookies.php(75): Illuminate\\Pipeline\\Pipeline->Illuminate\\Pipeline\\{closure}(Object(Illuminate\\Http\\Request))
#22 C:\\laragon\\www\\lprosarc2\\vendor\\laravel\\framework\\src\\Illuminate\\Pipeline\\Pipeline.php(183): Illuminate\\Cookie\\Middleware\\EncryptCookies->handle(Object(Illuminate\\Http\\Request), Object(Closure))
#23 C:\\laragon\\www\\lprosarc2\\vendor\\laravel\\framework\\src\\Illuminate\\Pipeline\\Pipeline.php(119): Illuminate\\Pipeline\\Pipeline->Illuminate\\Pipeline\\{closure}(Object(Illuminate\\Http\\Request))
#24 C:\\laragon\\www\\lprosarc2\\vendor\\laravel\\framework\\src\\Illuminate\\Routing\\Router.php(807): Illuminate\\Pipeline\\Pipeline->then(Object(Closure))
#25 C:\\laragon\\www\\lprosarc2\\vendor\\laravel\\framework\\src\\Illuminate\\Routing\\Router.php(786): Illuminate\\Routing\\Router->runRouteWithinStack(Object(Illuminate\\Routing\\Route), Object(Illuminate\\Http\\Request))
#26 C:\\laragon\\www\\lprosarc2\\vendor\\laravel\\framework\\src\\Illuminate\\Routing\\Router.php(750): Illuminate\\Routing\\Router->runRoute(Object(Illuminate\\Http\\Request), Object(Illuminate\\Routing\\Route))
#27 C:\\laragon\\www\\lprosarc2\\vendor\\laravel\\framework\\src\\Illuminate\\Routing\\Router.php(739): Illuminate\\Routing\\Router->dispatchToRoute(Object(Illuminate\\Http\\Request))
#28 C:\\laragon\\www\\lprosarc2\\vendor\\laravel\\framework\\src\\Illuminate\\Foundation\\Http\\Kernel.php(201): Illuminate\\Routing\\Router->dispatch(Object(Illuminate\\Http\\Request))
#29 C:\\laragon\\www\\lprosarc2\\vendor\\laravel\\framework\\src\\Illuminate\\Pipeline\\Pipeline.php(144): Illuminate\\Foundation\\Http\\Kernel->Illuminate\\Foundation\\Http\\{closure}(Object(Illuminate\\Http\\Request))
#30 C:\\laragon\\www\\lprosarc2\\vendor\\laravel\\framework\\src\\Illuminate\\Http\\Middleware\\TrustProxies.php(57): Illuminate\\Pipeline\\Pipeline->Illuminate\\Pipeline\\{closure}(Object(Illuminate\\Http\\Request))
#31 C:\\laragon\\www\\lprosarc2\\vendor\\laravel\\framework\\src\\Illuminate\\Pipeline\\Pipeline.php(183): Illuminate\\Http\\Middleware\\TrustProxies->handle(Object(Illuminate\\Http\\Request), Object(Closure))
#32 C:\\laragon\\www\\lprosarc2\\vendor\\laravel\\framework\\src\\Illuminate\\Foundation\\Http\\Middleware\\TransformsRequest.php(21): Illuminate\\Pipeline\\Pipeline->Illuminate\\Pipeline\\{closure}(Object(Illuminate\\Http\\Request))
#33 C:\\laragon\\www\\lprosarc2\\vendor\\laravel\\framework\\src\\Illuminate\\Foundation\\Http\\Middleware\\ConvertEmptyStringsToNull.php(31): Illuminate\\Foundation\\Http\\Middleware\\TransformsRequest->handle(Object(Illuminate\\Http\\Request), Object(Closure))
#34 C:\\laragon\\www\\lprosarc2\\vendor\\laravel\\framework\\src\\Illuminate\\Pipeline\\Pipeline.php(183): Illuminate\\Foundation\\Http\\Middleware\\ConvertEmptyStringsToNull->handle(Object(Illuminate\\Http\\Request), Object(Closure))
#35 C:\\laragon\\www\\lprosarc2\\vendor\\laravel\\framework\\src\\Illuminate\\Foundation\\Http\\Middleware\\TransformsRequest.php(21): Illuminate\\Pipeline\\Pipeline->Illuminate\\Pipeline\\{closure}(Object(Illuminate\\Http\\Request))
#36 C:\\laragon\\www\\lprosarc2\\vendor\\laravel\\framework\\src\\Illuminate\\Foundation\\Http\\Middleware\\TrimStrings.php(51): Illuminate\\Foundation\\Http\\Middleware\\TransformsRequest->handle(Object(Illuminate\\Http\\Request), Object(Closure))
#37 C:\\laragon\\www\\lprosarc2\\vendor\\laravel\\framework\\src\\Illuminate\\Pipeline\\Pipeline.php(183): Illuminate\\Foundation\\Http\\Middleware\\TrimStrings->handle(Object(Illuminate\\Http\\Request), Object(Closure))
#38 C:\\laragon\\www\\lprosarc2\\vendor\\laravel\\framework\\src\\Illuminate\\Http\\Middleware\\ValidatePostSize.php(27): Illuminate\\Pipeline\\Pipeline->Illuminate\\Pipeline\\{closure}(Object(Illuminate\\Http\\Request))
#39 C:\\laragon\\www\\lprosarc2\\vendor\\laravel\\framework\\src\\Illuminate\\Pipeline\\Pipeline.php(183): Illuminate\\Http\\Middleware\\ValidatePostSize->handle(Object(Illuminate\\Http\\Request), Object(Closure))
#40 C:\\laragon\\www\\lprosarc2\\vendor\\laravel\\framework\\src\\Illuminate\\Foundation\\Http\\Middleware\\PreventRequestsDuringMaintenance.php(110): Illuminate\\Pipeline\\Pipeline->Illuminate\\Pipeline\\{closure}(Object(Illuminate\\Http\\Request))
#41 C:\\laragon\\www\\lprosarc2\\vendor\\laravel\\framework\\src\\Illuminate\\Pipeline\\Pipeline.php(183): Illuminate\\Foundation\\Http\\Middleware\\PreventRequestsDuringMaintenance->handle(Object(Illuminate\\Http\\Request), Object(Closure))
#42 C:\\laragon\\www\\lprosarc2\\vendor\\laravel\\framework\\src\\Illuminate\\Pipeline\\Pipeline.php(119): Illuminate\\Pipeline\\Pipeline->Illuminate\\Pipeline\\{closure}(Object(Illuminate\\Http\\Request))
#43 C:\\laragon\\www\\lprosarc2\\vendor\\laravel\\framework\\src\\Illuminate\\Foundation\\Http\\Kernel.php(176): Illuminate\\Pipeline\\Pipeline->then(Object(Closure))
#44 C:\\laragon\\www\\lprosarc2\\vendor\\laravel\\framework\\src\\Illuminate\\Foundation\\Http\\Kernel.php(145): Illuminate\\Foundation\\Http\\Kernel->sendRequestThroughRouter(Object(Illuminate\\Http\\Request))
#45 C:\\laragon\\www\\lprosarc2\\public\\index.php(54): Illuminate\\Foundation\\Http\\Kernel->handle(Object(Illuminate\\Http\\Request))
#46 {main}
"} 
[2025-05-22 13:53:04] local.ERROR: Control character error, possibly incorrectly encoded {"userId":1,"exception":"[object] (InvalidArgumentException(code: 0): Control character error, possibly incorrectly encoded at C:\\laragon\\www\\lprosarc2\\vendor\\laravel\\framework\\src\\Illuminate\\Http\\JsonResponse.php:90)
[stacktrace]
#0 C:\\laragon\\www\\lprosarc2\\vendor\\symfony\\http-foundation\\JsonResponse.php(49): Illuminate\\Http\\JsonResponse->setData(Object(App\\ProgramacionVehiculo))
#1 C:\\laragon\\www\\lprosarc2\\vendor\\laravel\\framework\\src\\Illuminate\\Http\\JsonResponse.php(32): Symfony\\Component\\HttpFoundation\\JsonResponse->__construct(Object(App\\ProgramacionVehiculo), 200, Array, false)
#2 C:\\laragon\\www\\lprosarc2\\vendor\\laravel\\framework\\src\\Illuminate\\Routing\\Router.php(918): Illuminate\\Http\\JsonResponse->__construct(Object(App\\ProgramacionVehiculo))
#3 C:\\laragon\\www\\lprosarc2\\vendor\\laravel\\framework\\src\\Illuminate\\Routing\\Router.php(887): Illuminate\\Routing\\Router::toResponse(Object(Illuminate\\Http\\Request), Object(App\\ProgramacionVehiculo))
#4 C:\\laragon\\www\\lprosarc2\\vendor\\laravel\\framework\\src\\Illuminate\\Routing\\Router.php(807): Illuminate\\Routing\\Router->prepareResponse(Object(Illuminate\\Http\\Request), Object(App\\ProgramacionVehiculo))
#5 C:\\laragon\\www\\lprosarc2\\vendor\\laravel\\framework\\src\\Illuminate\\Pipeline\\Pipeline.php(144): Illuminate\\Routing\\Router->Illuminate\\Routing\\{closure}(Object(Illuminate\\Http\\Request))
#6 C:\\laragon\\www\\lprosarc2\\vendor\\laravel\\framework\\src\\Illuminate\\Auth\\Middleware\\EnsureEmailIsVerified.php(41): Illuminate\\Pipeline\\Pipeline->Illuminate\\Pipeline\\{closure}(Object(Illuminate\\Http\\Request))
#7 C:\\laragon\\www\\lprosarc2\\vendor\\laravel\\framework\\src\\Illuminate\\Pipeline\\Pipeline.php(183): Illuminate\\Auth\\Middleware\\EnsureEmailIsVerified->handle(Object(Illuminate\\Http\\Request), Object(Closure))
#8 C:\\laragon\\www\\lprosarc2\\vendor\\laravel\\framework\\src\\Illuminate\\Routing\\Middleware\\SubstituteBindings.php(51): Illuminate\\Pipeline\\Pipeline->Illuminate\\Pipeline\\{closure}(Object(Illuminate\\Http\\Request))
#9 C:\\laragon\\www\\lprosarc2\\vendor\\laravel\\framework\\src\\Illuminate\\Pipeline\\Pipeline.php(183): Illuminate\\Routing\\Middleware\\SubstituteBindings->handle(Object(Illuminate\\Http\\Request), Object(Closure))
#10 C:\\laragon\\www\\lprosarc2\\vendor\\laravel\\framework\\src\\Illuminate\\Auth\\Middleware\\Authenticate.php(64): Illuminate\\Pipeline\\Pipeline->Illuminate\\Pipeline\\{closure}(Object(Illuminate\\Http\\Request))
#11 C:\\laragon\\www\\lprosarc2\\vendor\\laravel\\framework\\src\\Illuminate\\Pipeline\\Pipeline.php(183): Illuminate\\Auth\\Middleware\\Authenticate->handle(Object(Illuminate\\Http\\Request), Object(Closure))
#12 C:\\laragon\\www\\lprosarc2\\vendor\\laravel\\framework\\src\\Illuminate\\Foundation\\Http\\Middleware\\VerifyCsrfToken.php(88): Illuminate\\Pipeline\\Pipeline->Illuminate\\Pipeline\\{closure}(Object(Illuminate\\Http\\Request))
#13 C:\\laragon\\www\\lprosarc2\\vendor\\laravel\\framework\\src\\Illuminate\\Pipeline\\Pipeline.php(183): Illuminate\\Foundation\\Http\\Middleware\\VerifyCsrfToken->handle(Object(Illuminate\\Http\\Request), Object(Closure))
#14 C:\\laragon\\www\\lprosarc2\\vendor\\laravel\\framework\\src\\Illuminate\\View\\Middleware\\ShareErrorsFromSession.php(49): Illuminate\\Pipeline\\Pipeline->Illuminate\\Pipeline\\{closure}(Object(Illuminate\\Http\\Request))
#15 C:\\laragon\\www\\lprosarc2\\vendor\\laravel\\framework\\src\\Illuminate\\Pipeline\\Pipeline.php(183): Illuminate\\View\\Middleware\\ShareErrorsFromSession->handle(Object(Illuminate\\Http\\Request), Object(Closure))
#16 C:\\laragon\\www\\lprosarc2\\vendor\\laravel\\framework\\src\\Illuminate\\Session\\Middleware\\StartSession.php(121): Illuminate\\Pipeline\\Pipeline->Illuminate\\Pipeline\\{closure}(Object(Illuminate\\Http\\Request))
#17 C:\\laragon\\www\\lprosarc2\\vendor\\laravel\\framework\\src\\Illuminate\\Session\\Middleware\\StartSession.php(64): Illuminate\\Session\\Middleware\\StartSession->handleStatefulRequest(Object(Illuminate\\Http\\Request), Object(Illuminate\\Session\\Store), Object(Closure))
#18 C:\\laragon\\www\\lprosarc2\\vendor\\laravel\\framework\\src\\Illuminate\\Pipeline\\Pipeline.php(183): Illuminate\\Session\\Middleware\\StartSession->handle(Object(Illuminate\\Http\\Request), Object(Closure))
#19 C:\\laragon\\www\\lprosarc2\\vendor\\laravel\\framework\\src\\Illuminate\\Cookie\\Middleware\\AddQueuedCookiesToResponse.php(37): Illuminate\\Pipeline\\Pipeline->Illuminate\\Pipeline\\{closure}(Object(Illuminate\\Http\\Request))
#20 C:\\laragon\\www\\lprosarc2\\vendor\\laravel\\framework\\src\\Illuminate\\Pipeline\\Pipeline.php(183): Illuminate\\Cookie\\Middleware\\AddQueuedCookiesToResponse->handle(Object(Illuminate\\Http\\Request), Object(Closure))
#21 C:\\laragon\\www\\lprosarc2\\vendor\\laravel\\framework\\src\\Illuminate\\Cookie\\Middleware\\EncryptCookies.php(75): Illuminate\\Pipeline\\Pipeline->Illuminate\\Pipeline\\{closure}(Object(Illuminate\\Http\\Request))
#22 C:\\laragon\\www\\lprosarc2\\vendor\\laravel\\framework\\src\\Illuminate\\Pipeline\\Pipeline.php(183): Illuminate\\Cookie\\Middleware\\EncryptCookies->handle(Object(Illuminate\\Http\\Request), Object(Closure))
#23 C:\\laragon\\www\\lprosarc2\\vendor\\laravel\\framework\\src\\Illuminate\\Pipeline\\Pipeline.php(119): Illuminate\\Pipeline\\Pipeline->Illuminate\\Pipeline\\{closure}(Object(Illuminate\\Http\\Request))
#24 C:\\laragon\\www\\lprosarc2\\vendor\\laravel\\framework\\src\\Illuminate\\Routing\\Router.php(807): Illuminate\\Pipeline\\Pipeline->then(Object(Closure))
#25 C:\\laragon\\www\\lprosarc2\\vendor\\laravel\\framework\\src\\Illuminate\\Routing\\Router.php(786): Illuminate\\Routing\\Router->runRouteWithinStack(Object(Illuminate\\Routing\\Route), Object(Illuminate\\Http\\Request))
#26 C:\\laragon\\www\\lprosarc2\\vendor\\laravel\\framework\\src\\Illuminate\\Routing\\Router.php(750): Illuminate\\Routing\\Router->runRoute(Object(Illuminate\\Http\\Request), Object(Illuminate\\Routing\\Route))
#27 C:\\laragon\\www\\lprosarc2\\vendor\\laravel\\framework\\src\\Illuminate\\Routing\\Router.php(739): Illuminate\\Routing\\Router->dispatchToRoute(Object(Illuminate\\Http\\Request))
#28 C:\\laragon\\www\\lprosarc2\\vendor\\laravel\\framework\\src\\Illuminate\\Foundation\\Http\\Kernel.php(201): Illuminate\\Routing\\Router->dispatch(Object(Illuminate\\Http\\Request))
#29 C:\\laragon\\www\\lprosarc2\\vendor\\laravel\\framework\\src\\Illuminate\\Pipeline\\Pipeline.php(144): Illuminate\\Foundation\\Http\\Kernel->Illuminate\\Foundation\\Http\\{closure}(Object(Illuminate\\Http\\Request))
#30 C:\\laragon\\www\\lprosarc2\\vendor\\laravel\\framework\\src\\Illuminate\\Http\\Middleware\\TrustProxies.php(57): Illuminate\\Pipeline\\Pipeline->Illuminate\\Pipeline\\{closure}(Object(Illuminate\\Http\\Request))
#31 C:\\laragon\\www\\lprosarc2\\vendor\\laravel\\framework\\src\\Illuminate\\Pipeline\\Pipeline.php(183): Illuminate\\Http\\Middleware\\TrustProxies->handle(Object(Illuminate\\Http\\Request), Object(Closure))
#32 C:\\laragon\\www\\lprosarc2\\vendor\\laravel\\framework\\src\\Illuminate\\Foundation\\Http\\Middleware\\TransformsRequest.php(21): Illuminate\\Pipeline\\Pipeline->Illuminate\\Pipeline\\{closure}(Object(Illuminate\\Http\\Request))
#33 C:\\laragon\\www\\lprosarc2\\vendor\\laravel\\framework\\src\\Illuminate\\Foundation\\Http\\Middleware\\ConvertEmptyStringsToNull.php(31): Illuminate\\Foundation\\Http\\Middleware\\TransformsRequest->handle(Object(Illuminate\\Http\\Request), Object(Closure))
#34 C:\\laragon\\www\\lprosarc2\\vendor\\laravel\\framework\\src\\Illuminate\\Pipeline\\Pipeline.php(183): Illuminate\\Foundation\\Http\\Middleware\\ConvertEmptyStringsToNull->handle(Object(Illuminate\\Http\\Request), Object(Closure))
#35 C:\\laragon\\www\\lprosarc2\\vendor\\laravel\\framework\\src\\Illuminate\\Foundation\\Http\\Middleware\\TransformsRequest.php(21): Illuminate\\Pipeline\\Pipeline->Illuminate\\Pipeline\\{closure}(Object(Illuminate\\Http\\Request))
#36 C:\\laragon\\www\\lprosarc2\\vendor\\laravel\\framework\\src\\Illuminate\\Foundation\\Http\\Middleware\\TrimStrings.php(51): Illuminate\\Foundation\\Http\\Middleware\\TransformsRequest->handle(Object(Illuminate\\Http\\Request), Object(Closure))
#37 C:\\laragon\\www\\lprosarc2\\vendor\\laravel\\framework\\src\\Illuminate\\Pipeline\\Pipeline.php(183): Illuminate\\Foundation\\Http\\Middleware\\TrimStrings->handle(Object(Illuminate\\Http\\Request), Object(Closure))
#38 C:\\laragon\\www\\lprosarc2\\vendor\\laravel\\framework\\src\\Illuminate\\Http\\Middleware\\ValidatePostSize.php(27): Illuminate\\Pipeline\\Pipeline->Illuminate\\Pipeline\\{closure}(Object(Illuminate\\Http\\Request))
#39 C:\\laragon\\www\\lprosarc2\\vendor\\laravel\\framework\\src\\Illuminate\\Pipeline\\Pipeline.php(183): Illuminate\\Http\\Middleware\\ValidatePostSize->handle(Object(Illuminate\\Http\\Request), Object(Closure))
#40 C:\\laragon\\www\\lprosarc2\\vendor\\laravel\\framework\\src\\Illuminate\\Foundation\\Http\\Middleware\\PreventRequestsDuringMaintenance.php(110): Illuminate\\Pipeline\\Pipeline->Illuminate\\Pipeline\\{closure}(Object(Illuminate\\Http\\Request))
#41 C:\\laragon\\www\\lprosarc2\\vendor\\laravel\\framework\\src\\Illuminate\\Pipeline\\Pipeline.php(183): Illuminate\\Foundation\\Http\\Middleware\\PreventRequestsDuringMaintenance->handle(Object(Illuminate\\Http\\Request), Object(Closure))
#42 C:\\laragon\\www\\lprosarc2\\vendor\\laravel\\framework\\src\\Illuminate\\Pipeline\\Pipeline.php(119): Illuminate\\Pipeline\\Pipeline->Illuminate\\Pipeline\\{closure}(Object(Illuminate\\Http\\Request))
#43 C:\\laragon\\www\\lprosarc2\\vendor\\laravel\\framework\\src\\Illuminate\\Foundation\\Http\\Kernel.php(176): Illuminate\\Pipeline\\Pipeline->then(Object(Closure))
#44 C:\\laragon\\www\\lprosarc2\\vendor\\laravel\\framework\\src\\Illuminate\\Foundation\\Http\\Kernel.php(145): Illuminate\\Foundation\\Http\\Kernel->sendRequestThroughRouter(Object(Illuminate\\Http\\Request))
#45 C:\\laragon\\www\\lprosarc2\\public\\index.php(54): Illuminate\\Foundation\\Http\\Kernel->handle(Object(Illuminate\\Http\\Request))
#46 {main}
"} 
[2025-05-22 13:56:09] local.ERROR: Control character error, possibly incorrectly encoded {"userId":1,"exception":"[object] (InvalidArgumentException(code: 0): Control character error, possibly incorrectly encoded at C:\\laragon\\www\\lprosarc2\\vendor\\laravel\\framework\\src\\Illuminate\\Http\\JsonResponse.php:90)
[stacktrace]
#0 C:\\laragon\\www\\lprosarc2\\vendor\\symfony\\http-foundation\\JsonResponse.php(49): Illuminate\\Http\\JsonResponse->setData(Object(App\\ProgramacionVehiculo))
#1 C:\\laragon\\www\\lprosarc2\\vendor\\laravel\\framework\\src\\Illuminate\\Http\\JsonResponse.php(32): Symfony\\Component\\HttpFoundation\\JsonResponse->__construct(Object(App\\ProgramacionVehiculo), 200, Array, false)
#2 C:\\laragon\\www\\lprosarc2\\vendor\\laravel\\framework\\src\\Illuminate\\Routing\\Router.php(918): Illuminate\\Http\\JsonResponse->__construct(Object(App\\ProgramacionVehiculo))
#3 C:\\laragon\\www\\lprosarc2\\vendor\\laravel\\framework\\src\\Illuminate\\Routing\\Router.php(887): Illuminate\\Routing\\Router::toResponse(Object(Illuminate\\Http\\Request), Object(App\\ProgramacionVehiculo))
#4 C:\\laragon\\www\\lprosarc2\\vendor\\laravel\\framework\\src\\Illuminate\\Routing\\Router.php(807): Illuminate\\Routing\\Router->prepareResponse(Object(Illuminate\\Http\\Request), Object(App\\ProgramacionVehiculo))
#5 C:\\laragon\\www\\lprosarc2\\vendor\\laravel\\framework\\src\\Illuminate\\Pipeline\\Pipeline.php(144): Illuminate\\Routing\\Router->Illuminate\\Routing\\{closure}(Object(Illuminate\\Http\\Request))
#6 C:\\laragon\\www\\lprosarc2\\vendor\\laravel\\framework\\src\\Illuminate\\Auth\\Middleware\\EnsureEmailIsVerified.php(41): Illuminate\\Pipeline\\Pipeline->Illuminate\\Pipeline\\{closure}(Object(Illuminate\\Http\\Request))
#7 C:\\laragon\\www\\lprosarc2\\vendor\\laravel\\framework\\src\\Illuminate\\Pipeline\\Pipeline.php(183): Illuminate\\Auth\\Middleware\\EnsureEmailIsVerified->handle(Object(Illuminate\\Http\\Request), Object(Closure))
#8 C:\\laragon\\www\\lprosarc2\\vendor\\laravel\\framework\\src\\Illuminate\\Routing\\Middleware\\SubstituteBindings.php(51): Illuminate\\Pipeline\\Pipeline->Illuminate\\Pipeline\\{closure}(Object(Illuminate\\Http\\Request))
#9 C:\\laragon\\www\\lprosarc2\\vendor\\laravel\\framework\\src\\Illuminate\\Pipeline\\Pipeline.php(183): Illuminate\\Routing\\Middleware\\SubstituteBindings->handle(Object(Illuminate\\Http\\Request), Object(Closure))
#10 C:\\laragon\\www\\lprosarc2\\vendor\\laravel\\framework\\src\\Illuminate\\Auth\\Middleware\\Authenticate.php(64): Illuminate\\Pipeline\\Pipeline->Illuminate\\Pipeline\\{closure}(Object(Illuminate\\Http\\Request))
#11 C:\\laragon\\www\\lprosarc2\\vendor\\laravel\\framework\\src\\Illuminate\\Pipeline\\Pipeline.php(183): Illuminate\\Auth\\Middleware\\Authenticate->handle(Object(Illuminate\\Http\\Request), Object(Closure))
#12 C:\\laragon\\www\\lprosarc2\\vendor\\laravel\\framework\\src\\Illuminate\\Foundation\\Http\\Middleware\\VerifyCsrfToken.php(88): Illuminate\\Pipeline\\Pipeline->Illuminate\\Pipeline\\{closure}(Object(Illuminate\\Http\\Request))
#13 C:\\laragon\\www\\lprosarc2\\vendor\\laravel\\framework\\src\\Illuminate\\Pipeline\\Pipeline.php(183): Illuminate\\Foundation\\Http\\Middleware\\VerifyCsrfToken->handle(Object(Illuminate\\Http\\Request), Object(Closure))
#14 C:\\laragon\\www\\lprosarc2\\vendor\\laravel\\framework\\src\\Illuminate\\View\\Middleware\\ShareErrorsFromSession.php(49): Illuminate\\Pipeline\\Pipeline->Illuminate\\Pipeline\\{closure}(Object(Illuminate\\Http\\Request))
#15 C:\\laragon\\www\\lprosarc2\\vendor\\laravel\\framework\\src\\Illuminate\\Pipeline\\Pipeline.php(183): Illuminate\\View\\Middleware\\ShareErrorsFromSession->handle(Object(Illuminate\\Http\\Request), Object(Closure))
#16 C:\\laragon\\www\\lprosarc2\\vendor\\laravel\\framework\\src\\Illuminate\\Session\\Middleware\\StartSession.php(121): Illuminate\\Pipeline\\Pipeline->Illuminate\\Pipeline\\{closure}(Object(Illuminate\\Http\\Request))
#17 C:\\laragon\\www\\lprosarc2\\vendor\\laravel\\framework\\src\\Illuminate\\Session\\Middleware\\StartSession.php(64): Illuminate\\Session\\Middleware\\StartSession->handleStatefulRequest(Object(Illuminate\\Http\\Request), Object(Illuminate\\Session\\Store), Object(Closure))
#18 C:\\laragon\\www\\lprosarc2\\vendor\\laravel\\framework\\src\\Illuminate\\Pipeline\\Pipeline.php(183): Illuminate\\Session\\Middleware\\StartSession->handle(Object(Illuminate\\Http\\Request), Object(Closure))
#19 C:\\laragon\\www\\lprosarc2\\vendor\\laravel\\framework\\src\\Illuminate\\Cookie\\Middleware\\AddQueuedCookiesToResponse.php(37): Illuminate\\Pipeline\\Pipeline->Illuminate\\Pipeline\\{closure}(Object(Illuminate\\Http\\Request))
#20 C:\\laragon\\www\\lprosarc2\\vendor\\laravel\\framework\\src\\Illuminate\\Pipeline\\Pipeline.php(183): Illuminate\\Cookie\\Middleware\\AddQueuedCookiesToResponse->handle(Object(Illuminate\\Http\\Request), Object(Closure))
#21 C:\\laragon\\www\\lprosarc2\\vendor\\laravel\\framework\\src\\Illuminate\\Cookie\\Middleware\\EncryptCookies.php(75): Illuminate\\Pipeline\\Pipeline->Illuminate\\Pipeline\\{closure}(Object(Illuminate\\Http\\Request))
#22 C:\\laragon\\www\\lprosarc2\\vendor\\laravel\\framework\\src\\Illuminate\\Pipeline\\Pipeline.php(183): Illuminate\\Cookie\\Middleware\\EncryptCookies->handle(Object(Illuminate\\Http\\Request), Object(Closure))
#23 C:\\laragon\\www\\lprosarc2\\vendor\\laravel\\framework\\src\\Illuminate\\Pipeline\\Pipeline.php(119): Illuminate\\Pipeline\\Pipeline->Illuminate\\Pipeline\\{closure}(Object(Illuminate\\Http\\Request))
#24 C:\\laragon\\www\\lprosarc2\\vendor\\laravel\\framework\\src\\Illuminate\\Routing\\Router.php(807): Illuminate\\Pipeline\\Pipeline->then(Object(Closure))
#25 C:\\laragon\\www\\lprosarc2\\vendor\\laravel\\framework\\src\\Illuminate\\Routing\\Router.php(786): Illuminate\\Routing\\Router->runRouteWithinStack(Object(Illuminate\\Routing\\Route), Object(Illuminate\\Http\\Request))
#26 C:\\laragon\\www\\lprosarc2\\vendor\\laravel\\framework\\src\\Illuminate\\Routing\\Router.php(750): Illuminate\\Routing\\Router->runRoute(Object(Illuminate\\Http\\Request), Object(Illuminate\\Routing\\Route))
#27 C:\\laragon\\www\\lprosarc2\\vendor\\laravel\\framework\\src\\Illuminate\\Routing\\Router.php(739): Illuminate\\Routing\\Router->dispatchToRoute(Object(Illuminate\\Http\\Request))
#28 C:\\laragon\\www\\lprosarc2\\vendor\\laravel\\framework\\src\\Illuminate\\Foundation\\Http\\Kernel.php(201): Illuminate\\Routing\\Router->dispatch(Object(Illuminate\\Http\\Request))
#29 C:\\laragon\\www\\lprosarc2\\vendor\\laravel\\framework\\src\\Illuminate\\Pipeline\\Pipeline.php(144): Illuminate\\Foundation\\Http\\Kernel->Illuminate\\Foundation\\Http\\{closure}(Object(Illuminate\\Http\\Request))
#30 C:\\laragon\\www\\lprosarc2\\vendor\\laravel\\framework\\src\\Illuminate\\Http\\Middleware\\TrustProxies.php(57): Illuminate\\Pipeline\\Pipeline->Illuminate\\Pipeline\\{closure}(Object(Illuminate\\Http\\Request))
#31 C:\\laragon\\www\\lprosarc2\\vendor\\laravel\\framework\\src\\Illuminate\\Pipeline\\Pipeline.php(183): Illuminate\\Http\\Middleware\\TrustProxies->handle(Object(Illuminate\\Http\\Request), Object(Closure))
#32 C:\\laragon\\www\\lprosarc2\\vendor\\laravel\\framework\\src\\Illuminate\\Foundation\\Http\\Middleware\\TransformsRequest.php(21): Illuminate\\Pipeline\\Pipeline->Illuminate\\Pipeline\\{closure}(Object(Illuminate\\Http\\Request))
#33 C:\\laragon\\www\\lprosarc2\\vendor\\laravel\\framework\\src\\Illuminate\\Foundation\\Http\\Middleware\\ConvertEmptyStringsToNull.php(31): Illuminate\\Foundation\\Http\\Middleware\\TransformsRequest->handle(Object(Illuminate\\Http\\Request), Object(Closure))
#34 C:\\laragon\\www\\lprosarc2\\vendor\\laravel\\framework\\src\\Illuminate\\Pipeline\\Pipeline.php(183): Illuminate\\Foundation\\Http\\Middleware\\ConvertEmptyStringsToNull->handle(Object(Illuminate\\Http\\Request), Object(Closure))
#35 C:\\laragon\\www\\lprosarc2\\vendor\\laravel\\framework\\src\\Illuminate\\Foundation\\Http\\Middleware\\TransformsRequest.php(21): Illuminate\\Pipeline\\Pipeline->Illuminate\\Pipeline\\{closure}(Object(Illuminate\\Http\\Request))
#36 C:\\laragon\\www\\lprosarc2\\vendor\\laravel\\framework\\src\\Illuminate\\Foundation\\Http\\Middleware\\TrimStrings.php(51): Illuminate\\Foundation\\Http\\Middleware\\TransformsRequest->handle(Object(Illuminate\\Http\\Request), Object(Closure))
#37 C:\\laragon\\www\\lprosarc2\\vendor\\laravel\\framework\\src\\Illuminate\\Pipeline\\Pipeline.php(183): Illuminate\\Foundation\\Http\\Middleware\\TrimStrings->handle(Object(Illuminate\\Http\\Request), Object(Closure))
#38 C:\\laragon\\www\\lprosarc2\\vendor\\laravel\\framework\\src\\Illuminate\\Http\\Middleware\\ValidatePostSize.php(27): Illuminate\\Pipeline\\Pipeline->Illuminate\\Pipeline\\{closure}(Object(Illuminate\\Http\\Request))
#39 C:\\laragon\\www\\lprosarc2\\vendor\\laravel\\framework\\src\\Illuminate\\Pipeline\\Pipeline.php(183): Illuminate\\Http\\Middleware\\ValidatePostSize->handle(Object(Illuminate\\Http\\Request), Object(Closure))
#40 C:\\laragon\\www\\lprosarc2\\vendor\\laravel\\framework\\src\\Illuminate\\Foundation\\Http\\Middleware\\PreventRequestsDuringMaintenance.php(110): Illuminate\\Pipeline\\Pipeline->Illuminate\\Pipeline\\{closure}(Object(Illuminate\\Http\\Request))
#41 C:\\laragon\\www\\lprosarc2\\vendor\\laravel\\framework\\src\\Illuminate\\Pipeline\\Pipeline.php(183): Illuminate\\Foundation\\Http\\Middleware\\PreventRequestsDuringMaintenance->handle(Object(Illuminate\\Http\\Request), Object(Closure))
#42 C:\\laragon\\www\\lprosarc2\\vendor\\laravel\\framework\\src\\Illuminate\\Pipeline\\Pipeline.php(119): Illuminate\\Pipeline\\Pipeline->Illuminate\\Pipeline\\{closure}(Object(Illuminate\\Http\\Request))
#43 C:\\laragon\\www\\lprosarc2\\vendor\\laravel\\framework\\src\\Illuminate\\Foundation\\Http\\Kernel.php(176): Illuminate\\Pipeline\\Pipeline->then(Object(Closure))
#44 C:\\laragon\\www\\lprosarc2\\vendor\\laravel\\framework\\src\\Illuminate\\Foundation\\Http\\Kernel.php(145): Illuminate\\Foundation\\Http\\Kernel->sendRequestThroughRouter(Object(Illuminate\\Http\\Request))
#45 C:\\laragon\\www\\lprosarc2\\public\\index.php(54): Illuminate\\Foundation\\Http\\Kernel->handle(Object(Illuminate\\Http\\Request))
#46 {main}
"} 
